backbone_km,n_repeaters,hops,utility,status
0.5,0,1,5.458633815380801,optimal
1.0,0,1,5.425414534431927,optimal
1.5,0,1,5.392195253483053,optimal
2.0,0,1,5.35897597253418,optimal
2.5,0,1,5.3257566915853065,optimal
3.0,0,1,5.292537410636433,optimal
3.5,0,1,5.259318129687559,optimal
4.0,0,1,5.226098848738686,optimal
4.5,0,1,5.192879567789812,optimal
5.0,0,1,5.159660286840938,optimal
5.5,0,1,5.126441005892064,optimal
6.0,0,1,5.0932217249431915,optimal
6.5,0,1,5.060002443994318,optimal
7.0,0,1,5.026783163045444,optimal
7.5,0,1,4.99356388209657,optimal
8.0,0,1,4.960344601147696,optimal
8.5,0,1,4.927125320198823,optimal
9.0,0,1,4.893906039249949,optimal
9.5,0,1,4.8606867583010755,optimal
10.0,0,1,4.827467477352202,optimal
10.5,0,1,4.794248196403328,optimal
11.0,0,1,4.761028915454455,optimal
11.5,0,1,4.727809634505581,optimal
12.0,0,1,4.694590353556708,optimal
12.5,0,1,4.6613710726078335,optimal
13.0,0,1,4.6281517916589605,optimal
13.5,0,1,4.594932510710087,optimal
14.0,0,1,4.561713229761213,optimal
14.5,0,1,4.528493948812339,optimal
15.0,0,1,4.495274667863466,optimal
15.5,0,1,4.462055386914592,optimal
16.0,0,1,4.428836105965718,optimal
16.5,0,1,4.395616825016845,optimal
17.0,0,1,4.362397544067972,optimal
17.5,0,1,4.329178263119098,optimal
18.0,0,1,4.295958982170224,optimal
18.5,0,1,4.26273970122135,optimal
19.0,0,1,4.229520420272477,optimal
19.5,0,1,4.196301139323603,optimal
20.0,0,1,4.1630818583747295,optimal
20.5,0,1,4.129862577425856,optimal
21.0,0,1,4.096643296476982,optimal
21.5,0,1,4.063424015528109,optimal
22.0,0,1,4.030204734579235,optimal
22.5,0,1,3.9969854536303613,optimal
23.0,0,1,3.9637661726814883,optimal
23.5,0,1,3.930546891732614,optimal
24.0,0,1,3.897327610783741,optimal
24.5,0,1,3.8641083298348673,optimal
25.0,0,1,3.830889048885993,optimal
25.5,0,1,3.797669767937119,optimal
26.0,0,1,3.7644504869882462,optimal
26.5,0,1,3.731231206039372,optimal
27.0,0,1,3.698011925090499,optimal
27.5,0,1,3.664792644141625,optimal
28.0,0,1,3.631573363192751,optimal
28.5,0,1,3.5983540822438784,optimal
29.0,0,1,3.565134801295004,optimal
29.5,0,1,3.531915520346131,optimal
30.0,0,1,3.498696239397257,optimal
30.5,0,1,3.465476958448383,optimal
31.0,0,1,3.4322576774995093,optimal
31.5,0,1,3.399038396550636,optimal
32.0,0,1,3.365819115601762,optimal
32.5,0,1,3.3325998346528896,optimal
33.0,0,1,3.2993805537040153,optimal
33.5,0,1,3.266161272755141,optimal
34.0,0,1,3.2329419918062685,optimal
34.5,0,1,3.1997227108573947,optimal
35.0,0,1,3.1665034299085213,optimal
35.5,0,1,3.133284148959647,optimal
36.0,0,1,3.100064868010774,optimal
36.5,0,1,3.066845587061899,optimal
37.0,0,1,3.0336263061130255,optimal
37.5,0,1,3.000407025164153,optimal
38.0,0,1,2.9671877442152796,optimal
38.5,1,2,2.9386909367007457,optimal
39.0,1,2,2.920571328910451,optimal
39.5,1,2,2.9024517211201566,optimal
40.0,1,2,2.8843321133298616,optimal
40.5,1,2,2.8662125055395675,optimal
41.0,1,2,2.848092897749272,optimal
41.5,1,2,2.829973289958977,optimal
42.0,1,2,2.811853682168682,optimal
42.5,1,2,2.793734074378388,optimal
43.0,1,2,2.775614466588093,optimal
43.5,1,2,2.7574948587977985,optimal
44.0,1,2,2.739375251007504,optimal
44.5,1,2,2.721255643217209,optimal
45.0,1,2,2.7031360354269145,optimal
45.5,1,2,2.6850164276366195,optimal
46.0,1,2,2.6668968198463254,optimal
46.5,1,2,2.64877721205603,optimal
47.0,1,2,2.6306576042657355,optimal
47.5,1,2,2.6125379964754405,optimal
48.0,1,2,2.594418388685146,optimal
48.5,1,2,2.5762987808948514,optimal
49.0,1,2,2.5581791731045573,optimal
49.5,1,2,2.540059565314262,optimal
50.0,1,2,2.5219399575239665,optimal
50.5,1,2,2.503820349733673,optimal
51.0,1,2,2.485700741943378,optimal
51.5,1,2,2.4675811341530838,optimal
52.0,1,2,2.449461526362789,optimal
52.5,1,2,2.431341918572494,optimal
53.0,1,2,2.4132223107821984,optimal
53.5,1,2,2.3951027029919048,optimal
54.0,1,2,2.3769830952016098,optimal
54.5,1,2,2.3588634874113152,optimal
55.0,1,2,2.3407438796210203,optimal
55.5,1,2,2.3226242718307253,optimal
56.0,1,2,2.3045046640404308,optimal
56.5,1,2,2.286385056250136,optimal
57.0,1,2,2.2682654484598417,optimal
57.5,1,2,2.250145840669547,optimal
58.0,1,2,2.2320262328792517,optimal
58.5,1,2,2.213906625088957,optimal
59.0,1,2,2.1957870172986627,optimal
59.5,1,2,2.177667409508368,optimal
60.0,1,2,2.1595478017180736,optimal
60.5,1,2,2.1414281939277786,optimal
61.0,1,2,2.1233085861374836,optimal
61.5,1,2,2.1051889783471887,optimal
62.0,1,2,2.087069370556894,optimal
62.5,1,2,2.0689497627666,optimal
63.0,1,2,2.050830154976305,optimal
63.5,1,2,2.0327105471860105,optimal
64.0,1,2,2.014590939395715,optimal
64.5,1,2,1.9964713316054212,optimal
65.0,1,2,1.9783517238151265,optimal
65.5,1,2,1.9602321160248315,optimal
66.0,1,2,1.942112508234537,optimal
66.5,1,2,1.9239929004442424,optimal
67.0,1,2,1.9058732926539474,optimal
67.5,1,2,1.8877536848636527,optimal
68.0,1,2,1.8696340770733582,optimal
68.5,1,2,1.8515144692830634,optimal
69.0,1,2,1.8333948614927689,optimal
69.5,1,2,1.8152752537024737,optimal
70.0,1,2,1.7971556459121791,optimal
70.5,1,2,1.7790360381218846,optimal
71.0,1,2,1.7609164303315896,optimal
71.5,1,2,1.7427968225412953,optimal
72.0,1,2,1.7246772147510003,optimal
72.5,1,2,1.7065576069607056,optimal
73.0,1,2,1.6884379991704104,optimal
73.5,1,2,1.6703183913801167,optimal
74.0,1,2,1.6521987835898215,optimal
74.5,1,2,1.634079175799527,optimal
75.0,1,2,1.6159595680092316,optimal
75.5,1,2,1.597839960218938,optimal
76.0,1,2,1.579720352428643,optimal
76.5,1,2,1.561600744638348,optimal
77.0,1,2,1.5434811368480532,optimal
77.5,1,2,1.5253615290577587,optimal
78.0,1,2,1.507241921267464,optimal
78.5,1,2,1.4891223134771685,optimal
79.0,1,2,1.4710027056868753,optimal
79.5,1,2,1.4528830978965794,optimal
80.0,1,2,1.4347634901062856,optimal
80.5,1,2,1.4166438823159901,optimal
81.0,1,2,1.3985242745256963,optimal
81.5,1,2,1.3804046667354015,optimal
82.0,1,2,1.3622850589451065,optimal
82.5,1,2,1.3441654511548118,optimal
83.0,1,2,1.326045843364517,optimal
83.5,1,2,1.3079262355742225,optimal
84.0,1,2,1.2898066277839269,optimal
84.5,1,2,1.2716870199936334,optimal
85.0,1,2,1.253567412203338,optimal
85.5,1,2,1.2354478044130437,optimal
86.0,1,2,1.2173281966227485,optimal
86.5,1,2,1.1992085888324544,optimal
87.0,1,2,1.1810889810421599,optimal
87.5,1,2,1.1629693732518651,optimal
88.0,1,2,1.1448497654615692,optimal
88.5,1,2,1.126730157671275,optimal
89.0,1,2,1.10861054988098,optimal
89.5,1,2,1.0904909420906852,optimal
90.0,1,2,1.072371334300391,optimal
90.5,1,2,1.0542517265100966,optimal
91.0,1,2,1.0361321187198012,optimal
91.5,1,2,1.0180125109295064,optimal
92.0,1,2,0.9998929031392131,optimal
92.5,1,2,0.9817732953489178,optimal
93.0,1,2,0.9636536875586227,optimal
93.5,1,2,0.945534079768328,optimal
94.0,1,2,0.9274144719780328,optimal
94.5,1,2,0.909294864187738,optimal
95.0,1,2,0.8911752563974434,optimal
95.5,1,2,0.8730556486071498,optimal
96.0,1,2,0.8549360408168547,optimal
96.5,2,3,0.8376446382883047,optimal
97.0,2,3,0.8255648997614418,optimal
97.5,2,3,0.8134851612345789,optimal
98.0,2,3,0.801405422707716,optimal
98.5,2,3,0.7893256841808524,optimal
99.0,2,3,0.7772459456539894,optimal
99.5,2,3,0.7651662071271262,optimal
100.0,2,3,0.7530864686002628,optimal
100.5,2,3,0.7410067300733998,optimal
101.0,2,3,0.7289269915465363,optimal
101.5,2,3,0.7168472530196738,optimal
102.0,2,3,0.7047675144928102,optimal
102.5,2,3,0.6926877759659471,optimal
103.0,2,3,0.680608037439084,optimal
103.5,2,3,0.668528298912221,optimal
104.0,2,3,0.6564485603853576,optimal
104.5,2,3,0.6443688218584948,optimal
105.0,2,3,0.6322890833316315,optimal
105.5,2,3,0.6202093448047681,optimal
106.0,2,3,0.608129606277905,optimal
106.5,2,3,0.5960498677510421,optimal
107.0,2,3,0.5839701292241795,optimal
107.5,2,3,0.5718903906973156,optimal
108.0,2,3,0.5598106521704527,optimal
108.5,2,3,0.5477309136435898,optimal
109.0,2,3,0.5356511751167268,optimal
109.5,2,3,0.5235714365898629,optimal
110.0,2,3,0.5114916980630002,optimal
110.5,2,3,0.499411959536137,optimal
111.0,2,3,0.4873322210092739,optimal
111.5,2,3,0.47525248248241087,optimal
112.0,2,3,0.4631727439555475,optimal
112.5,2,3,0.4510930054286848,optimal
113.0,2,3,0.4390132669018212,optimal
113.5,2,3,0.4269335283749579,optimal
114.0,2,3,0.4148537898480953,optimal
114.5,2,3,0.4027740513212324,optimal
115.0,2,3,0.3906943127943683,optimal
115.5,2,3,0.3786145742675055,optimal
116.0,2,3,0.366534835740643,optimal
116.5,2,3,0.35445509721377927,optimal
117.0,2,3,0.3423753586869161,optimal
117.5,2,3,0.3302956201600532,optimal
118.0,2,3,0.31821588163319015,optimal
118.5,2,3,0.30613614310632675,optimal
119.0,2,3,0.29405640457946364,optimal
119.5,2,3,0.2819766660526004,optimal
120.0,2,3,0.2698969275257378,optimal
120.5,2,3,0.2578171889988747,optimal
121.0,2,3,0.24573745047201098,optimal
121.5,2,3,0.23365771194514873,optimal
122.0,2,3,0.22157797341828486,optimal
122.5,2,3,0.2094982348914218,optimal
123.0,2,3,0.19741849636455883,optimal
123.5,2,3,0.18533875783769535,optimal
124.0,2,3,0.17325901931083226,optimal
124.5,2,3,0.16117928078396931,optimal
125.0,2,3,0.14909954225710595,optimal
125.5,2,3,0.1370198037302431,optimal
126.0,2,3,0.12494006520338004,optimal
126.5,2,3,0.11286032667651624,optimal
127.0,2,3,0.1007805881496537,optimal
127.5,2,3,0.08870084962279022,optimal
128.0,2,3,0.07662111109592727,optimal
128.5,2,3,0.06454137256906434,optimal
129.0,2,3,0.052461634042201236,optimal
129.5,2,3,0.040381895515337565,optimal
130.0,2,3,0.02830215698847442,optimal
130.5,2,3,0.016222418461612178,optimal
131.0,2,3,0.004142679934748563,optimal
131.5,2,3,-0.007937058592114589,optimal
132.0,2,3,-0.02001679711897834,optimal
132.5,2,3,-0.03209653564584071,optimal
133.0,2,3,-0.044176274172704436,optimal
133.5,2,3,-0.05625601269956763,optimal
134.0,2,3,-0.06833575122643054,optimal
134.5,2,3,-0.08041548975329318,optimal
135.0,2,3,-0.09249522828015713,optimal
135.5,2,3,-0.10457496680702008,optimal
136.0,2,3,-0.11665470533388249,optimal
136.5,2,3,-0.12873444386074606,optimal
137.0,2,3,-0.1408141823876094,optimal
137.5,2,3,-0.15289392091447215,optimal
138.0,2,3,-0.16497365944133535,optimal
138.5,2,3,-0.1770533979681985,optimal
139.0,2,3,-0.1891331364950619,optimal
139.5,2,3,-0.201212875021925,optimal
140.0,2,3,-0.21329261354878726,optimal
140.5,2,3,-0.22537235207565157,optimal
141.0,2,3,-0.23745209060251474,optimal
141.5,2,3,-0.24953182912937702,optimal
142.0,2,3,-0.26161156765624016,optimal
142.5,2,3,-0.2736913061831043,optimal
143.0,2,3,-0.2857710447099667,optimal
143.5,2,3,-0.2978507832368299,optimal
144.0,2,3,-0.3099305217636931,optimal
144.5,2,3,-0.32201026029055635,optimal
145.0,2,3,-0.3340899988174196,optimal
145.5,2,3,-0.3461697373442821,optimal
146.0,2,3,-0.35824947587114603,optimal
146.5,2,3,-0.3703292143980093,optimal
147.0,2,3,-0.3824089529248716,optimal
147.5,2,3,-0.39448869145173476,optimal
148.0,2,3,-0.406568429978599,optimal
148.5,2,3,-0.4186481685054613,optimal
149.0,2,3,-0.4307279070323239,optimal
149.5,2,3,-0.44280764555918795,optimal
150.0,2,3,-0.4548873840860509,optimal
150.5,2,3,-0.4669671226129135,optimal
151.0,2,3,-0.4790468611397765,optimal
151.5,2,3,-0.49112659966664063,optimal
152.0,2,3,-0.5032063381935031,optimal
152.5,2,3,-0.5152860767203663,optimal
153.0,2,3,-0.5273658152472298,optimal
153.5,2,3,-0.5394455537740929,optimal
154.0,2,3,-0.5515252923009559,optimal
154.5,2,3,-0.5636050308278184,optimal
155.0,2,3,-0.5756847693546825,optimal
155.5,2,3,-0.5877645078815453,optimal
156.0,2,3,-0.5998442464084082,optimal
156.5,2,3,-0.6119239849352716,optimal
157.0,2,3,-0.6240037234621353,optimal
157.5,2,3,-0.6360834619889979,optimal
158.0,2,3,-0.6481632005158607,optimal
158.5,2,3,-0.6602429390427242,optimal
159.0,2,3,-0.6723226775695873,optimal
159.5,2,3,-0.6844024160964506,optimal
160.0,2,3,-0.696482154623313,optimal
160.5,2,3,-0.7085618931501768,optimal
161.0,2,3,-0.7206416316770403,optimal
161.5,2,3,-0.7327213702039026,optimal
162.0,2,3,-0.744801108730766,optimal
162.5,2,3,-0.7568808472576298,optimal
163.0,2,3,-0.7689605857844922,optimal
163.5,2,3,-0.7810403243113548,optimal
164.0,2,3,-0.7931200628382188,optimal
164.5,2,3,-0.8051998013650818,optimal
165.0,2,3,-0.8172795398919445,optimal
165.5,2,3,-0.8293592784188079,optimal
166.0,2,3,-0.8414390169456716,optimal
166.5,2,3,-0.8535187554725341,optimal
167.0,2,3,-0.8655984939993973,optimal
167.5,2,3,-0.8776782325262604,optimal
168.0,2,3,-0.8897579710531237,optimal
168.5,2,3,-0.9018377095799869,optimal
169.0,2,3,-0.9139174481068496,optimal
169.5,2,3,-0.9259971866337133,optimal
170.0,2,3,-0.9380769251605767,optimal
170.5,2,3,-0.9501566636874389,optimal
171.0,2,3,-0.9622364022143025,optimal
171.5,2,3,-0.9743161407411663,optimal
172.0,2,3,-0.9863958792680289,optimal
172.5,2,3,-0.9984756177948918,optimal
173.0,2,3,-1.010555356321755,optimal
173.5,2,3,-1.0226350948486185,optimal
174.0,2,3,-1.0347148333754816,optimal
174.5,2,3,-1.0467945719023442,optimal
175.0,2,3,-1.058874310429207,optimal
175.5,2,3,-1.0709540489560712,optimal
176.0,2,3,-1.0830337874829337,optimal
176.5,2,3,-1.095113526009797,optimal
177.0,2,3,-1.1071932645366602,optimal
177.5,2,3,-1.1192730030635234,optimal
178.0,2,3,-1.1313527415903866,optimal
178.5,2,3,-1.1434324801172497,optimal
179.0,2,3,-1.1555122186441131,optimal
179.5,2,3,-1.1675919571709754,optimal
180.0,2,3,-1.1796716956978386,optimal
180.5,2,3,-1.1917514342247026,optimal
181.0,2,3,-1.2038311727515651,optimal
181.5,2,3,-1.2159109112784285,optimal
182.0,2,3,-1.2279906498052915,optimal
182.5,2,3,-1.2400703883321549,optimal
183.0,2,3,-1.2521501268590178,optimal
183.5,2,3,-1.264229865385881,optimal
184.0,2,3,-1.2763096039127444,optimal
184.5,2,3,-1.2883893424396078,optimal
185.0,2,3,-1.3004690809664692,optimal
185.5,2,3,-1.3125488194933332,optimal
186.0,2,3,-1.3246285580201973,optimal
186.5,2,3,-1.336708296547059,optimal
187.0,2,3,-1.3487880350739232,optimal
187.5,2,3,-1.360867773600786,optimal
188.0,2,3,-1.3729475121276484,optimal
188.5,2,3,-1.3850272506545125,optimal
189.0,2,3,-1.3971069891813757,optimal
189.5,2,3,-1.4091867277082382,optimal
190.0,2,3,-1.421266466235102,optimal
190.5,2,3,-1.433346204761964,optimal
191.0,2,3,-1.445425943288828,optimal
191.5,2,3,-1.457505681815692,optimal
192.0,2,3,-1.4695854203425536,optimal
192.5,2,3,-1.4816651588694165,optimal
193.0,2,3,-1.4937448973962808,optimal
193.5,2,3,-1.5058246359231433,optimal
194.0,2,3,-1.5179043744500063,optimal
194.5,3,4,-1.5282098017879702,optimal
195.0,3,4,-1.5372696056831179,optimal
195.5,3,4,-1.5463294095782647,optimal
196.0,3,4,-1.555389213473412,optimal
196.5,3,4,-1.5644490173685592,optimal
197.0,3,4,-1.5735088212637074,optimal
197.5,3,4,-1.5825686251588544,optimal
198.0,3,4,-1.591628429054002,optimal
198.5,3,4,-1.6006882329491487,optimal
199.0,3,4,-1.6097480368442965,optimal
199.5,3,4,-1.6188078407394442,optimal
200.0,3,4,-1.6278676446345914,optimal
200.5,3,4,-1.636927448529739,optimal
201.0,3,4,-1.645987252424886,optimal
201.5,3,4,-1.6550470563200332,optimal
202.0,3,4,-1.6641068602151812,optimal
202.5,3,4,-1.6731666641103284,optimal
203.0,3,4,-1.6822264680054748,optimal
203.5,3,4,-1.6912862719006225,optimal
204.0,3,4,-1.70034607579577,optimal
204.5,3,4,-1.709405879690917,optimal
