generation_rate_hz,t2_s,swap_success,link_fidelity,status,utility,n_repeaters,served_pairs,total_pairs,all_pairs_served,min_w_pmin,n_model_vars,solve_seconds,repeaters,mean_hops,mean_fidelity
14142.13562373095,0.01,0.725,0.92,optimal,53.375766143976875,53,11,18,0,0.030017743045081,457,0.06759230000170646,CAL-EDM:1;CAL-EDM:2;CAL-EDM:3;CAL-SAS:1;CAL-SAS:2;CAL-SAS:3;CAL-SAS:4;CAL-SAS:5;CAL-SAS:6;CAL-SAS:7;EDM-SAS:1;EDM-SAS:2;EDM-SAS:3;EDM-SAS:4;EDM-SAS:5;EDM-SAS:6;KAM-CAL:1;KAM-CAL:2;KAM-CAL:3;KAM-CAL:4;KAM-CAL:5;KAM-CAL:6;KAM-CAL:7;KAM-KEL:1;KAM-KEL:2;KEL-CAL:1;KEL-CAL:2;KEL-CAL:3;KEL-CAL:4;KEL-CAL:5;KEL-CAL:6;KEL-CAL:7;OTT-MON:1;OTT-MON:2;TOR-MON:1;TOR-MON:2;TOR-MON:3;TOR-MON:4;TOR-MON:5;TOR-MON:6;TOR-OTT:1;TOR-OTT:2;TOR-OTT:3;TOR-OTT:4;TOR-OTT:5;VAN-KAM:1;VAN-KAM:2;VAN-KAM:3;VAN-KAM:4;VAN-KEL:1;VAN-KEL:2;VAN-KEL:3;VAN-KEL:4,5.818181818181818,0.6477565337106411
14142.13562373095,0.01,0.725,0.922,optimal,54.40628504111365,53,11,18,0,0.03319923187926317,465,0.07169739999517333,CAL-EDM:1;CAL-EDM:2;CAL-EDM:3;CAL-SAS:1;CAL-SAS:2;CAL-SAS:3;CAL-SAS:4;CAL-SAS:5;CAL-SAS:6;CAL-SAS:7;EDM-SAS:1;EDM-SAS:2;EDM-SAS:3;EDM-SAS:4;EDM-SAS:5;EDM-SAS:6;KAM-CAL:1;KAM-CAL:2;KAM-CAL:3;KAM-CAL:4;KAM-CAL:5;KAM-CAL:6;KAM-CAL:7;KAM-KEL:1;KAM-KEL:2;KEL-CAL:1;KEL-CAL:2;KEL-CAL:3;KEL-CAL:4;KEL-CAL:5;KEL-CAL:6;KEL-CAL:7;OTT-MON:1;OTT-MON:2;TOR-MON:1;TOR-MON:2;TOR-MON:3;TOR-MON:4;TOR-MON:5;TOR-MON:6;TOR-OTT:1;TOR-OTT:2;TOR-OTT:3;TOR-OTT:4;TOR-OTT:5;VAN-KAM:1;VAN-KAM:2;VAN-KAM:3;VAN-KAM:4;VAN-KEL:1;VAN-KEL:2;VAN-KEL:3;VAN-KEL:4,5.818181818181818,0.6542482190108667
14142.13562373095,0.01,0.725,0.924,optimal,55.366426611757696,53,11,18,0,0.03319923187926317,465,0.05067589999816846,CAL-EDM:1;CAL-EDM:2;CAL-EDM:3;CAL-SAS:1;CAL-SAS:2;CAL-SAS:3;CAL-SAS:4;CAL-SAS:5;CAL-SAS:6;CAL-SAS:7;EDM-SAS:1;EDM-SAS:2;EDM-SAS:3;EDM-SAS:4;EDM-SAS:5;EDM-SAS:6;KAM-CAL:1;KAM-CAL:2;KAM-CAL:3;KAM-CAL:4;KAM-CAL:5;KAM-CAL:6;KAM-CAL:7;KAM-KEL:1;KAM-KEL:2;KEL-CAL:1;KEL-CAL:2;KEL-CAL:3;KEL-CAL:4;KEL-CAL:5;KEL-CAL:6;KEL-CAL:7;OTT-MON:1;OTT-MON:2;TOR-MON:1;TOR-MON:2;TOR-MON:3;TOR-MON:4;TOR-MON:5;TOR-MON:6;TOR-OTT:1;TOR-OTT:2;TOR-OTT:3;TOR-OTT:4;TOR-OTT:5;VAN-KAM:1;VAN-KAM:2;VAN-KAM:3;VAN-KAM:4;VAN-KEL:1;VAN-KEL:2;VAN-KEL:3;VAN-KEL:4,5.818181818181818,0.6608387810498458
14142.13562373095,0.01,0.725,0.926,optimal,56.26787100473907,53,11,18,0,0.030017743045081,465,0.03511190000426723,CAL-EDM:1;CAL-EDM:2;CAL-EDM:3;CAL-SAS:1;CAL-SAS:2;CAL-SAS:3;CAL-SAS:4;CAL-SAS:5;CAL-SAS:6;CAL-SAS:7;EDM-SAS:1;EDM-SAS:2;EDM-SAS:3;EDM-SAS:4;EDM-SAS:5;EDM-SAS:6;KAM-CAL:1;KAM-CAL:2;KAM-CAL:3;KAM-CAL:4;KAM-CAL:5;KAM-CAL:6;KAM-CAL:7;KAM-KEL:1;KAM-KEL:2;KEL-CAL:1;KEL-CAL:2;KEL-CAL:3;KEL-CAL:4;KEL-CAL:5;KEL-CAL:6;KEL-CAL:7;OTT-MON:1;OTT-MON:2;TOR-MON:1;TOR-MON:2;TOR-MON:3;TOR-MON:4;TOR-MON:5;TOR-MON:6;TOR-OTT:1;TOR-OTT:2;TOR-OTT:3;TOR-OTT:4;TOR-OTT:5;VAN-KAM:1;VAN-KAM:2;VAN-KAM:3;VAN-KAM:4;VAN-KEL:1;VAN-KEL:2;VAN-KEL:3;VAN-KEL:4,5.818181818181818,0.6675296105559828
14142.13562373095,0.01,0.725,0.928,optimal,57.11946367847991,53,11,18,0,0.030017743045081,465,0.03108030000294093,CAL-EDM:1;CAL-EDM:2;CAL-EDM:3;CAL-SAS:1;CAL-SAS:2;CAL-SAS:3;CAL-SAS:4;CAL-SAS:5;CAL-SAS:6;CAL-SAS:7;EDM-SAS:1;EDM-SAS:2;EDM-SAS:3;EDM-SAS:4;EDM-SAS:5;EDM-SAS:6;KAM-CAL:1;KAM-CAL:2;KAM-CAL:3;KAM-CAL:4;KAM-CAL:5;KAM-CAL:6;KAM-CAL:7;KAM-KEL:1;KAM-KEL:2;KEL-CAL:1;KEL-CAL:2;KEL-CAL:3;KEL-CAL:4;KEL-CAL:5;KEL-CAL:6;KEL-CAL:7;OTT-MON:1;OTT-MON:2;TOR-MON:1;TOR-MON:2;TOR-MON:3;TOR-MON:4;TOR-MON:5;TOR-MON:6;TOR-OTT:1;TOR-OTT:2;TOR-OTT:3;TOR-OTT:4;TOR-OTT:5;VAN-KAM:1;VAN-KAM:2;VAN-KAM:3;VAN-KAM:4;VAN-KEL:1;VAN-KEL:2;VAN-KEL:3;VAN-KEL:4,5.818181818181818,0.6743221156241812
14142.13562373095,0.01,0.725,0.93,optimal,57.928084799730975,53,11,18,0,0.030017743045081,489,0.059292800004186574,CAL-EDM:1;CAL-EDM:2;CAL-EDM:3;CAL-SAS:1;CAL-SAS:2;CAL-SAS:3;CAL-SAS:4;CAL-SAS:5;CAL-SAS:6;CAL-SAS:7;EDM-SAS:1;EDM-SAS:2;EDM-SAS:3;EDM-SAS:4;EDM-SAS:5;EDM-SAS:6;KAM-CAL:1;KAM-CAL:2;KAM-CAL:3;KAM-CAL:4;KAM-CAL:5;KAM-CAL:6;KAM-CAL:7;KAM-KEL:1;KAM-KEL:2;KEL-CAL:1;KEL-CAL:2;KEL-CAL:3;KEL-CAL:4;KEL-CAL:5;KEL-CAL:6;KEL-CAL:7;OTT-MON:1;OTT-MON:2;TOR-MON:1;TOR-MON:2;TOR-MON:3;TOR-MON:4;TOR-MON:5;TOR-MON:6;TOR-OTT:1;TOR-OTT:2;TOR-OTT:3;TOR-OTT:4;TOR-OTT:5;VAN-KAM:1;VAN-KAM:2;VAN-KAM:3;VAN-KAM:4;VAN-KEL:1;VAN-KEL:2;VAN-KEL:3;VAN-KEL:4,5.818181818181818,0.6812177218966666
14142.13562373095,0.01,0.725,0.932,optimal,58.69920521497319,53,11,18,0,0.03319923187926317,489,0.05449590000353055,CAL-EDM:1;CAL-EDM:2;CAL-EDM:3;CAL-SAS:1;CAL-SAS:2;CAL-SAS:3;CAL-SAS:4;CAL-SAS:5;CAL-SAS:6;CAL-SAS:7;EDM-SAS:1;EDM-SAS:2;EDM-SAS:3;EDM-SAS:4;EDM-SAS:5;EDM-SAS:6;KAM-CAL:1;KAM-CAL:2;KAM-CAL:3;KAM-CAL:4;KAM-CAL:5;KAM-CAL:6;KAM-CAL:7;KAM-KEL:1;KAM-KEL:2;KEL-CAL:1;KEL-CAL:2;KEL-CAL:3;KEL-CAL:4;KEL-CAL:5;KEL-CAL:6;KEL-CAL:7;OTT-MON:1;OTT-MON:2;TOR-MON:1;TOR-MON:2;TOR-MON:3;TOR-MON:4;TOR-MON:5;TOR-MON:6;TOR-OTT:1;TOR-OTT:2;TOR-OTT:3;TOR-OTT:4;TOR-OTT:5;VAN-KAM:1;VAN-KAM:2;VAN-KAM:3;VAN-KAM:4;VAN-KEL:1;VAN-KEL:2;VAN-KEL:3;VAN-KEL:4,5.818181818181818,0.6882178727452556
14142.13562373095,0.01,0.725,0.934,optimal,59.4372563528171,53,11,18,0,0.030017743045081,489,0.039827900000091176,CAL-EDM:1;CAL-EDM:2;CAL-EDM:3;CAL-SAS:1;CAL-SAS:2;CAL-SAS:3;CAL-SAS:4;CAL-SAS:5;CAL-SAS:6;CAL-SAS:7;EDM-SAS:1;EDM-SAS:2;EDM-SAS:3;EDM-SAS:4;EDM-SAS:5;EDM-SAS:6;KAM-CAL:1;KAM-CAL:2;KAM-CAL:3;KAM-CAL:4;KAM-CAL:5;KAM-CAL:6;KAM-CAL:7;KAM-KEL:1;KAM-KEL:2;KEL-CAL:1;KEL-CAL:2;KEL-CAL:3;KEL-CAL:4;KEL-CAL:5;KEL-CAL:6;KEL-CAL:7;OTT-MON:1;OTT-MON:2;TOR-MON:1;TOR-MON:2;TOR-MON:3;TOR-MON:4;TOR-MON:5;TOR-MON:6;TOR-OTT:1;TOR-OTT:2;TOR-OTT:3;TOR-OTT:4;TOR-OTT:5;VAN-KAM:1;VAN-KAM:2;VAN-KAM:3;VAN-KAM:4;VAN-KEL:1;VAN-KEL:2;VAN-KEL:3;VAN-KEL:4,5.818181818181818,0.6953240294550764
14142.13562373095,0.01,0.725,0.936,optimal,60.14588463054968,53,11,18,0,0.030017743045081,505,0.07419730000401614,CAL-EDM:1;CAL-EDM:2;CAL-EDM:3;CAL-SAS:1;CAL-SAS:2;CAL-SAS:3;CAL-SAS:4;CAL-SAS:5;CAL-SAS:6;CAL-SAS:7;EDM-SAS:1;EDM-SAS:2;EDM-SAS:3;EDM-SAS:4;EDM-SAS:5;EDM-SAS:6;KAM-CAL:1;KAM-CAL:2;KAM-CAL:3;KAM-CAL:4;KAM-CAL:5;KAM-CAL:6;KAM-CAL:7;KAM-KEL:1;KAM-KEL:2;KEL-CAL:1;KEL-CAL:2;KEL-CAL:3;KEL-CAL:4;KEL-CAL:5;KEL-CAL:6;KEL-CAL:7;OTT-MON:1;OTT-MON:2;TOR-MON:1;TOR-MON:2;TOR-MON:3;TOR-MON:4;TOR-MON:5;TOR-MON:6;TOR-OTT:1;TOR-OTT:2;TOR-OTT:3;TOR-OTT:4;TOR-OTT:5;VAN-KAM:1;VAN-KAM:2;VAN-KAM:3;VAN-KAM:4;VAN-KEL:1;VAN-KEL:2;VAN-KEL:3;VAN-KEL:4,5.818181818181818,0.7025376714097532
14142.13562373095,0.01,0.725,0.9380000000000001,optimal,60.82813142897217,53,11,18,0,0.030017743045081,505,0.06619030000001658,CAL-EDM:1;CAL-EDM:2;CAL-EDM:3;CAL-SAS:1;CAL-SAS:2;CAL-SAS:3;CAL-SAS:4;CAL-SAS:5;CAL-SAS:6;CAL-SAS:7;EDM-SAS:1;EDM-SAS:2;EDM-SAS:3;EDM-SAS:4;EDM-SAS:5;EDM-SAS:6;KAM-CAL:1;KAM-CAL:2;KAM-CAL:3;KAM-CAL:4;KAM-CAL:5;KAM-CAL:6;KAM-CAL:7;KAM-KEL:1;KAM-KEL:2;KEL-CAL:1;KEL-CAL:2;KEL-CAL:3;KEL-CAL:4;KEL-CAL:5;KEL-CAL:6;KEL-CAL:7;OTT-MON:1;OTT-MON:2;TOR-MON:1;TOR-MON:2;TOR-MON:3;TOR-MON:4;TOR-MON:5;TOR-MON:6;TOR-OTT:1;TOR-OTT:2;TOR-OTT:3;TOR-OTT:4;TOR-OTT:5;VAN-KAM:1;VAN-KAM:2;VAN-KAM:3;VAN-KAM:4;VAN-KEL:1;VAN-KEL:2;VAN-KEL:3;VAN-KEL:4,5.818181818181818,0.7098602962780546
14142.13562373095,0.01,0.725,0.9400000000000001,optimal,61.486563537268104,53,11,18,0,0.03319923187926317,513,0.09298580000177026,CAL-EDM:1;CAL-EDM:2;CAL-EDM:3;CAL-SAS:1;CAL-SAS:2;CAL-SAS:3;CAL-SAS:4;CAL-SAS:5;CAL-SAS:6;CAL-SAS:7;EDM-SAS:1;EDM-SAS:2;EDM-SAS:3;EDM-SAS:4;EDM-SAS:5;EDM-SAS:6;KAM-CAL:1;KAM-CAL:2;KAM-CAL:3;KAM-CAL:4;KAM-CAL:5;KAM-CAL:6;KAM-CAL:7;KAM-KEL:1;KAM-KEL:2;KEL-CAL:1;KEL-CAL:2;KEL-CAL:3;KEL-CAL:4;KEL-CAL:5;KEL-CAL:6;KEL-CAL:7;OTT-MON:1;OTT-MON:2;TOR-MON:1;TOR-MON:2;TOR-MON:3;TOR-MON:4;TOR-MON:5;TOR-MON:6;TOR-OTT:1;TOR-OTT:2;TOR-OTT:3;TOR-OTT:4;TOR-OTT:5;VAN-KAM:1;VAN-KAM:2;VAN-KAM:3;VAN-KAM:4;VAN-KEL:1;VAN-KEL:2;VAN-KEL:3;VAN-KEL:4,5.818181818181818,0.7172934202020215
14142.13562373095,0.01,0.725,0.9420000000000001,optimal,62.12336971314936,53,11,18,0,0.030017743045081,513,0.05844960000104038,CAL-EDM:1;CAL-EDM:2;CAL-EDM:3;CAL-SAS:1;CAL-SAS:2;CAL-SAS:3;CAL-SAS:4;CAL-SAS:5;CAL-SAS:6;CAL-SAS:7;EDM-SAS:1;EDM-SAS:2;EDM-SAS:3;EDM-SAS:4;EDM-SAS:5;EDM-SAS:6;KAM-CAL:1;KAM-CAL:2;KAM-CAL:3;KAM-CAL:4;KAM-CAL:5;KAM-CAL:6;KAM-CAL:7;KAM-KEL:1;KAM-KEL:2;KEL-CAL:1;KEL-CAL:2;KEL-CAL:3;KEL-CAL:4;KEL-CAL:5;KEL-CAL:6;KEL-CAL:7;OTT-MON:1;OTT-MON:2;TOR-MON:1;TOR-MON:2;TOR-MON:3;TOR-MON:4;TOR-MON:5;TOR-MON:6;TOR-OTT:1;TOR-OTT:2;TOR-OTT:3;TOR-OTT:4;TOR-OTT:5;VAN-KAM:1;VAN-KAM:2;VAN-KAM:3;VAN-KAM:4;VAN-KEL:1;VAN-KEL:2;VAN-KEL:3;VAN-KEL:4,5.818181818181818,0.7248385779865797
14142.13562373095,0.01,0.725,0.9440000000000001,optimal,62.740433494555795,53,11,18,0,0.030017743045081,513,0.07681149999552872,CAL-EDM:1;CAL-EDM:2;CAL-EDM:3;CAL-SAS:1;CAL-SAS:2;CAL-SAS:3;CAL-SAS:4;CAL-SAS:5;CAL-SAS:6;CAL-SAS:7;EDM-SAS:1;EDM-SAS:2;EDM-SAS:3;EDM-SAS:4;EDM-SAS:5;EDM-SAS:6;KAM-CAL:1;KAM-CAL:2;KAM-CAL:3;KAM-CAL:4;KAM-CAL:5;KAM-CAL:6;KAM-CAL:7;KAM-KEL:1;KAM-KEL:2;KEL-CAL:1;KEL-CAL:2;KEL-CAL:3;KEL-CAL:4;KEL-CAL:5;KEL-CAL:6;KEL-CAL:7;OTT-MON:1;OTT-MON:2;TOR-MON:1;TOR-MON:2;TOR-MON:3;TOR-MON:4;TOR-MON:5;TOR-MON:6;TOR-OTT:1;TOR-OTT:2;TOR-OTT:3;TOR-OTT:4;TOR-OTT:5;VAN-KAM:1;VAN-KAM:2;VAN-KAM:3;VAN-KAM:4;VAN-KEL:1;VAN-KEL:2;VAN-KEL:3;VAN-KEL:4,5.818181818181818,0.7324973232906422
14142.13562373095,0.01,0.725,0.9460000000000001,optimal,63.339389009105794,53,11,18,0,0.03319923187926317,513,0.11441640000703046,CAL-EDM:1;CAL-EDM:2;CAL-EDM:3;CAL-SAS:1;CAL-SAS:2;CAL-SAS:3;CAL-SAS:4;CAL-SAS:5;CAL-SAS:6;CAL-SAS:7;EDM-SAS:1;EDM-SAS:2;EDM-SAS:3;EDM-SAS:4;EDM-SAS:5;EDM-SAS:6;KAM-CAL:1;KAM-CAL:2;KAM-CAL:3;KAM-CAL:4;KAM-CAL:5;KAM-CAL:6;KAM-CAL:7;KAM-KEL:1;KAM-KEL:2;KEL-CAL:1;KEL-CAL:2;KEL-CAL:3;KEL-CAL:4;KEL-CAL:5;KEL-CAL:6;KEL-CAL:7;OTT-MON:1;OTT-MON:2;TOR-MON:1;TOR-MON:2;TOR-MON:3;TOR-MON:4;TOR-MON:5;TOR-MON:6;TOR-OTT:1;TOR-OTT:2;TOR-OTT:3;TOR-OTT:4;TOR-OTT:5;VAN-KAM:1;VAN-KAM:2;VAN-KAM:3;VAN-KAM:4;VAN-KEL:1;VAN-KEL:2;VAN-KEL:3;VAN-KEL:4,5.818181818181818,0.7402712288197123
14142.13562373095,0.01,0.725,0.9480000000000001,optimal,63.921664379181486,53,11,18,0,0.030017743045081,513,0.11238950000551995,CAL-EDM:1;CAL-EDM:2;CAL-EDM:3;CAL-SAS:1;CAL-SAS:2;CAL-SAS:3;CAL-SAS:4;CAL-SAS:5;CAL-SAS:6;CAL-SAS:7;EDM-SAS:1;EDM-SAS:2;EDM-SAS:3;EDM-SAS:4;EDM-SAS:5;EDM-SAS:6;KAM-CAL:1;KAM-CAL:2;KAM-CAL:3;KAM-CAL:4;KAM-CAL:5;KAM-CAL:6;KAM-CAL:7;KAM-KEL:1;KAM-KEL:2;KEL-CAL:1;KEL-CAL:2;KEL-CAL:3;KEL-CAL:4;KEL-CAL:5;KEL-CAL:6;KEL-CAL:7;OTT-MON:1;OTT-MON:2;TOR-MON:1;TOR-MON:2;TOR-MON:3;TOR-MON:4;TOR-MON:5;TOR-MON:6;TOR-OTT:1;TOR-OTT:2;TOR-OTT:3;TOR-OTT:4;TOR-OTT:5;VAN-KAM:1;VAN-KAM:2;VAN-KAM:3;VAN-KAM:4;VAN-KEL:1;VAN-KEL:2;VAN-KEL:3;VAN-KEL:4,5.818181818181818,0.7481618865199984
14142.13562373095,0.01,0.725,0.9500000000000001,optimal,64.57452850032516,54,12,18,0,0.03319923187926317,513,0.1314550999959465,CAL-EDM:1;CAL-EDM:2;CAL-EDM:3;CAL-SAS:1;CAL-SAS:2;CAL-SAS:3;CAL-SAS:4;CAL-SAS:5;CAL-SAS:6;CAL-SAS:7;Calgary;EDM-SAS:1;EDM-SAS:2;EDM-SAS:3;EDM-SAS:4;EDM-SAS:5;EDM-SAS:6;KAM-CAL:1;KAM-CAL:2;KAM-CAL:3;KAM-CAL:4;KAM-CAL:5;KAM-CAL:6;KAM-CAL:7;KAM-KEL:1;KAM-KEL:2;KEL-CAL:1;KEL-CAL:2;KEL-CAL:3;KEL-CAL:4;KEL-CAL:5;KEL-CAL:6;KEL-CAL:7;OTT-MON:1;OTT-MON:2;TOR-MON:1;TOR-MON:2;TOR-MON:3;TOR-MON:4;TOR-MON:5;TOR-MON:6;TOR-OTT:1;TOR-OTT:2;TOR-OTT:3;TOR-OTT:4;TOR-OTT:5;VAN-KAM:1;VAN-KAM:2;VAN-KAM:3;VAN-KAM:4;VAN-KEL:1;VAN-KEL:2;VAN-KEL:3;VAN-KEL:4,6.333333333333333,0.7412999759456946
14142.13562373095,0.01,0.725,0.9520000000000001,optimal,65.32476450510659,54,12,18,0,0.03319923187926317,513,0.11688799999683397,CAL-EDM:1;CAL-EDM:2;CAL-EDM:3;CAL-SAS:1;CAL-SAS:2;CAL-SAS:3;CAL-SAS:4;CAL-SAS:5;CAL-SAS:6;CAL-SAS:7;Calgary;EDM-SAS:1;EDM-SAS:2;EDM-SAS:3;EDM-SAS:4;EDM-SAS:5;EDM-SAS:6;KAM-CAL:1;KAM-CAL:2;KAM-CAL:3;KAM-CAL:4;KAM-CAL:5;KAM-CAL:6;KAM-CAL:7;KAM-KEL:1;KAM-KEL:2;KEL-CAL:1;KEL-CAL:2;KEL-CAL:3;KEL-CAL:4;KEL-CAL:5;KEL-CAL:6;KEL-CAL:7;OTT-MON:1;OTT-MON:2;TOR-MON:1;TOR-MON:2;TOR-MON:3;TOR-MON:4;TOR-MON:5;TOR-MON:6;TOR-OTT:1;TOR-OTT:2;TOR-OTT:3;TOR-OTT:4;TOR-OTT:5;VAN-KAM:1;VAN-KAM:2;VAN-KAM:3;VAN-KAM:4;VAN-KEL:1;VAN-KEL:2;VAN-KEL:3;VAN-KEL:4,6.333333333333333,0.7497027708426875
14142.13562373095,0.01,0.725,0.9540000000000001,optimal,66.04302730970157,54,12,18,0,0.03319923187926317,513,0.12286979999771575,CAL-EDM:1;CAL-EDM:2;CAL-EDM:3;CAL-SAS:1;CAL-SAS:2;CAL-SAS:3;CAL-SAS:4;CAL-SAS:5;CAL-SAS:6;CAL-SAS:7;Calgary;EDM-SAS:1;EDM-SAS:2;EDM-SAS:3;EDM-SAS:4;EDM-SAS:5;EDM-SAS:6;KAM-CAL:1;KAM-CAL:2;KAM-CAL:3;KAM-CAL:4;KAM-CAL:5;KAM-CAL:6;KAM-CAL:7;KAM-KEL:1;KAM-KEL:2;KEL-CAL:1;KEL-CAL:2;KEL-CAL:3;KEL-CAL:4;KEL-CAL:5;KEL-CAL:6;KEL-CAL:7;OTT-MON:1;OTT-MON:2;TOR-MON:1;TOR-MON:2;TOR-MON:3;TOR-MON:4;TOR-MON:5;TOR-MON:6;TOR-OTT:1;TOR-OTT:2;TOR-OTT:3;TOR-OTT:4;TOR-OTT:5;VAN-KAM:1;VAN-KAM:2;VAN-KAM:3;VAN-KAM:4;VAN-KEL:1;VAN-KEL:2;VAN-KEL:3;VAN-KEL:4,6.333333333333333,0.758247355466545
14142.13562373095,0.01,0.725,0.956,optimal,66.73384282269511,54,12,18,0,0.030017743045081,513,0.14677990000200225,CAL-EDM:1;CAL-EDM:2;CAL-EDM:3;CAL-SAS:1;CAL-SAS:2;CAL-SAS:3;CAL-SAS:4;CAL-SAS:5;CAL-SAS:6;CAL-SAS:7;Calgary;EDM-SAS:1;EDM-SAS:2;EDM-SAS:3;EDM-SAS:4;EDM-SAS:5;EDM-SAS:6;KAM-CAL:1;KAM-CAL:2;KAM-CAL:3;KAM-CAL:4;KAM-CAL:5;KAM-CAL:6;KAM-CAL:7;KAM-KEL:1;KAM-KEL:2;KEL-CAL:1;KEL-CAL:2;KEL-CAL:3;KEL-CAL:4;KEL-CAL:5;KEL-CAL:6;KEL-CAL:7;OTT-MON:1;OTT-MON:2;TOR-MON:1;TOR-MON:2;TOR-MON:3;TOR-MON:4;TOR-MON:5;TOR-MON:6;TOR-OTT:1;TOR-OTT:2;TOR-OTT:3;TOR-OTT:4;TOR-OTT:5;VAN-KAM:1;VAN-KAM:2;VAN-KAM:3;VAN-KAM:4;VAN-KEL:1;VAN-KEL:2;VAN-KEL:3;VAN-KEL:4,6.333333333333333,0.7669361353107013
14142.13562373095,0.01,0.725,0.958,optimal,67.40067760223066,54,12,18,0,0.030017743045081,513,0.1554134999969392,CAL-EDM:1;CAL-EDM:2;CAL-EDM:3;CAL-SAS:1;CAL-SAS:2;CAL-SAS:3;CAL-SAS:4;CAL-SAS:5;CAL-SAS:6;CAL-SAS:7;Calgary;EDM-SAS:1;EDM-SAS:2;EDM-SAS:3;EDM-SAS:4;EDM-SAS:5;EDM-SAS:6;KAM-CAL:1;KAM-CAL:2;KAM-CAL:3;KAM-CAL:4;KAM-CAL:5;KAM-CAL:6;KAM-CAL:7;KAM-KEL:1;KAM-KEL:2;KEL-CAL:1;KEL-CAL:2;KEL-CAL:3;KEL-CAL:4;KEL-CAL:5;KEL-CAL:6;KEL-CAL:7;OTT-MON:1;OTT-MON:2;TOR-MON:1;TOR-MON:2;TOR-MON:3;TOR-MON:4;TOR-MON:5;TOR-MON:6;TOR-OTT:1;TOR-OTT:2;TOR-OTT:3;TOR-OTT:4;TOR-OTT:5;VAN-KAM:1;VAN-KAM:2;VAN-KAM:3;VAN-KAM:4;VAN-KEL:1;VAN-KEL:2;VAN-KEL:3;VAN-KEL:4,6.333333333333333,0.7757715570471322
14142.13562373095,0.01,0.725,0.96,optimal,68.099408425178,55,14,18,0,0.030017743045081,513,0.15290829999867128,CAL-EDM:1;CAL-EDM:2;CAL-EDM:3;CAL-SAS:1;CAL-SAS:2;CAL-SAS:3;CAL-SAS:4;CAL-SAS:5;CAL-SAS:6;CAL-SAS:7;Calgary;EDM-SAS:1;EDM-SAS:2;EDM-SAS:3;EDM-SAS:4;EDM-SAS:5;EDM-SAS:6;KAM-CAL:1;KAM-CAL:2;KAM-CAL:3;KAM-CAL:4;KAM-CAL:5;KAM-CAL:6;KAM-CAL:7;KAM-KEL:1;KAM-KEL:2;KEL-CAL:1;KEL-CAL:2;KEL-CAL:3;KEL-CAL:4;KEL-CAL:5;KEL-CAL:6;KEL-CAL:7;Kamloops;OTT-MON:1;OTT-MON:2;TOR-MON:1;TOR-MON:2;TOR-MON:3;TOR-MON:4;TOR-MON:5;TOR-MON:6;TOR-OTT:1;TOR-OTT:2;TOR-OTT:3;TOR-OTT:4;TOR-OTT:5;VAN-KAM:1;VAN-KAM:2;VAN-KAM:3;VAN-KAM:4;VAN-KEL:1;VAN-KEL:2;VAN-KEL:3;VAN-KEL:4,7.214285714285714,0.7623867658782162
14142.13562373095,0.01,0.725,0.962,optimal,69.01729120444625,55,14,18,0,0.030017743045081,513,0.11274310000590049,CAL-EDM:1;CAL-EDM:2;CAL-EDM:3;CAL-SAS:1;CAL-SAS:2;CAL-SAS:3;CAL-SAS:4;CAL-SAS:5;CAL-SAS:6;CAL-SAS:7;Calgary;EDM-SAS:1;EDM-SAS:2;EDM-SAS:3;EDM-SAS:4;EDM-SAS:5;EDM-SAS:6;KAM-CAL:1;KAM-CAL:2;KAM-CAL:3;KAM-CAL:4;KAM-CAL:5;KAM-CAL:6;KAM-CAL:7;KAM-KEL:1;KAM-KEL:2;KEL-CAL:1;KEL-CAL:2;KEL-CAL:3;KEL-CAL:4;KEL-CAL:5;KEL-CAL:6;KEL-CAL:7;Kamloops;OTT-MON:1;OTT-MON:2;TOR-MON:1;TOR-MON:2;TOR-MON:3;TOR-MON:4;TOR-MON:5;TOR-MON:6;TOR-OTT:1;TOR-OTT:2;TOR-OTT:3;TOR-OTT:4;TOR-OTT:5;VAN-KAM:1;VAN-KAM:2;VAN-KAM:3;VAN-KAM:4;VAN-KEL:1;VAN-KEL:2;VAN-KEL:3;VAN-KEL:4,7.214285714285714,0.7721490896885939
14142.13562373095,0.01,0.725,0.964,optimal,69.89936028302424,55,14,18,0,0.030017743045081,513,0.1238521999985096,CAL-EDM:1;CAL-EDM:2;CAL-EDM:3;CAL-SAS:1;CAL-SAS:2;CAL-SAS:3;CAL-SAS:4;CAL-SAS:5;CAL-SAS:6;CAL-SAS:7;Calgary;EDM-SAS:1;EDM-SAS:2;EDM-SAS:3;EDM-SAS:4;EDM-SAS:5;EDM-SAS:6;KAM-CAL:1;KAM-CAL:2;KAM-CAL:3;KAM-CAL:4;KAM-CAL:5;KAM-CAL:6;KAM-CAL:7;KAM-KEL:1;KAM-KEL:2;KEL-CAL:1;KEL-CAL:2;KEL-CAL:3;KEL-CAL:4;KEL-CAL:5;KEL-CAL:6;KEL-CAL:7;Kamloops;OTT-MON:1;OTT-MON:2;TOR-MON:1;TOR-MON:2;TOR-MON:3;TOR-MON:4;TOR-MON:5;TOR-MON:6;TOR-OTT:1;TOR-OTT:2;TOR-OTT:3;TOR-OTT:4;TOR-OTT:5;VAN-KAM:1;VAN-KAM:2;VAN-KAM:3;VAN-KAM:4;VAN-KEL:1;VAN-KEL:2;VAN-KEL:3;VAN-KEL:4,7.214285714285714,0.7821070603158429
14142.13562373095,0.01,0.725,0.966,optimal,70.74987098474845,55,14,18,0,0.030017743045081,513,0.1115776000006008,CAL-EDM:1;CAL-EDM:2;CAL-EDM:3;CAL-SAS:1;CAL-SAS:2;CAL-SAS:3;CAL-SAS:4;CAL-SAS:5;CAL-SAS:6;CAL-SAS:7;Calgary;EDM-SAS:1;EDM-SAS:2;EDM-SAS:3;EDM-SAS:4;EDM-SAS:5;EDM-SAS:6;KAM-CAL:1;KAM-CAL:2;KAM-CAL:3;KAM-CAL:4;KAM-CAL:5;KAM-CAL:6;KAM-CAL:7;KAM-KEL:1;KAM-KEL:2;KEL-CAL:1;KEL-CAL:2;KEL-CAL:3;KEL-CAL:4;KEL-CAL:5;KEL-CAL:6;KEL-CAL:7;Kamloops;OTT-MON:1;OTT-MON:2;TOR-MON:1;TOR-MON:2;TOR-MON:3;TOR-MON:4;TOR-MON:5;TOR-MON:6;TOR-OTT:1;TOR-OTT:2;TOR-OTT:3;TOR-OTT:4;TOR-OTT:5;VAN-KAM:1;VAN-KAM:2;VAN-KAM:3;VAN-KAM:4;VAN-KEL:1;VAN-KEL:2;VAN-KEL:3;VAN-KEL:4,7.214285714285714,0.7922648239724539
14142.13562373095,0.01,0.725,0.968,optimal,71.57229135595439,55,14,18,0,0.030017743045081,513,0.14640810000128113,CAL-EDM:1;CAL-EDM:2;CAL-EDM:3;CAL-SAS:1;CAL-SAS:2;CAL-SAS:3;CAL-SAS:4;CAL-SAS:5;CAL-SAS:6;CAL-SAS:7;Calgary;EDM-SAS:1;EDM-SAS:2;EDM-SAS:3;EDM-SAS:4;EDM-SAS:5;EDM-SAS:6;KAM-CAL:1;KAM-CAL:2;KAM-CAL:3;KAM-CAL:4;KAM-CAL:5;KAM-CAL:6;KAM-CAL:7;KAM-KEL:1;KAM-KEL:2;KEL-CAL:1;KEL-CAL:2;KEL-CAL:3;KEL-CAL:4;KEL-CAL:5;KEL-CAL:6;KEL-CAL:7;Kamloops;OTT-MON:1;OTT-MON:2;TOR-MON:1;TOR-MON:2;TOR-MON:3;TOR-MON:4;TOR-MON:5;TOR-MON:6;TOR-OTT:1;TOR-OTT:2;TOR-OTT:3;TOR-OTT:4;TOR-OTT:5;VAN-KAM:1;VAN-KAM:2;VAN-KAM:3;VAN-KAM:4;VAN-KEL:1;VAN-KEL:2;VAN-KEL:3;VAN-KEL:4,7.214285714285714,0.8026266168701698
14142.13562373095,0.01,0.725,0.97,optimal,72.36949318717771,55,14,18,0,0.030017743045081,513,0.08294680000108201,CAL-EDM:1;CAL-EDM:2;CAL-EDM:3;CAL-SAS:1;CAL-SAS:2;CAL-SAS:3;CAL-SAS:4;CAL-SAS:5;CAL-SAS:6;CAL-SAS:7;Calgary;EDM-SAS:1;EDM-SAS:2;EDM-SAS:3;EDM-SAS:4;EDM-SAS:5;EDM-SAS:6;KAM-CAL:1;KAM-CAL:2;KAM-CAL:3;KAM-CAL:4;KAM-CAL:5;KAM-CAL:6;KAM-CAL:7;KAM-KEL:1;KAM-KEL:2;KEL-CAL:1;KEL-CAL:2;KEL-CAL:3;KEL-CAL:4;KEL-CAL:5;KEL-CAL:6;KEL-CAL:7;Kamloops;OTT-MON:1;OTT-MON:2;TOR-MON:1;TOR-MON:2;TOR-MON:3;TOR-MON:4;TOR-MON:5;TOR-MON:6;TOR-OTT:1;TOR-OTT:2;TOR-OTT:3;TOR-OTT:4;TOR-OTT:5;VAN-KAM:1;VAN-KAM:2;VAN-KAM:3;VAN-KAM:4;VAN-KEL:1;VAN-KEL:2;VAN-KEL:3;VAN-KEL:4,7.214285714285714,0.8131967671299962
14142.13562373095,0.01,0.725,0.972,optimal,73.1438872337716,55,14,18,0,0.030017743045081,513,0.11518919999798527,CAL-EDM:1;CAL-EDM:2;CAL-EDM:3;CAL-SAS:1;CAL-SAS:2;CAL-SAS:3;CAL-SAS:4;CAL-SAS:5;CAL-SAS:6;CAL-SAS:7;Calgary;EDM-SAS:1;EDM-SAS:2;EDM-SAS:3;EDM-SAS:4;EDM-SAS:5;EDM-SAS:6;KAM-CAL:1;KAM-CAL:2;KAM-CAL:3;KAM-CAL:4;KAM-CAL:5;KAM-CAL:6;KAM-CAL:7;KAM-KEL:1;KAM-KEL:2;KEL-CAL:1;KEL-CAL:2;KEL-CAL:3;KEL-CAL:4;KEL-CAL:5;KEL-CAL:6;KEL-CAL:7;Kamloops;OTT-MON:1;OTT-MON:2;TOR-MON:1;TOR-MON:2;TOR-MON:3;TOR-MON:4;TOR-MON:5;TOR-MON:6;TOR-OTT:1;TOR-OTT:2;TOR-OTT:3;TOR-OTT:4;TOR-OTT:5;VAN-KAM:1;VAN-KAM:2;VAN-KAM:3;VAN-KAM:4;VAN-KEL:1;VAN-KEL:2;VAN-KEL:3;VAN-KEL:4,7.214285714285714,0.823979696730078
14142.13562373095,0.01,0.725,0.974,optimal,73.8975213324843,55,14,18,0,0.030017743045081,513,0.11010149999492569,CAL-EDM:1;CAL-EDM:2;CAL-EDM:3;CAL-SAS:1;CAL-SAS:2;CAL-SAS:3;CAL-SAS:4;CAL-SAS:5;CAL-SAS:6;CAL-SAS:7;Calgary;EDM-SAS:1;EDM-SAS:2;EDM-SAS:3;EDM-SAS:4;EDM-SAS:5;EDM-SAS:6;KAM-CAL:1;KAM-CAL:2;KAM-CAL:3;KAM-CAL:4;KAM-CAL:5;KAM-CAL:6;KAM-CAL:7;KAM-KEL:1;KAM-KEL:2;KEL-CAL:1;KEL-CAL:2;KEL-CAL:3;KEL-CAL:4;KEL-CAL:5;KEL-CAL:6;KEL-CAL:7;Kamloops;OTT-MON:1;OTT-MON:2;TOR-MON:1;TOR-MON:2;TOR-MON:3;TOR-MON:4;TOR-MON:5;TOR-MON:6;TOR-OTT:1;TOR-OTT:2;TOR-OTT:3;TOR-OTT:4;TOR-OTT:5;VAN-KAM:1;VAN-KAM:2;VAN-KAM:3;VAN-KAM:4;VAN-KEL:1;VAN-KEL:2;VAN-KEL:3;VAN-KEL:4,7.214285714285714,0.8349799234921209
14142.13562373095,0.01,0.725,0.976,optimal,74.63215313856747,55,14,18,0,0.030017743045081,513,0.10317890000442276,CAL-EDM:1;CAL-EDM:2;CAL-EDM:3;CAL-SAS:1;CAL-SAS:2;CAL-SAS:3;CAL-SAS:4;CAL-SAS:5;CAL-SAS:6;CAL-SAS:7;Calgary;EDM-SAS:1;EDM-SAS:2;EDM-SAS:3;EDM-SAS:4;EDM-SAS:5;EDM-SAS:6;KAM-CAL:1;KAM-CAL:2;KAM-CAL:3;KAM-CAL:4;KAM-CAL:5;KAM-CAL:6;KAM-CAL:7;KAM-KEL:1;KAM-KEL:2;KEL-CAL:1;KEL-CAL:2;KEL-CAL:3;KEL-CAL:4;KEL-CAL:5;KEL-CAL:6;KEL-CAL:7;Kamloops;OTT-MON:1;OTT-MON:2;TOR-MON:1;TOR-MON:2;TOR-MON:3;TOR-MON:4;TOR-MON:5;TOR-MON:6;TOR-OTT:1;TOR-OTT:2;TOR-OTT:3;TOR-OTT:4;TOR-OTT:5;VAN-KAM:1;VAN-KAM:2;VAN-KAM:3;VAN-KAM:4;VAN-KEL:1;VAN-KEL:2;VAN-KEL:3;VAN-KEL:4,7.214285714285714,0.8462020631070398
14142.13562373095,0.01,0.725,0.978,optimal,75.34930507110181,55,14,18,0,0.030017743045081,513,0.09963869999774033,CAL-EDM:1;CAL-EDM:2;CAL-EDM:3;CAL-SAS:1;CAL-SAS:2;CAL-SAS:3;CAL-SAS:4;CAL-SAS:5;CAL-SAS:6;CAL-SAS:7;Calgary;EDM-SAS:1;EDM-SAS:2;EDM-SAS:3;EDM-SAS:4;EDM-SAS:5;EDM-SAS:6;KAM-CAL:1;KAM-CAL:2;KAM-CAL:3;KAM-CAL:4;KAM-CAL:5;KAM-CAL:6;KAM-CAL:7;KAM-KEL:1;KAM-KEL:2;KEL-CAL:1;KEL-CAL:2;KEL-CAL:3;KEL-CAL:4;KEL-CAL:5;KEL-CAL:6;KEL-CAL:7;Kamloops;OTT-MON:1;OTT-MON:2;TOR-MON:1;TOR-MON:2;TOR-MON:3;TOR-MON:4;TOR-MON:5;TOR-MON:6;TOR-OTT:1;TOR-OTT:2;TOR-OTT:3;TOR-OTT:4;TOR-OTT:5;VAN-KAM:1;VAN-KAM:2;VAN-KAM:3;VAN-KAM:4;VAN-KEL:1;VAN-KEL:2;VAN-KEL:3;VAN-KEL:4,7.214285714285714,0.8576508312005204
14142.13562373095,0.01,0.725,0.98,optimal,76.05030651359617,55,14,18,0,0.030017743045081,513,0.11017719999654219,CAL-EDM:1;CAL-EDM:2;CAL-EDM:3;CAL-SAS:1;CAL-SAS:2;CAL-SAS:3;CAL-SAS:4;CAL-SAS:5;CAL-SAS:6;CAL-SAS:7;Calgary;EDM-SAS:1;EDM-SAS:2;EDM-SAS:3;EDM-SAS:4;EDM-SAS:5;EDM-SAS:6;KAM-CAL:1;KAM-CAL:2;KAM-CAL:3;KAM-CAL:4;KAM-CAL:5;KAM-CAL:6;KAM-CAL:7;KAM-KEL:1;KAM-KEL:2;KEL-CAL:1;KEL-CAL:2;KEL-CAL:3;KEL-CAL:4;KEL-CAL:5;KEL-CAL:6;KEL-CAL:7;Kamloops;OTT-MON:1;OTT-MON:2;TOR-MON:1;TOR-MON:2;TOR-MON:3;TOR-MON:4;TOR-MON:5;TOR-MON:6;TOR-OTT:1;TOR-OTT:2;TOR-OTT:3;TOR-OTT:4;TOR-OTT:5;VAN-KAM:1;VAN-KAM:2;VAN-KAM:3;VAN-KAM:4;VAN-KEL:1;VAN-KEL:2;VAN-KEL:3;VAN-KEL:4,7.214285714285714,0.8693310454392108
14142.13562373095,0.01,0.725,0.982,optimal,76.73632670897072,55,14,18,0,0.030017743045081,513,0.0979178999987198,CAL-EDM:1;CAL-EDM:2;CAL-EDM:3;CAL-SAS:1;CAL-SAS:2;CAL-SAS:3;CAL-SAS:4;CAL-SAS:5;CAL-SAS:6;CAL-SAS:7;Calgary;EDM-SAS:1;EDM-SAS:2;EDM-SAS:3;EDM-SAS:4;EDM-SAS:5;EDM-SAS:6;KAM-CAL:1;KAM-CAL:2;KAM-CAL:3;KAM-CAL:4;KAM-CAL:5;KAM-CAL:6;KAM-CAL:7;KAM-KEL:1;KAM-KEL:2;KEL-CAL:1;KEL-CAL:2;KEL-CAL:3;KEL-CAL:4;KEL-CAL:5;KEL-CAL:6;KEL-CAL:7;Kamloops;OTT-MON:1;OTT-MON:2;TOR-MON:1;TOR-MON:2;TOR-MON:3;TOR-MON:4;TOR-MON:5;TOR-MON:6;TOR-OTT:1;TOR-OTT:2;TOR-OTT:3;TOR-OTT:4;TOR-OTT:5;VAN-KAM:1;VAN-KAM:2;VAN-KAM:3;VAN-KAM:4;VAN-KEL:1;VAN-KEL:2;VAN-KEL:3;VAN-KEL:4,7.214285714285714,0.8812476276782502
14142.13562373095,0.01,0.725,0.984,optimal,77.40840074307081,55,14,18,0,0.030017743045081,513,0.08801189999940107,CAL-EDM:1;CAL-EDM:2;CAL-EDM:3;CAL-SAS:1;CAL-SAS:2;CAL-SAS:3;CAL-SAS:4;CAL-SAS:5;CAL-SAS:6;CAL-SAS:7;Calgary;EDM-SAS:1;EDM-SAS:2;EDM-SAS:3;EDM-SAS:4;EDM-SAS:5;EDM-SAS:6;KAM-CAL:1;KAM-CAL:2;KAM-CAL:3;KAM-CAL:4;KAM-CAL:5;KAM-CAL:6;KAM-CAL:7;KAM-KEL:1;KAM-KEL:2;KEL-CAL:1;KEL-CAL:2;KEL-CAL:3;KEL-CAL:4;KEL-CAL:5;KEL-CAL:6;KEL-CAL:7;Kamloops;OTT-MON:1;OTT-MON:2;TOR-MON:1;TOR-MON:2;TOR-MON:3;TOR-MON:4;TOR-MON:5;TOR-MON:6;TOR-OTT:1;TOR-OTT:2;TOR-OTT:3;TOR-OTT:4;TOR-OTT:5;VAN-KAM:1;VAN-KAM:2;VAN-KAM:3;VAN-KAM:4;VAN-KEL:1;VAN-KEL:2;VAN-KEL:3;VAN-KEL:4,7.214285714285714,0.8934056061508613
14142.13562373095,0.01,0.725,0.986,optimal,78.0674503155963,55,14,18,0,0.030017743045081,513,0.10617249999631895,CAL-EDM:1;CAL-EDM:2;CAL-EDM:3;CAL-SAS:1;CAL-SAS:2;CAL-SAS:3;CAL-SAS:4;CAL-SAS:5;CAL-SAS:6;CAL-SAS:7;Calgary;EDM-SAS:1;EDM-SAS:2;EDM-SAS:3;EDM-SAS:4;EDM-SAS:5;EDM-SAS:6;KAM-CAL:1;KAM-CAL:2;KAM-CAL:3;KAM-CAL:4;KAM-CAL:5;KAM-CAL:6;KAM-CAL:7;KAM-KEL:1;KAM-KEL:2;KEL-CAL:1;KEL-CAL:2;KEL-CAL:3;KEL-CAL:4;KEL-CAL:5;KEL-CAL:6;KEL-CAL:7;Kamloops;OTT-MON:1;OTT-MON:2;TOR-MON:1;TOR-MON:2;TOR-MON:3;TOR-MON:4;TOR-MON:5;TOR-MON:6;TOR-OTT:1;TOR-OTT:2;TOR-OTT:3;TOR-OTT:4;TOR-OTT:5;VAN-KAM:1;VAN-KAM:2;VAN-KAM:3;VAN-KAM:4;VAN-KEL:1;VAN-KEL:2;VAN-KEL:3;VAN-KEL:4,7.214285714285714,0.905810117700745
14142.13562373095,0.01,0.725,0.988,optimal,78.71430052490105,55,14,18,0,0.030017743045081,513,0.10382029999891529,CAL-EDM:1;CAL-EDM:2;CAL-EDM:3;CAL-SAS:1;CAL-SAS:2;CAL-SAS:3;CAL-SAS:4;CAL-SAS:5;CAL-SAS:6;CAL-SAS:7;Calgary;EDM-SAS:1;EDM-SAS:2;EDM-SAS:3;EDM-SAS:4;EDM-SAS:5;EDM-SAS:6;KAM-CAL:1;KAM-CAL:2;KAM-CAL:3;KAM-CAL:4;KAM-CAL:5;KAM-CAL:6;KAM-CAL:7;KAM-KEL:1;KAM-KEL:2;KEL-CAL:1;KEL-CAL:2;KEL-CAL:3;KEL-CAL:4;KEL-CAL:5;KEL-CAL:6;KEL-CAL:7;Kamloops;OTT-MON:1;OTT-MON:2;TOR-MON:1;TOR-MON:2;TOR-MON:3;TOR-MON:4;TOR-MON:5;TOR-MON:6;TOR-OTT:1;TOR-OTT:2;TOR-OTT:3;TOR-OTT:4;TOR-OTT:5;VAN-KAM:1;VAN-KAM:2;VAN-KAM:3;VAN-KAM:4;VAN-KEL:1;VAN-KEL:2;VAN-KEL:3;VAN-KEL:4,7.214285714285714,0.9184664100580309
14142.13562373095,0.01,0.725,0.99,optimal,79.34969356596488,55,14,18,0,0.030017743045081,513,0.12612739999894984,CAL-EDM:1;CAL-EDM:2;CAL-EDM:3;CAL-SAS:1;CAL-SAS:2;CAL-SAS:3;CAL-SAS:4;CAL-SAS:5;CAL-SAS:6;CAL-SAS:7;Calgary;EDM-SAS:1;EDM-SAS:2;EDM-SAS:3;EDM-SAS:4;EDM-SAS:5;EDM-SAS:6;KAM-CAL:1;KAM-CAL:2;KAM-CAL:3;KAM-CAL:4;KAM-CAL:5;KAM-CAL:6;KAM-CAL:7;KAM-KEL:1;KAM-KEL:2;KEL-CAL:1;KEL-CAL:2;KEL-CAL:3;KEL-CAL:4;KEL-CAL:5;KEL-CAL:6;KEL-CAL:7;Kamloops;OTT-MON:1;OTT-MON:2;TOR-MON:1;TOR-MON:2;TOR-MON:3;TOR-MON:4;TOR-MON:5;TOR-MON:6;TOR-OTT:1;TOR-OTT:2;TOR-OTT:3;TOR-OTT:4;TOR-OTT:5;VAN-KAM:1;VAN-KAM:2;VAN-KAM:3;VAN-KAM:4;VAN-KEL:1;VAN-KEL:2;VAN-KEL:3;VAN-KEL:4,7.214285714285714,0.9313798441595278
14142.13562373095,0.01,0.725,0.992,optimal,79.97430001035788,55,14,18,0,0.030017743045081,513,0.131456100003561,CAL-EDM:1;CAL-EDM:2;CAL-EDM:3;CAL-SAS:1;CAL-SAS:2;CAL-SAS:3;CAL-SAS:4;CAL-SAS:5;CAL-SAS:6;CAL-SAS:7;Calgary;EDM-SAS:1;EDM-SAS:2;EDM-SAS:3;EDM-SAS:4;EDM-SAS:5;EDM-SAS:6;KAM-CAL:1;KAM-CAL:2;KAM-CAL:3;KAM-CAL:4;KAM-CAL:5;KAM-CAL:6;KAM-CAL:7;KAM-KEL:1;KAM-KEL:2;KEL-CAL:1;KEL-CAL:2;KEL-CAL:3;KEL-CAL:4;KEL-CAL:5;KEL-CAL:6;KEL-CAL:7;Kamloops;OTT-MON:1;OTT-MON:2;TOR-MON:1;TOR-MON:2;TOR-MON:3;TOR-MON:4;TOR-MON:5;TOR-MON:6;TOR-OTT:1;TOR-OTT:2;TOR-OTT:3;TOR-OTT:4;TOR-OTT:5;VAN-KAM:1;VAN-KAM:2;VAN-KAM:3;VAN-KAM:4;VAN-KEL:1;VAN-KEL:2;VAN-KEL:3;VAN-KEL:4,7.214285714285714,0.9445558965140652
14142.13562373095,0.01,0.725,0.994,optimal,80.58872817208761,55,14,18,0,0.030017743045081,513,0.0998842999979388,CAL-EDM:1;CAL-EDM:2;CAL-EDM:3;CAL-SAS:1;CAL-SAS:2;CAL-SAS:3;CAL-SAS:4;CAL-SAS:5;CAL-SAS:6;CAL-SAS:7;Calgary;EDM-SAS:1;EDM-SAS:2;EDM-SAS:3;EDM-SAS:4;EDM-SAS:5;EDM-SAS:6;KAM-CAL:1;KAM-CAL:2;KAM-CAL:3;KAM-CAL:4;KAM-CAL:5;KAM-CAL:6;KAM-CAL:7;KAM-KEL:1;KAM-KEL:2;KEL-CAL:1;KEL-CAL:2;KEL-CAL:3;KEL-CAL:4;KEL-CAL:5;KEL-CAL:6;KEL-CAL:7;Kamloops;OTT-MON:1;OTT-MON:2;TOR-MON:1;TOR-MON:2;TOR-MON:3;TOR-MON:4;TOR-MON:5;TOR-MON:6;TOR-OTT:1;TOR-OTT:2;TOR-OTT:3;TOR-OTT:4;TOR-OTT:5;VAN-KAM:1;VAN-KAM:2;VAN-KAM:3;VAN-KAM:4;VAN-KEL:1;VAN-KEL:2;VAN-KEL:3;VAN-KEL:4,7.214285714285714,0.9580001616136934
14142.13562373095,0.01,0.725,0.996,optimal,81.19353194349596,55,14,18,0,0.030017743045081,513,0.1104678999981843,CAL-EDM:1;CAL-EDM:2;CAL-EDM:3;CAL-SAS:1;CAL-SAS:2;CAL-SAS:3;CAL-SAS:4;CAL-SAS:5;CAL-SAS:6;CAL-SAS:7;Calgary;EDM-SAS:1;EDM-SAS:2;EDM-SAS:3;EDM-SAS:4;EDM-SAS:5;EDM-SAS:6;KAM-CAL:1;KAM-CAL:2;KAM-CAL:3;KAM-CAL:4;KAM-CAL:5;KAM-CAL:6;KAM-CAL:7;KAM-KEL:1;KAM-KEL:2;KEL-CAL:1;KEL-CAL:2;KEL-CAL:3;KEL-CAL:4;KEL-CAL:5;KEL-CAL:6;KEL-CAL:7;Kamloops;OTT-MON:1;OTT-MON:2;TOR-MON:1;TOR-MON:2;TOR-MON:3;TOR-MON:4;TOR-MON:5;TOR-MON:6;TOR-OTT:1;TOR-OTT:2;TOR-OTT:3;TOR-OTT:4;TOR-OTT:5;VAN-KAM:1;VAN-KAM:2;VAN-KAM:3;VAN-KAM:4;VAN-KEL:1;VAN-KEL:2;VAN-KEL:3;VAN-KEL:4,7.214285714285714,0.9717183543915396
14142.13562373095,0.01,0.725,0.998,optimal,81.78921739731753,55,14,18,0,0.030017743045081,513,0.09495820000302047,CAL-EDM:1;CAL-EDM:2;CAL-EDM:3;CAL-SAS:1;CAL-SAS:2;CAL-SAS:3;CAL-SAS:4;CAL-SAS:5;CAL-SAS:6;CAL-SAS:7;Calgary;EDM-SAS:1;EDM-SAS:2;EDM-SAS:3;EDM-SAS:4;EDM-SAS:5;EDM-SAS:6;KAM-CAL:1;KAM-CAL:2;KAM-CAL:3;KAM-CAL:4;KAM-CAL:5;KAM-CAL:6;KAM-CAL:7;KAM-KEL:1;KAM-KEL:2;KEL-CAL:1;KEL-CAL:2;KEL-CAL:3;KEL-CAL:4;KEL-CAL:5;KEL-CAL:6;KEL-CAL:7;Kamloops;OTT-MON:1;OTT-MON:2;TOR-MON:1;TOR-MON:2;TOR-MON:3;TOR-MON:4;TOR-MON:5;TOR-MON:6;TOR-OTT:1;TOR-OTT:2;TOR-OTT:3;TOR-OTT:4;TOR-OTT:5;VAN-KAM:1;VAN-KAM:2;VAN-KAM:3;VAN-KAM:4;VAN-KEL:1;VAN-KEL:2;VAN-KEL:3;VAN-KEL:4,7.214285714285714,0.985716312727131
