generation_rate_hz,link_fidelity,swap_success,t2_s,status,utility,n_repeaters,served_pairs,total_pairs,all_pairs_served,min_w_pmin,n_model_vars,solve_seconds,repeaters,mean_hops,mean_fidelity
14142.13562373095,0.9590000000000001,0.725,0.001,infeasible,-50.0,0,0,18,0,,0,0.0004885999951511621,,,
14142.13562373095,0.9590000000000001,0.725,0.0011253355826007646,infeasible,-50.0,0,0,18,0,,0,0.000301499996567145,,,
14142.13562373095,0.9590000000000001,0.725,0.0012663801734674035,infeasible,-50.0,0,0,18,0,,0,0.00022529999841935933,,,
14142.13562373095,0.9590000000000001,0.725,0.0014251026703029977,infeasible,-50.0,0,0,18,0,,0,8.849999721860513e-05,,,
14142.13562373095,0.9590000000000001,0.725,0.001603718743751331,infeasible,-50.0,0,0,18,0,,0,0.0009466999981668778,,,
14142.13562373095,0.9590000000000001,0.725,0.0018047217668271701,infeasible,-50.0,0,0,18,0,,0,0.0006834999949205667,,,
14142.13562373095,0.9590000000000001,0.725,0.002030917620904735,optimal,21.127936244355492,4,2,18,0,0.46415888336127825,101,0.006294200000411365,KAM-KEL:1;KAM-KEL:2;OTT-MON:1;OTT-MON:2,3.0,0.8836014737777781
14142.13562373095,0.9590000000000001,0.725,0.0022854638641349907,optimal,21.127936244355492,4,2,18,0,0.46415888336127825,101,0.008093399999779649,KAM-KEL:1;KAM-KEL:2;OTT-MON:1;OTT-MON:2,3.0,0.8836014737777781
14142.13562373095,0.9590000000000001,0.725,0.0025719138090593446,optimal,21.127936244355492,4,2,18,0,0.46415888336127825,101,0.012655799997446593,KAM-KEL:1;KAM-KEL:2;OTT-MON:1;OTT-MON:2,3.0,0.8836014737777781
14142.13562373095,0.9590000000000001,0.725,0.0028942661247167516,optimal,21.127936244355492,4,2,18,0,0.46415888336127825,101,0.017569499999808613,KAM-KEL:1;KAM-KEL:2;OTT-MON:1;OTT-MON:2,3.0,0.8836014737777781
14142.13562373095,0.9590000000000001,0.725,0.0032570206556597828,optimal,29.928754834977838,7,3,18,0,0.23713737056616555,125,0.012198199998238124,CAL-EDM:1;CAL-EDM:2;CAL-EDM:3;KAM-KEL:1;KAM-KEL:2;OTT-MON:1;OTT-MON:2,3.3333333333333335,0.8720558469222719
14142.13562373095,0.9590000000000001,0.725,0.003665241237079626,optimal,35.63989702288721,11,4,18,0,0.08153869645085443,149,0.0067085000046063215,CAL-EDM:1;CAL-EDM:2;CAL-EDM:3;KAM-KEL:1;KAM-KEL:2;OTT-MON:1;OTT-MON:2;VAN-KAM:1;VAN-KAM:2;VAN-KAM:3;VAN-KAM:4,3.75,0.858097184053965
14142.13562373095,0.9590000000000001,0.725,0.004124626382901352,optimal,41.59685078250388,15,5,18,0,0.08153869645085443,173,0.02116550000209827,CAL-EDM:1;CAL-EDM:2;CAL-EDM:3;KAM-KEL:1;KAM-KEL:2;OTT-MON:1;OTT-MON:2;VAN-KAM:1;VAN-KAM:2;VAN-KAM:3;VAN-KAM:4;VAN-KEL:1;VAN-KEL:2;VAN-KEL:3;VAN-KEL:4,4.0,0.8497219863329809
14142.13562373095,0.9590000000000001,0.725,0.004641588833612777,optimal,46.346626108491,20,6,18,0,0.050276352689897476,197,0.01787779999722261,CAL-EDM:1;CAL-EDM:2;CAL-EDM:3;KAM-KEL:1;KAM-KEL:2;OTT-MON:1;OTT-MON:2;TOR-OTT:1;TOR-OTT:2;TOR-OTT:3;TOR-OTT:4;TOR-OTT:5;VAN-KAM:1;VAN-KAM:2;VAN-KAM:3;VAN-KAM:4;VAN-KEL:1;VAN-KEL:2;VAN-KEL:3;VAN-KEL:4,4.333333333333333,0.8389796169604558
14142.13562373095,0.9590000000000001,0.725,0.0052233450742668434,optimal,46.346626108491,20,6,18,0,0.050276352689897476,197,0.01485050000337651,CAL-EDM:1;CAL-EDM:2;CAL-EDM:3;KAM-KEL:1;KAM-KEL:2;OTT-MON:1;OTT-MON:2;TOR-OTT:1;TOR-OTT:2;TOR-OTT:3;TOR-OTT:4;TOR-OTT:5;VAN-KAM:1;VAN-KAM:2;VAN-KAM:3;VAN-KAM:4;VAN-KEL:1;VAN-KEL:2;VAN-KEL:3;VAN-KEL:4,4.333333333333333,0.8389796169604558
14142.13562373095,0.9590000000000001,0.725,0.0058780160722749115,optimal,55.217233196392044,32,8,18,0,0.05387208250415978,262,0.017024499997205567,CAL-EDM:1;CAL-EDM:2;CAL-EDM:3;EDM-SAS:1;EDM-SAS:2;EDM-SAS:3;EDM-SAS:4;EDM-SAS:5;EDM-SAS:6;KAM-KEL:1;KAM-KEL:2;OTT-MON:1;OTT-MON:2;TOR-MON:1;TOR-MON:2;TOR-MON:3;TOR-MON:4;TOR-MON:5;TOR-MON:6;TOR-OTT:1;TOR-OTT:2;TOR-OTT:3;TOR-OTT:4;TOR-OTT:5;VAN-KAM:1;VAN-KAM:2;VAN-KAM:3;VAN-KAM:4;VAN-KEL:1;VAN-KEL:2;VAN-KEL:3;VAN-KEL:4,5.0,0.8182363290534622
14142.13562373095,0.9590000000000001,0.725,0.006614740641230145,optimal,66.8756127660644,53,11,18,0,0.03319923187926317,367,0.04261440000118455,CAL-EDM:1;CAL-EDM:2;CAL-EDM:3;CAL-SAS:1;CAL-SAS:2;CAL-SAS:3;CAL-SAS:4;CAL-SAS:5;CAL-SAS:6;CAL-SAS:7;EDM-SAS:1;EDM-SAS:2;EDM-SAS:3;EDM-SAS:4;EDM-SAS:5;EDM-SAS:6;KAM-CAL:1;KAM-CAL:2;KAM-CAL:3;KAM-CAL:4;KAM-CAL:5;KAM-CAL:6;KAM-CAL:7;KAM-KEL:1;KAM-KEL:2;KEL-CAL:1;KEL-CAL:2;KEL-CAL:3;KEL-CAL:4;KEL-CAL:5;KEL-CAL:6;KEL-CAL:7;OTT-MON:1;OTT-MON:2;TOR-MON:1;TOR-MON:2;TOR-MON:3;TOR-MON:4;TOR-MON:5;TOR-MON:6;TOR-OTT:1;TOR-OTT:2;TOR-OTT:3;TOR-OTT:4;TOR-OTT:5;VAN-KAM:1;VAN-KAM:2;VAN-KAM:3;VAN-KAM:4;VAN-KEL:1;VAN-KEL:2;VAN-KEL:3;VAN-KEL:4,5.818181818181818,0.7937204516464198
14142.13562373095,0.9590000000000001,0.725,0.0074438030132516885,optimal,66.8756127660644,53,11,18,0,0.03319923187926317,367,0.033198700002685655,CAL-EDM:1;CAL-EDM:2;CAL-EDM:3;CAL-SAS:1;CAL-SAS:2;CAL-SAS:3;CAL-SAS:4;CAL-SAS:5;CAL-SAS:6;CAL-SAS:7;EDM-SAS:1;EDM-SAS:2;EDM-SAS:3;EDM-SAS:4;EDM-SAS:5;EDM-SAS:6;KAM-CAL:1;KAM-CAL:2;KAM-CAL:3;KAM-CAL:4;KAM-CAL:5;KAM-CAL:6;KAM-CAL:7;KAM-KEL:1;KAM-KEL:2;KEL-CAL:1;KEL-CAL:2;KEL-CAL:3;KEL-CAL:4;KEL-CAL:5;KEL-CAL:6;KEL-CAL:7;OTT-MON:1;OTT-MON:2;TOR-MON:1;TOR-MON:2;TOR-MON:3;TOR-MON:4;TOR-MON:5;TOR-MON:6;TOR-OTT:1;TOR-OTT:2;TOR-OTT:3;TOR-OTT:4;TOR-OTT:5;VAN-KAM:1;VAN-KAM:2;VAN-KAM:3;VAN-KAM:4;VAN-KEL:1;VAN-KEL:2;VAN-KEL:3;VAN-KEL:4,5.818181818181818,0.7937204516464198
14142.13562373095,0.9590000000000001,0.725,0.008376776400682916,optimal,66.87561276606439,53,11,18,0,0.030017743045081,400,0.052622700000938494,CAL-EDM:1;CAL-EDM:2;CAL-EDM:3;CAL-SAS:1;CAL-SAS:2;CAL-SAS:3;CAL-SAS:4;CAL-SAS:5;CAL-SAS:6;CAL-SAS:7;EDM-SAS:1;EDM-SAS:2;EDM-SAS:3;EDM-SAS:4;EDM-SAS:5;EDM-SAS:6;KAM-CAL:1;KAM-CAL:2;KAM-CAL:3;KAM-CAL:4;KAM-CAL:5;KAM-CAL:6;KAM-CAL:7;KAM-KEL:1;KAM-KEL:2;KEL-CAL:1;KEL-CAL:2;KEL-CAL:3;KEL-CAL:4;KEL-CAL:5;KEL-CAL:6;KEL-CAL:7;OTT-MON:1;OTT-MON:2;TOR-MON:1;TOR-MON:2;TOR-MON:3;TOR-MON:4;TOR-MON:5;TOR-MON:6;TOR-OTT:1;TOR-OTT:2;TOR-OTT:3;TOR-OTT:4;TOR-OTT:5;VAN-KAM:1;VAN-KAM:2;VAN-KAM:3;VAN-KAM:4;VAN-KEL:1;VAN-KEL:2;VAN-KEL:3;VAN-KEL:4,5.818181818181818,0.7937204516464198
14142.13562373095,0.9590000000000001,0.725,0.009426684551178854,optimal,67.72597938079865,54,12,18,0,0.030017743045081,457,0.11672850000468316,CAL-EDM:1;CAL-EDM:2;CAL-EDM:3;CAL-SAS:1;CAL-SAS:2;CAL-SAS:3;CAL-SAS:4;CAL-SAS:5;CAL-SAS:6;CAL-SAS:7;Calgary;EDM-SAS:1;EDM-SAS:2;EDM-SAS:3;EDM-SAS:4;EDM-SAS:5;EDM-SAS:6;KAM-CAL:1;KAM-CAL:2;KAM-CAL:3;KAM-CAL:4;KAM-CAL:5;KAM-CAL:6;KAM-CAL:7;KAM-KEL:1;KAM-KEL:2;KEL-CAL:1;KEL-CAL:2;KEL-CAL:3;KEL-CAL:4;KEL-CAL:5;KEL-CAL:6;KEL-CAL:7;OTT-MON:1;OTT-MON:2;TOR-MON:1;TOR-MON:2;TOR-MON:3;TOR-MON:4;TOR-MON:5;TOR-MON:6;TOR-OTT:1;TOR-OTT:2;TOR-OTT:3;TOR-OTT:4;TOR-OTT:5;VAN-KAM:1;VAN-KAM:2;VAN-KAM:3;VAN-KAM:4;VAN-KEL:1;VAN-KEL:2;VAN-KEL:3;VAN-KEL:4,6.333333333333333,0.7802450346431629
14142.13562373095,0.9590000000000001,0.725,0.010608183551394482,optimal,67.72597938079862,54,12,18,0,0.030017743045081,513,0.13965330000064569,CAL-EDM:1;CAL-EDM:2;CAL-EDM:3;CAL-SAS:1;CAL-SAS:2;CAL-SAS:3;CAL-SAS:4;CAL-SAS:5;CAL-SAS:6;CAL-SAS:7;Calgary;EDM-SAS:1;EDM-SAS:2;EDM-SAS:3;EDM-SAS:4;EDM-SAS:5;EDM-SAS:6;KAM-CAL:1;KAM-CAL:2;KAM-CAL:3;KAM-CAL:4;KAM-CAL:5;KAM-CAL:6;KAM-CAL:7;KAM-KEL:1;KAM-KEL:2;KEL-CAL:1;KEL-CAL:2;KEL-CAL:3;KEL-CAL:4;KEL-CAL:5;KEL-CAL:6;KEL-CAL:7;OTT-MON:1;OTT-MON:2;TOR-MON:1;TOR-MON:2;TOR-MON:3;TOR-MON:4;TOR-MON:5;TOR-MON:6;TOR-OTT:1;TOR-OTT:2;TOR-OTT:3;TOR-OTT:4;TOR-OTT:5;VAN-KAM:1;VAN-KAM:2;VAN-KAM:3;VAN-KAM:4;VAN-KEL:1;VAN-KEL:2;VAN-KEL:3;VAN-KEL:4,6.333333333333333,0.7802450346431629
14142.13562373095,0.9590000000000001,0.725,0.011937766417144363,optimal,67.72597938079862,54,12,18,0,0.03319923187926317,537,0.184286499999871,CAL-EDM:1;CAL-EDM:2;CAL-EDM:3;CAL-SAS:1;CAL-SAS:2;CAL-SAS:3;CAL-SAS:4;CAL-SAS:5;CAL-SAS:6;CAL-SAS:7;Calgary;EDM-SAS:1;EDM-SAS:2;EDM-SAS:3;EDM-SAS:4;EDM-SAS:5;EDM-SAS:6;KAM-CAL:1;KAM-CAL:2;KAM-CAL:3;KAM-CAL:4;KAM-CAL:5;KAM-CAL:6;KAM-CAL:7;KAM-KEL:1;KAM-KEL:2;KEL-CAL:1;KEL-CAL:2;KEL-CAL:3;KEL-CAL:4;KEL-CAL:5;KEL-CAL:6;KEL-CAL:7;OTT-MON:1;OTT-MON:2;TOR-MON:1;TOR-MON:2;TOR-MON:3;TOR-MON:4;TOR-MON:5;TOR-MON:6;TOR-OTT:1;TOR-OTT:2;TOR-OTT:3;TOR-OTT:4;TOR-OTT:5;VAN-KAM:1;VAN-KAM:2;VAN-KAM:3;VAN-KAM:4;VAN-KEL:1;VAN-KEL:2;VAN-KEL:3;VAN-KEL:4,6.333333333333333,0.7802450346431629
14142.13562373095,0.9590000000000001,0.725,0.013433993325989001,optimal,67.72597938079862,54,12,18,0,0.03319923187926317,681,0.1720223000011174,CAL-EDM:1;CAL-EDM:2;CAL-EDM:3;CAL-SAS:1;CAL-SAS:2;CAL-SAS:3;CAL-SAS:4;CAL-SAS:5;CAL-SAS:6;CAL-SAS:7;Calgary;EDM-SAS:1;EDM-SAS:2;EDM-SAS:3;EDM-SAS:4;EDM-SAS:5;EDM-SAS:6;KAM-CAL:1;KAM-CAL:2;KAM-CAL:3;KAM-CAL:4;KAM-CAL:5;KAM-CAL:6;KAM-CAL:7;KAM-KEL:1;KAM-KEL:2;KEL-CAL:1;KEL-CAL:2;KEL-CAL:3;KEL-CAL:4;KEL-CAL:5;KEL-CAL:6;KEL-CAL:7;OTT-MON:1;OTT-MON:2;TOR-MON:1;TOR-MON:2;TOR-MON:3;TOR-MON:4;TOR-MON:5;TOR-MON:6;TOR-OTT:1;TOR-OTT:2;TOR-OTT:3;TOR-OTT:4;TOR-OTT:5;VAN-KAM:1;VAN-KAM:2;VAN-KAM:3;VAN-KAM:4;VAN-KEL:1;VAN-KEL:2;VAN-KEL:3;VAN-KEL:4,6.333333333333333,0.7802450346431629
14142.13562373095,0.9590000000000001,0.725,0.015117750706156624,optimal,67.72597938079862,54,12,18,0,0.03319923187926317,721,0.1724303000009968,CAL-EDM:1;CAL-EDM:2;CAL-EDM:3;CAL-SAS:1;CAL-SAS:2;CAL-SAS:3;CAL-SAS:4;CAL-SAS:5;CAL-SAS:6;CAL-SAS:7;Calgary;EDM-SAS:1;EDM-SAS:2;EDM-SAS:3;EDM-SAS:4;EDM-SAS:5;EDM-SAS:6;KAM-CAL:1;KAM-CAL:2;KAM-CAL:3;KAM-CAL:4;KAM-CAL:5;KAM-CAL:6;KAM-CAL:7;KAM-KEL:1;KAM-KEL:2;KEL-CAL:1;KEL-CAL:2;KEL-CAL:3;KEL-CAL:4;KEL-CAL:5;KEL-CAL:6;KEL-CAL:7;OTT-MON:1;OTT-MON:2;TOR-MON:1;TOR-MON:2;TOR-MON:3;TOR-MON:4;TOR-MON:5;TOR-MON:6;TOR-OTT:1;TOR-OTT:2;TOR-OTT:3;TOR-OTT:4;TOR-OTT:5;VAN-KAM:1;VAN-KAM:2;VAN-KAM:3;VAN-KAM:4;VAN-KEL:1;VAN-KEL:2;VAN-KEL:3;VAN-KEL:4,6.333333333333333,0.7802450346431629
14142.13562373095,0.9590000000000001,0.725,0.017012542798525893,optimal,67.72597938079862,54,12,18,0,0.03319923187926317,793,0.20186590000230353,CAL-EDM:1;CAL-EDM:2;CAL-EDM:3;CAL-SAS:1;CAL-SAS:2;CAL-SAS:3;CAL-SAS:4;CAL-SAS:5;CAL-SAS:6;CAL-SAS:7;Calgary;EDM-SAS:1;EDM-SAS:2;EDM-SAS:3;EDM-SAS:4;EDM-SAS:5;EDM-SAS:6;KAM-CAL:1;KAM-CAL:2;KAM-CAL:3;KAM-CAL:4;KAM-CAL:5;KAM-CAL:6;KAM-CAL:7;KAM-KEL:1;KAM-KEL:2;KEL-CAL:1;KEL-CAL:2;KEL-CAL:3;KEL-CAL:4;KEL-CAL:5;KEL-CAL:6;KEL-CAL:7;OTT-MON:1;OTT-MON:2;TOR-MON:1;TOR-MON:2;TOR-MON:3;TOR-MON:4;TOR-MON:5;TOR-MON:6;TOR-OTT:1;TOR-OTT:2;TOR-OTT:3;TOR-OTT:4;TOR-OTT:5;VAN-KAM:1;VAN-KAM:2;VAN-KAM:3;VAN-KAM:4;VAN-KEL:1;VAN-KEL:2;VAN-KEL:3;VAN-KEL:4,6.333333333333333,0.7802450346431629
14142.13562373095,0.9590000000000001,0.725,0.019144819761699575,optimal,67.72597938079862,54,12,18,0,0.03319923187926317,809,0.17581620000419207,CAL-EDM:1;CAL-EDM:2;CAL-EDM:3;CAL-SAS:1;CAL-SAS:2;CAL-SAS:3;CAL-SAS:4;CAL-SAS:5;CAL-SAS:6;CAL-SAS:7;Calgary;EDM-SAS:1;EDM-SAS:2;EDM-SAS:3;EDM-SAS:4;EDM-SAS:5;EDM-SAS:6;KAM-CAL:1;KAM-CAL:2;KAM-CAL:3;KAM-CAL:4;KAM-CAL:5;KAM-CAL:6;KAM-CAL:7;KAM-KEL:1;KAM-KEL:2;KEL-CAL:1;KEL-CAL:2;KEL-CAL:3;KEL-CAL:4;KEL-CAL:5;KEL-CAL:6;KEL-CAL:7;OTT-MON:1;OTT-MON:2;TOR-MON:1;TOR-MON:2;TOR-MON:3;TOR-MON:4;TOR-MON:5;TOR-MON:6;TOR-OTT:1;TOR-OTT:2;TOR-OTT:3;TOR-OTT:4;TOR-OTT:5;VAN-KAM:1;VAN-KAM:2;VAN-KAM:3;VAN-KAM:4;VAN-KEL:1;VAN-KEL:2;VAN-KEL:3;VAN-KEL:4,6.333333333333333,0.7802450346431629
14142.13562373095,0.9590000000000001,0.725,0.021544346900318832,optimal,67.72597938079862,54,12,18,0,0.03319923187926317,809,0.15282669999578502,CAL-EDM:1;CAL-EDM:2;CAL-EDM:3;CAL-SAS:1;CAL-SAS:2;CAL-SAS:3;CAL-SAS:4;CAL-SAS:5;CAL-SAS:6;CAL-SAS:7;Calgary;EDM-SAS:1;EDM-SAS:2;EDM-SAS:3;EDM-SAS:4;EDM-SAS:5;EDM-SAS:6;KAM-CAL:1;KAM-CAL:2;KAM-CAL:3;KAM-CAL:4;KAM-CAL:5;KAM-CAL:6;KAM-CAL:7;KAM-KEL:1;KAM-KEL:2;KEL-CAL:1;KEL-CAL:2;KEL-CAL:3;KEL-CAL:4;KEL-CAL:5;KEL-CAL:6;KEL-CAL:7;OTT-MON:1;OTT-MON:2;TOR-MON:1;TOR-MON:2;TOR-MON:3;TOR-MON:4;TOR-MON:5;TOR-MON:6;TOR-OTT:1;TOR-OTT:2;TOR-OTT:3;TOR-OTT:4;TOR-OTT:5;VAN-KAM:1;VAN-KAM:2;VAN-KAM:3;VAN-KAM:4;VAN-KEL:1;VAN-KEL:2;VAN-KEL:3;VAN-KEL:4,6.333333333333333,0.7802450346431629
14142.13562373095,0.9590000000000001,0.725,0.024244620170823284,optimal,67.72597938079862,54,12,18,0,0.03319923187926317,809,0.15270269999746233,CAL-EDM:1;CAL-EDM:2;CAL-EDM:3;CAL-SAS:1;CAL-SAS:2;CAL-SAS:3;CAL-SAS:4;CAL-SAS:5;CAL-SAS:6;CAL-SAS:7;Calgary;EDM-SAS:1;EDM-SAS:2;EDM-SAS:3;EDM-SAS:4;EDM-SAS:5;EDM-SAS:6;KAM-CAL:1;KAM-CAL:2;KAM-CAL:3;KAM-CAL:4;KAM-CAL:5;KAM-CAL:6;KAM-CAL:7;KAM-KEL:1;KAM-KEL:2;KEL-CAL:1;KEL-CAL:2;KEL-CAL:3;KEL-CAL:4;KEL-CAL:5;KEL-CAL:6;KEL-CAL:7;OTT-MON:1;OTT-MON:2;TOR-MON:1;TOR-MON:2;TOR-MON:3;TOR-MON:4;TOR-MON:5;TOR-MON:6;TOR-OTT:1;TOR-OTT:2;TOR-OTT:3;TOR-OTT:4;TOR-OTT:5;VAN-KAM:1;VAN-KAM:2;VAN-KAM:3;VAN-KAM:4;VAN-KEL:1;VAN-KEL:2;VAN-KEL:3;VAN-KEL:4,6.333333333333333,0.7802450346431629
14142.13562373095,0.9590000000000001,0.725,0.02728333376486768,optimal,67.72597938079862,54,12,18,0,0.03319923187926317,809,0.19060840000020107,CAL-EDM:1;CAL-EDM:2;CAL-EDM:3;CAL-SAS:1;CAL-SAS:2;CAL-SAS:3;CAL-SAS:4;CAL-SAS:5;CAL-SAS:6;CAL-SAS:7;Calgary;EDM-SAS:1;EDM-SAS:2;EDM-SAS:3;EDM-SAS:4;EDM-SAS:5;EDM-SAS:6;KAM-CAL:1;KAM-CAL:2;KAM-CAL:3;KAM-CAL:4;KAM-CAL:5;KAM-CAL:6;KAM-CAL:7;KAM-KEL:1;KAM-KEL:2;KEL-CAL:1;KEL-CAL:2;KEL-CAL:3;KEL-CAL:4;KEL-CAL:5;KEL-CAL:6;KEL-CAL:7;OTT-MON:1;OTT-MON:2;TOR-MON:1;TOR-MON:2;TOR-MON:3;TOR-MON:4;TOR-MON:5;TOR-MON:6;TOR-OTT:1;TOR-OTT:2;TOR-OTT:3;TOR-OTT:4;TOR-OTT:5;VAN-KAM:1;VAN-KAM:2;VAN-KAM:3;VAN-KAM:4;VAN-KEL:1;VAN-KEL:2;VAN-KEL:3;VAN-KEL:4,6.333333333333333,0.7802450346431629
14142.13562373095,0.9590000000000001,0.725,0.0307029062975785,optimal,67.72597938079862,54,12,18,0,0.03319923187926317,809,0.18455970000650268,CAL-EDM:1;CAL-EDM:2;CAL-EDM:3;CAL-SAS:1;CAL-SAS:2;CAL-SAS:3;CAL-SAS:4;CAL-SAS:5;CAL-SAS:6;CAL-SAS:7;Calgary;EDM-SAS:1;EDM-SAS:2;EDM-SAS:3;EDM-SAS:4;EDM-SAS:5;EDM-SAS:6;KAM-CAL:1;KAM-CAL:2;KAM-CAL:3;KAM-CAL:4;KAM-CAL:5;KAM-CAL:6;KAM-CAL:7;KAM-KEL:1;KAM-KEL:2;KEL-CAL:1;KEL-CAL:2;KEL-CAL:3;KEL-CAL:4;KEL-CAL:5;KEL-CAL:6;KEL-CAL:7;OTT-MON:1;OTT-MON:2;TOR-MON:1;TOR-MON:2;TOR-MON:3;TOR-MON:4;TOR-MON:5;TOR-MON:6;TOR-OTT:1;TOR-OTT:2;TOR-OTT:3;TOR-OTT:4;TOR-OTT:5;VAN-KAM:1;VAN-KAM:2;VAN-KAM:3;VAN-KAM:4;VAN-KEL:1;VAN-KEL:2;VAN-KEL:3;VAN-KEL:4,6.333333333333333,0.7802450346431629
14142.13562373095,0.9590000000000001,0.725,0.03455107294592218,optimal,67.72597938079862,54,12,18,0,0.03319923187926317,809,0.14844340000126977,CAL-EDM:1;CAL-EDM:2;CAL-EDM:3;CAL-SAS:1;CAL-SAS:2;CAL-SAS:3;CAL-SAS:4;CAL-SAS:5;CAL-SAS:6;CAL-SAS:7;Calgary;EDM-SAS:1;EDM-SAS:2;EDM-SAS:3;EDM-SAS:4;EDM-SAS:5;EDM-SAS:6;KAM-CAL:1;KAM-CAL:2;KAM-CAL:3;KAM-CAL:4;KAM-CAL:5;KAM-CAL:6;KAM-CAL:7;KAM-KEL:1;KAM-KEL:2;KEL-CAL:1;KEL-CAL:2;KEL-CAL:3;KEL-CAL:4;KEL-CAL:5;KEL-CAL:6;KEL-CAL:7;OTT-MON:1;OTT-MON:2;TOR-MON:1;TOR-MON:2;TOR-MON:3;TOR-MON:4;TOR-MON:5;TOR-MON:6;TOR-OTT:1;TOR-OTT:2;TOR-OTT:3;TOR-OTT:4;TOR-OTT:5;VAN-KAM:1;VAN-KAM:2;VAN-KAM:3;VAN-KAM:4;VAN-KEL:1;VAN-KEL:2;VAN-KEL:3;VAN-KEL:4,6.333333333333333,0.7802450346431629
14142.13562373095,0.9590000000000001,0.725,0.03888155180308087,optimal,67.72597938079862,54,12,18,0,0.03319923187926317,809,0.17168970000057016,CAL-EDM:1;CAL-EDM:2;CAL-EDM:3;CAL-SAS:1;CAL-SAS:2;CAL-SAS:3;CAL-SAS:4;CAL-SAS:5;CAL-SAS:6;CAL-SAS:7;Calgary;EDM-SAS:1;EDM-SAS:2;EDM-SAS:3;EDM-SAS:4;EDM-SAS:5;EDM-SAS:6;KAM-CAL:1;KAM-CAL:2;KAM-CAL:3;KAM-CAL:4;KAM-CAL:5;KAM-CAL:6;KAM-CAL:7;KAM-KEL:1;KAM-KEL:2;KEL-CAL:1;KEL-CAL:2;KEL-CAL:3;KEL-CAL:4;KEL-CAL:5;KEL-CAL:6;KEL-CAL:7;OTT-MON:1;OTT-MON:2;TOR-MON:1;TOR-MON:2;TOR-MON:3;TOR-MON:4;TOR-MON:5;TOR-MON:6;TOR-OTT:1;TOR-OTT:2;TOR-OTT:3;TOR-OTT:4;TOR-OTT:5;VAN-KAM:1;VAN-KAM:2;VAN-KAM:3;VAN-KAM:4;VAN-KEL:1;VAN-KEL:2;VAN-KEL:3;VAN-KEL:4,6.333333333333333,0.7802450346431629
14142.13562373095,0.9590000000000001,0.725,0.043754793750741844,optimal,67.72597938079862,54,12,18,0,0.03319923187926317,809,0.14935759999934817,CAL-EDM:1;CAL-EDM:2;CAL-EDM:3;CAL-SAS:1;CAL-SAS:2;CAL-SAS:3;CAL-SAS:4;CAL-SAS:5;CAL-SAS:6;CAL-SAS:7;Calgary;EDM-SAS:1;EDM-SAS:2;EDM-SAS:3;EDM-SAS:4;EDM-SAS:5;EDM-SAS:6;KAM-CAL:1;KAM-CAL:2;KAM-CAL:3;KAM-CAL:4;KAM-CAL:5;KAM-CAL:6;KAM-CAL:7;KAM-KEL:1;KAM-KEL:2;KEL-CAL:1;KEL-CAL:2;KEL-CAL:3;KEL-CAL:4;KEL-CAL:5;KEL-CAL:6;KEL-CAL:7;OTT-MON:1;OTT-MON:2;TOR-MON:1;TOR-MON:2;TOR-MON:3;TOR-MON:4;TOR-MON:5;TOR-MON:6;TOR-OTT:1;TOR-OTT:2;TOR-OTT:3;TOR-OTT:4;TOR-OTT:5;VAN-KAM:1;VAN-KAM:2;VAN-KAM:3;VAN-KAM:4;VAN-KEL:1;VAN-KEL:2;VAN-KEL:3;VAN-KEL:4,6.333333333333333,0.7802450346431629
14142.13562373095,0.9590000000000001,0.725,0.04923882631706739,optimal,67.72597938079862,54,12,18,0,0.03319923187926317,809,0.17420519999723183,CAL-EDM:1;CAL-EDM:2;CAL-EDM:3;CAL-SAS:1;CAL-SAS:2;CAL-SAS:3;CAL-SAS:4;CAL-SAS:5;CAL-SAS:6;CAL-SAS:7;Calgary;EDM-SAS:1;EDM-SAS:2;EDM-SAS:3;EDM-SAS:4;EDM-SAS:5;EDM-SAS:6;KAM-CAL:1;KAM-CAL:2;KAM-CAL:3;KAM-CAL:4;KAM-CAL:5;KAM-CAL:6;KAM-CAL:7;KAM-KEL:1;KAM-KEL:2;KEL-CAL:1;KEL-CAL:2;KEL-CAL:3;KEL-CAL:4;KEL-CAL:5;KEL-CAL:6;KEL-CAL:7;OTT-MON:1;OTT-MON:2;TOR-MON:1;TOR-MON:2;TOR-MON:3;TOR-MON:4;TOR-MON:5;TOR-MON:6;TOR-OTT:1;TOR-OTT:2;TOR-OTT:3;TOR-OTT:4;TOR-OTT:5;VAN-KAM:1;VAN-KAM:2;VAN-KAM:3;VAN-KAM:4;VAN-KEL:1;VAN-KEL:2;VAN-KEL:3;VAN-KEL:4,6.333333333333333,0.7802450346431629
14142.13562373095,0.9590000000000001,0.725,0.05541020330009492,optimal,67.72597938079862,54,12,18,0,0.03319923187926317,809,0.18555590000323718,CAL-EDM:1;CAL-EDM:2;CAL-EDM:3;CAL-SAS:1;CAL-SAS:2;CAL-SAS:3;CAL-SAS:4;CAL-SAS:5;CAL-SAS:6;CAL-SAS:7;Calgary;EDM-SAS:1;EDM-SAS:2;EDM-SAS:3;EDM-SAS:4;EDM-SAS:5;EDM-SAS:6;KAM-CAL:1;KAM-CAL:2;KAM-CAL:3;KAM-CAL:4;KAM-CAL:5;KAM-CAL:6;KAM-CAL:7;KAM-KEL:1;KAM-KEL:2;KEL-CAL:1;KEL-CAL:2;KEL-CAL:3;KEL-CAL:4;KEL-CAL:5;KEL-CAL:6;KEL-CAL:7;OTT-MON:1;OTT-MON:2;TOR-MON:1;TOR-MON:2;TOR-MON:3;TOR-MON:4;TOR-MON:5;TOR-MON:6;TOR-OTT:1;TOR-OTT:2;TOR-OTT:3;TOR-OTT:4;TOR-OTT:5;VAN-KAM:1;VAN-KAM:2;VAN-KAM:3;VAN-KAM:4;VAN-KEL:1;VAN-KEL:2;VAN-KEL:3;VAN-KEL:4,6.333333333333333,0.7802450346431629
14142.13562373095,0.9590000000000001,0.725,0.062355073412739125,optimal,67.72597938079862,54,12,18,0,0.03319923187926317,809,0.12911889999668347,CAL-EDM:1;CAL-EDM:2;CAL-EDM:3;CAL-SAS:1;CAL-SAS:2;CAL-SAS:3;CAL-SAS:4;CAL-SAS:5;CAL-SAS:6;CAL-SAS:7;Calgary;EDM-SAS:1;EDM-SAS:2;EDM-SAS:3;EDM-SAS:4;EDM-SAS:5;EDM-SAS:6;KAM-CAL:1;KAM-CAL:2;KAM-CAL:3;KAM-CAL:4;KAM-CAL:5;KAM-CAL:6;KAM-CAL:7;KAM-KEL:1;KAM-KEL:2;KEL-CAL:1;KEL-CAL:2;KEL-CAL:3;KEL-CAL:4;KEL-CAL:5;KEL-CAL:6;KEL-CAL:7;OTT-MON:1;OTT-MON:2;TOR-MON:1;TOR-MON:2;TOR-MON:3;TOR-MON:4;TOR-MON:5;TOR-MON:6;TOR-OTT:1;TOR-OTT:2;TOR-OTT:3;TOR-OTT:4;TOR-OTT:5;VAN-KAM:1;VAN-KAM:2;VAN-KAM:3;VAN-KAM:4;VAN-KEL:1;VAN-KEL:2;VAN-KEL:3;VAN-KEL:4,6.333333333333333,0.7802450346431629
14142.13562373095,0.9590000000000001,0.725,0.07017038286703826,optimal,67.72597938079862,54,12,18,0,0.03319923187926317,809,0.17058189999806928,CAL-EDM:1;CAL-EDM:2;CAL-EDM:3;CAL-SAS:1;CAL-SAS:2;CAL-SAS:3;CAL-SAS:4;CAL-SAS:5;CAL-SAS:6;CAL-SAS:7;Calgary;EDM-SAS:1;EDM-SAS:2;EDM-SAS:3;EDM-SAS:4;EDM-SAS:5;EDM-SAS:6;KAM-CAL:1;KAM-CAL:2;KAM-CAL:3;KAM-CAL:4;KAM-CAL:5;KAM-CAL:6;KAM-CAL:7;KAM-KEL:1;KAM-KEL:2;KEL-CAL:1;KEL-CAL:2;KEL-CAL:3;KEL-CAL:4;KEL-CAL:5;KEL-CAL:6;KEL-CAL:7;OTT-MON:1;OTT-MON:2;TOR-MON:1;TOR-MON:2;TOR-MON:3;TOR-MON:4;TOR-MON:5;TOR-MON:6;TOR-OTT:1;TOR-OTT:2;TOR-OTT:3;TOR-OTT:4;TOR-OTT:5;VAN-KAM:1;VAN-KAM:2;VAN-KAM:3;VAN-KAM:4;VAN-KEL:1;VAN-KEL:2;VAN-KEL:3;VAN-KEL:4,6.333333333333333,0.7802450346431629
14142.13562373095,0.9590000000000001,0.725,0.07896522868499725,optimal,67.72597938079862,54,12,18,0,0.03319923187926317,809,0.1591128000000026,CAL-EDM:1;CAL-EDM:2;CAL-EDM:3;CAL-SAS:1;CAL-SAS:2;CAL-SAS:3;CAL-SAS:4;CAL-SAS:5;CAL-SAS:6;CAL-SAS:7;Calgary;EDM-SAS:1;EDM-SAS:2;EDM-SAS:3;EDM-SAS:4;EDM-SAS:5;EDM-SAS:6;KAM-CAL:1;KAM-CAL:2;KAM-CAL:3;KAM-CAL:4;KAM-CAL:5;KAM-CAL:6;KAM-CAL:7;KAM-KEL:1;KAM-KEL:2;KEL-CAL:1;KEL-CAL:2;KEL-CAL:3;KEL-CAL:4;KEL-CAL:5;KEL-CAL:6;KEL-CAL:7;OTT-MON:1;OTT-MON:2;TOR-MON:1;TOR-MON:2;TOR-MON:3;TOR-MON:4;TOR-MON:5;TOR-MON:6;TOR-OTT:1;TOR-OTT:2;TOR-OTT:3;TOR-OTT:4;TOR-OTT:5;VAN-KAM:1;VAN-KAM:2;VAN-KAM:3;VAN-KAM:4;VAN-KEL:1;VAN-KEL:2;VAN-KEL:3;VAN-KEL:4,6.333333333333333,0.7802450346431629
14142.13562373095,0.9590000000000001,0.725,0.08886238162743403,optimal,67.72597938079862,54,12,18,0,0.03319923187926317,809,0.15929899999900954,CAL-EDM:1;CAL-EDM:2;CAL-EDM:3;CAL-SAS:1;CAL-SAS:2;CAL-SAS:3;CAL-SAS:4;CAL-SAS:5;CAL-SAS:6;CAL-SAS:7;Calgary;EDM-SAS:1;EDM-SAS:2;EDM-SAS:3;EDM-SAS:4;EDM-SAS:5;EDM-SAS:6;KAM-CAL:1;KAM-CAL:2;KAM-CAL:3;KAM-CAL:4;KAM-CAL:5;KAM-CAL:6;KAM-CAL:7;KAM-KEL:1;KAM-KEL:2;KEL-CAL:1;KEL-CAL:2;KEL-CAL:3;KEL-CAL:4;KEL-CAL:5;KEL-CAL:6;KEL-CAL:7;OTT-MON:1;OTT-MON:2;TOR-MON:1;TOR-MON:2;TOR-MON:3;TOR-MON:4;TOR-MON:5;TOR-MON:6;TOR-OTT:1;TOR-OTT:2;TOR-OTT:3;TOR-OTT:4;TOR-OTT:5;VAN-KAM:1;VAN-KAM:2;VAN-KAM:3;VAN-KAM:4;VAN-KEL:1;VAN-KEL:2;VAN-KEL:3;VAN-KEL:4,6.333333333333333,0.7802450346431629
14142.13562373095,0.9590000000000001,0.725,0.1,optimal,67.72597938079862,54,12,18,0,0.03319923187926317,809,0.17729189999954542,CAL-EDM:1;CAL-EDM:2;CAL-EDM:3;CAL-SAS:1;CAL-SAS:2;CAL-SAS:3;CAL-SAS:4;CAL-SAS:5;CAL-SAS:6;CAL-SAS:7;Calgary;EDM-SAS:1;EDM-SAS:2;EDM-SAS:3;EDM-SAS:4;EDM-SAS:5;EDM-SAS:6;KAM-CAL:1;KAM-CAL:2;KAM-CAL:3;KAM-CAL:4;KAM-CAL:5;KAM-CAL:6;KAM-CAL:7;KAM-KEL:1;KAM-KEL:2;KEL-CAL:1;KEL-CAL:2;KEL-CAL:3;KEL-CAL:4;KEL-CAL:5;KEL-CAL:6;KEL-CAL:7;OTT-MON:1;OTT-MON:2;TOR-MON:1;TOR-MON:2;TOR-MON:3;TOR-MON:4;TOR-MON:5;TOR-MON:6;TOR-OTT:1;TOR-OTT:2;TOR-OTT:3;TOR-OTT:4;TOR-OTT:5;VAN-KAM:1;VAN-KAM:2;VAN-KAM:3;VAN-KAM:4;VAN-KEL:1;VAN-KEL:2;VAN-KEL:3;VAN-KEL:4,6.333333333333333,0.7802450346431629
