t2_s,link_fidelity,swap_success,generation_rate_hz,status,utility,n_repeaters,served_pairs,total_pairs,all_pairs_served,min_w_pmin,n_model_vars,solve_seconds,repeaters,mean_hops,mean_fidelity
0.01,0.9590000000000001,0.725,1000.0,optimal,25.305004111269668,46,10,18,0,0.04279211619645008,513,0.0881057000005967,CAL-EDM:1;CAL-EDM:2;CAL-EDM:3;CAL-SAS:1;CAL-SAS:2;CAL-SAS:3;CAL-SAS:4;CAL-SAS:5;CAL-SAS:6;CAL-SAS:7;EDM-SAS:1;EDM-SAS:2;EDM-SAS:3;EDM-SAS:4;EDM-SAS:5;EDM-SAS:6;KAM-CAL:1;KAM-CAL:2;KAM-CAL:3;KAM-CAL:4;KAM-CAL:5;KAM-CAL:6;KAM-CAL:7;KAM-KEL:1;KAM-KEL:2;OTT-MON:1;OTT-MON:2;TOR-MON:1;TOR-MON:2;TOR-MON:3;TOR-MON:4;TOR-MON:5;TOR-MON:6;TOR-OTT:1;TOR-OTT:2;TOR-OTT:3;TOR-OTT:4;TOR-OTT:5;VAN-KAM:1;VAN-KAM:2;VAN-KAM:3;VAN-KAM:4;VAN-KEL:1;VAN-KEL:2;VAN-KEL:3;VAN-KEL:4,5.6,0.8002580189549644
0.01,0.9590000000000001,0.725,1145.5149701087116,optimal,27.26496723685292,46,10,18,0,0.04279211619645008,513,0.06420410000282573,CAL-EDM:1;CAL-EDM:2;CAL-EDM:3;CAL-SAS:1;CAL-SAS:2;CAL-SAS:3;CAL-SAS:4;CAL-SAS:5;CAL-SAS:6;CAL-SAS:7;EDM-SAS:1;EDM-SAS:2;EDM-SAS:3;EDM-SAS:4;EDM-SAS:5;EDM-SAS:6;KAM-CAL:1;KAM-CAL:2;KAM-CAL:3;KAM-CAL:4;KAM-CAL:5;KAM-CAL:6;KAM-CAL:7;KAM-KEL:1;KAM-KEL:2;OTT-MON:1;OTT-MON:2;TOR-MON:1;TOR-MON:2;TOR-MON:3;TOR-MON:4;TOR-MON:5;TOR-MON:6;TOR-OTT:1;TOR-OTT:2;TOR-OTT:3;TOR-OTT:4;TOR-OTT:5;VAN-KAM:1;VAN-KAM:2;VAN-KAM:3;VAN-KAM:4;VAN-KEL:1;VAN-KEL:2;VAN-KEL:3;VAN-KEL:4,5.6,0.8002580189549644
0.01,0.9590000000000001,0.725,1312.2045467431637,optimal,29.224930362436194,46,10,18,0,0.04279211619645008,513,0.07070720000047004,CAL-EDM:1;CAL-EDM:2;CAL-EDM:3;CAL-SAS:1;CAL-SAS:2;CAL-SAS:3;CAL-SAS:4;CAL-SAS:5;CAL-SAS:6;CAL-SAS:7;EDM-SAS:1;EDM-SAS:2;EDM-SAS:3;EDM-SAS:4;EDM-SAS:5;EDM-SAS:6;KAM-CAL:1;KAM-CAL:2;KAM-CAL:3;KAM-CAL:4;KAM-CAL:5;KAM-CAL:6;KAM-CAL:7;KAM-KEL:1;KAM-KEL:2;OTT-MON:1;OTT-MON:2;TOR-MON:1;TOR-MON:2;TOR-MON:3;TOR-MON:4;TOR-MON:5;TOR-MON:6;TOR-OTT:1;TOR-OTT:2;TOR-OTT:3;TOR-OTT:4;TOR-OTT:5;VAN-KAM:1;VAN-KAM:2;VAN-KAM:3;VAN-KAM:4;VAN-KEL:1;VAN-KEL:2;VAN-KEL:3;VAN-KEL:4,5.6,0.8002580189549644
0.01,0.9590000000000001,0.725,1503.1499521390106,optimal,31.30228203672815,53,11,18,0,0.030017743045081,513,0.07850989999860758,CAL-EDM:1;CAL-EDM:2;CAL-EDM:3;CAL-SAS:1;CAL-SAS:2;CAL-SAS:3;CAL-SAS:4;CAL-SAS:5;CAL-SAS:6;CAL-SAS:7;EDM-SAS:1;EDM-SAS:2;EDM-SAS:3;EDM-SAS:4;EDM-SAS:5;EDM-SAS:6;KAM-CAL:1;KAM-CAL:2;KAM-CAL:3;KAM-CAL:4;KAM-CAL:5;KAM-CAL:6;KAM-CAL:7;KAM-KEL:1;KAM-KEL:2;KEL-CAL:1;KEL-CAL:2;KEL-CAL:3;KEL-CAL:4;KEL-CAL:5;KEL-CAL:6;KEL-CAL:7;OTT-MON:1;OTT-MON:2;TOR-MON:1;TOR-MON:2;TOR-MON:3;TOR-MON:4;TOR-MON:5;TOR-MON:6;TOR-OTT:1;TOR-OTT:2;TOR-OTT:3;TOR-OTT:4;TOR-OTT:5;VAN-KAM:1;VAN-KAM:2;VAN-KAM:3;VAN-KAM:4;VAN-KEL:1;VAN-KEL:2;VAN-KEL:3;VAN-KEL:4,5.818181818181818,0.7937204516464198
0.01,0.9590000000000001,0.725,1721.8807724934316,optimal,33.458241474869745,53,11,18,0,0.030017743045081,513,0.04707350000535371,CAL-EDM:1;CAL-EDM:2;CAL-EDM:3;CAL-SAS:1;CAL-SAS:2;CAL-SAS:3;CAL-SAS:4;CAL-SAS:5;CAL-SAS:6;CAL-SAS:7;EDM-SAS:1;EDM-SAS:2;EDM-SAS:3;EDM-SAS:4;EDM-SAS:5;EDM-SAS:6;KAM-CAL:1;KAM-CAL:2;KAM-CAL:3;KAM-CAL:4;KAM-CAL:5;KAM-CAL:6;KAM-CAL:7;KAM-KEL:1;KAM-KEL:2;KEL-CAL:1;KEL-CAL:2;KEL-CAL:3;KEL-CAL:4;KEL-CAL:5;KEL-CAL:6;KEL-CAL:7;OTT-MON:1;OTT-MON:2;TOR-MON:1;TOR-MON:2;TOR-MON:3;TOR-MON:4;TOR-MON:5;TOR-MON:6;TOR-OTT:1;TOR-OTT:2;TOR-OTT:3;TOR-OTT:4;TOR-OTT:5;VAN-KAM:1;VAN-KAM:2;VAN-KAM:3;VAN-KAM:4;VAN-KEL:1;VAN-KEL:2;VAN-KEL:3;VAN-KEL:4,5.818181818181818,0.7937204516464198
0.01,0.9590000000000001,0.725,1972.4402016335785,optimal,35.61420091301133,53,11,18,0,0.03319923187926317,513,0.04823069999838481,CAL-EDM:1;CAL-EDM:2;CAL-EDM:3;CAL-SAS:1;CAL-SAS:2;CAL-SAS:3;CAL-SAS:4;CAL-SAS:5;CAL-SAS:6;CAL-SAS:7;EDM-SAS:1;EDM-SAS:2;EDM-SAS:3;EDM-SAS:4;EDM-SAS:5;EDM-SAS:6;KAM-CAL:1;KAM-CAL:2;KAM-CAL:3;KAM-CAL:4;KAM-CAL:5;KAM-CAL:6;KAM-CAL:7;KAM-KEL:1;KAM-KEL:2;KEL-CAL:1;KEL-CAL:2;KEL-CAL:3;KEL-CAL:4;KEL-CAL:5;KEL-CAL:6;KEL-CAL:7;OTT-MON:1;OTT-MON:2;TOR-MON:1;TOR-MON:2;TOR-MON:3;TOR-MON:4;TOR-MON:5;TOR-MON:6;TOR-OTT:1;TOR-OTT:2;TOR-OTT:3;TOR-OTT:4;TOR-OTT:5;VAN-KAM:1;VAN-KAM:2;VAN-KAM:3;VAN-KAM:4;VAN-KEL:1;VAN-KEL:2;VAN-KEL:3;VAN-KEL:4,5.818181818181818,0.7937204516464198
0.01,0.9590000000000001,0.725,2259.459778615512,optimal,37.770160351152924,53,11,18,0,0.030017743045081,513,0.04986710000230232,CAL-EDM:1;CAL-EDM:2;CAL-EDM:3;CAL-SAS:1;CAL-SAS:2;CAL-SAS:3;CAL-SAS:4;CAL-SAS:5;CAL-SAS:6;CAL-SAS:7;EDM-SAS:1;EDM-SAS:2;EDM-SAS:3;EDM-SAS:4;EDM-SAS:5;EDM-SAS:6;KAM-CAL:1;KAM-CAL:2;KAM-CAL:3;KAM-CAL:4;KAM-CAL:5;KAM-CAL:6;KAM-CAL:7;KAM-KEL:1;KAM-KEL:2;KEL-CAL:1;KEL-CAL:2;KEL-CAL:3;KEL-CAL:4;KEL-CAL:5;KEL-CAL:6;KEL-CAL:7;OTT-MON:1;OTT-MON:2;TOR-MON:1;TOR-MON:2;TOR-MON:3;TOR-MON:4;TOR-MON:5;TOR-MON:6;TOR-OTT:1;TOR-OTT:2;TOR-OTT:3;TOR-OTT:4;TOR-OTT:5;VAN-KAM:1;VAN-KAM:2;VAN-KAM:3;VAN-KAM:4;VAN-KEL:1;VAN-KEL:2;VAN-KEL:3;VAN-KEL:4,5.818181818181818,0.7937204516464198
0.01,0.9590000000000001,0.725,2588.2450007625844,optimal,39.92611978929451,53,11,18,0,0.030017743045081,513,0.05278779999935068,CAL-EDM:1;CAL-EDM:2;CAL-EDM:3;CAL-SAS:1;CAL-SAS:2;CAL-SAS:3;CAL-SAS:4;CAL-SAS:5;CAL-SAS:6;CAL-SAS:7;EDM-SAS:1;EDM-SAS:2;EDM-SAS:3;EDM-SAS:4;EDM-SAS:5;EDM-SAS:6;KAM-CAL:1;KAM-CAL:2;KAM-CAL:3;KAM-CAL:4;KAM-CAL:5;KAM-CAL:6;KAM-CAL:7;KAM-KEL:1;KAM-KEL:2;KEL-CAL:1;KEL-CAL:2;KEL-CAL:3;KEL-CAL:4;KEL-CAL:5;KEL-CAL:6;KEL-CAL:7;OTT-MON:1;OTT-MON:2;TOR-MON:1;TOR-MON:2;TOR-MON:3;TOR-MON:4;TOR-MON:5;TOR-MON:6;TOR-OTT:1;TOR-OTT:2;TOR-OTT:3;TOR-OTT:4;TOR-OTT:5;VAN-KAM:1;VAN-KAM:2;VAN-KAM:3;VAN-KAM:4;VAN-KEL:1;VAN-KEL:2;VAN-KEL:3;VAN-KEL:4,5.818181818181818,0.7937204516464198
0.01,0.9590000000000001,0.725,2964.873394682577,optimal,42.08207922743611,53,11,18,0,0.030017743045081,513,0.03199609999865061,CAL-EDM:1;CAL-EDM:2;CAL-EDM:3;CAL-SAS:1;CAL-SAS:2;CAL-SAS:3;CAL-SAS:4;CAL-SAS:5;CAL-SAS:6;CAL-SAS:7;EDM-SAS:1;EDM-SAS:2;EDM-SAS:3;EDM-SAS:4;EDM-SAS:5;EDM-SAS:6;KAM-CAL:1;KAM-CAL:2;KAM-CAL:3;KAM-CAL:4;KAM-CAL:5;KAM-CAL:6;KAM-CAL:7;KAM-KEL:1;KAM-KEL:2;KEL-CAL:1;KEL-CAL:2;KEL-CAL:3;KEL-CAL:4;KEL-CAL:5;KEL-CAL:6;KEL-CAL:7;OTT-MON:1;OTT-MON:2;TOR-MON:1;TOR-MON:2;TOR-MON:3;TOR-MON:4;TOR-MON:5;TOR-MON:6;TOR-OTT:1;TOR-OTT:2;TOR-OTT:3;TOR-OTT:4;TOR-OTT:5;VAN-KAM:1;VAN-KAM:2;VAN-KAM:3;VAN-KAM:4;VAN-KEL:1;VAN-KEL:2;VAN-KEL:3;VAN-KEL:4,5.818181818181818,0.7937204516464198
0.01,0.9590000000000001,0.725,3396.3068580859263,optimal,44.2380386655777,53,11,18,0,0.03319923187926317,513,0.05672939999931259,CAL-EDM:1;CAL-EDM:2;CAL-EDM:3;CAL-SAS:1;CAL-SAS:2;CAL-SAS:3;CAL-SAS:4;CAL-SAS:5;CAL-SAS:6;CAL-SAS:7;EDM-SAS:1;EDM-SAS:2;EDM-SAS:3;EDM-SAS:4;EDM-SAS:5;EDM-SAS:6;KAM-CAL:1;KAM-CAL:2;KAM-CAL:3;KAM-CAL:4;KAM-CAL:5;KAM-CAL:6;KAM-CAL:7;KAM-KEL:1;KAM-KEL:2;KEL-CAL:1;KEL-CAL:2;KEL-CAL:3;KEL-CAL:4;KEL-CAL:5;KEL-CAL:6;KEL-CAL:7;OTT-MON:1;OTT-MON:2;TOR-MON:1;TOR-MON:2;TOR-MON:3;TOR-MON:4;TOR-MON:5;TOR-MON:6;TOR-OTT:1;TOR-OTT:2;TOR-OTT:3;TOR-OTT:4;TOR-OTT:5;VAN-KAM:1;VAN-KAM:2;VAN-KAM:3;VAN-KAM:4;VAN-KEL:1;VAN-KEL:2;VAN-KEL:3;VAN-KEL:4,5.818181818181818,0.7937204516464198
0.01,0.9590000000000001,0.725,3890.520349020312,optimal,46.39399810371928,53,11,18,0,0.03319923187926317,513,0.04791079999995418,CAL-EDM:1;CAL-EDM:2;CAL-EDM:3;CAL-SAS:1;CAL-SAS:2;CAL-SAS:3;CAL-SAS:4;CAL-SAS:5;CAL-SAS:6;CAL-SAS:7;EDM-SAS:1;EDM-SAS:2;EDM-SAS:3;EDM-SAS:4;EDM-SAS:5;EDM-SAS:6;KAM-CAL:1;KAM-CAL:2;KAM-CAL:3;KAM-CAL:4;KAM-CAL:5;KAM-CAL:6;KAM-CAL:7;KAM-KEL:1;KAM-KEL:2;KEL-CAL:1;KEL-CAL:2;KEL-CAL:3;KEL-CAL:4;KEL-CAL:5;KEL-CAL:6;KEL-CAL:7;OTT-MON:1;OTT-MON:2;TOR-MON:1;TOR-MON:2;TOR-MON:3;TOR-MON:4;TOR-MON:5;TOR-MON:6;TOR-OTT:1;TOR-OTT:2;TOR-OTT:3;TOR-OTT:4;TOR-OTT:5;VAN-KAM:1;VAN-KAM:2;VAN-KAM:3;VAN-KAM:4;VAN-KEL:1;VAN-KEL:2;VAN-KEL:3;VAN-KEL:4,5.818181818181818,0.7937204516464198
0.01,0.9590000000000001,0.725,4456.649301315341,optimal,48.54995754186088,53,11,18,0,0.03319923187926317,513,0.08619629999884637,CAL-EDM:1;CAL-EDM:2;CAL-EDM:3;CAL-SAS:1;CAL-SAS:2;CAL-SAS:3;CAL-SAS:4;CAL-SAS:5;CAL-SAS:6;CAL-SAS:7;EDM-SAS:1;EDM-SAS:2;EDM-SAS:3;EDM-SAS:4;EDM-SAS:5;EDM-SAS:6;KAM-CAL:1;KAM-CAL:2;KAM-CAL:3;KAM-CAL:4;KAM-CAL:5;KAM-CAL:6;KAM-CAL:7;KAM-KEL:1;KAM-KEL:2;KEL-CAL:1;KEL-CAL:2;KEL-CAL:3;KEL-CAL:4;KEL-CAL:5;KEL-CAL:6;KEL-CAL:7;OTT-MON:1;OTT-MON:2;TOR-MON:1;TOR-MON:2;TOR-MON:3;TOR-MON:4;TOR-MON:5;TOR-MON:6;TOR-OTT:1;TOR-OTT:2;TOR-OTT:3;TOR-OTT:4;TOR-OTT:5;VAN-KAM:1;VAN-KAM:2;VAN-KAM:3;VAN-KAM:4;VAN-KEL:1;VAN-KEL:2;VAN-KEL:3;VAN-KEL:4,5.818181818181818,0.7937204516464198
0.01,0.9590000000000001,0.725,5105.158491181253,optimal,50.705916980002485,53,11,18,0,0.03319923187926317,513,0.054979000000457745,CAL-EDM:1;CAL-EDM:2;CAL-EDM:3;CAL-SAS:1;CAL-SAS:2;CAL-SAS:3;CAL-SAS:4;CAL-SAS:5;CAL-SAS:6;CAL-SAS:7;EDM-SAS:1;EDM-SAS:2;EDM-SAS:3;EDM-SAS:4;EDM-SAS:5;EDM-SAS:6;KAM-CAL:1;KAM-CAL:2;KAM-CAL:3;KAM-CAL:4;KAM-CAL:5;KAM-CAL:6;KAM-CAL:7;KAM-KEL:1;KAM-KEL:2;KEL-CAL:1;KEL-CAL:2;KEL-CAL:3;KEL-CAL:4;KEL-CAL:5;KEL-CAL:6;KEL-CAL:7;OTT-MON:1;OTT-MON:2;TOR-MON:1;TOR-MON:2;TOR-MON:3;TOR-MON:4;TOR-MON:5;TOR-MON:6;TOR-OTT:1;TOR-OTT:2;TOR-OTT:3;TOR-OTT:4;TOR-OTT:5;VAN-KAM:1;VAN-KAM:2;VAN-KAM:3;VAN-KAM:4;VAN-KEL:1;VAN-KEL:2;VAN-KEL:3;VAN-KEL:4,5.818181818181818,0.7937204516464198
0.01,0.9590000000000001,0.725,5848.0354764257345,optimal,52.86187641814406,53,11,18,0,0.03319923187926317,513,0.06750060000194935,CAL-EDM:1;CAL-EDM:2;CAL-EDM:3;CAL-SAS:1;CAL-SAS:2;CAL-SAS:3;CAL-SAS:4;CAL-SAS:5;CAL-SAS:6;CAL-SAS:7;EDM-SAS:1;EDM-SAS:2;EDM-SAS:3;EDM-SAS:4;EDM-SAS:5;EDM-SAS:6;KAM-CAL:1;KAM-CAL:2;KAM-CAL:3;KAM-CAL:4;KAM-CAL:5;KAM-CAL:6;KAM-CAL:7;KAM-KEL:1;KAM-KEL:2;KEL-CAL:1;KEL-CAL:2;KEL-CAL:3;KEL-CAL:4;KEL-CAL:5;KEL-CAL:6;KEL-CAL:7;OTT-MON:1;OTT-MON:2;TOR-MON:1;TOR-MON:2;TOR-MON:3;TOR-MON:4;TOR-MON:5;TOR-MON:6;TOR-OTT:1;TOR-OTT:2;TOR-OTT:3;TOR-OTT:4;TOR-OTT:5;VAN-KAM:1;VAN-KAM:2;VAN-KAM:3;VAN-KAM:4;VAN-KEL:1;VAN-KEL:2;VAN-KEL:3;VAN-KEL:4,5.818181818181818,0.7937204516464198
0.01,0.9590000000000001,0.725,6699.01218397251,optimal,55.01783585628565,53,11,18,0,0.03319923187926317,513,0.07410690000688192,CAL-EDM:1;CAL-EDM:2;CAL-EDM:3;CAL-SAS:1;CAL-SAS:2;CAL-SAS:3;CAL-SAS:4;CAL-SAS:5;CAL-SAS:6;CAL-SAS:7;EDM-SAS:1;EDM-SAS:2;EDM-SAS:3;EDM-SAS:4;EDM-SAS:5;EDM-SAS:6;KAM-CAL:1;KAM-CAL:2;KAM-CAL:3;KAM-CAL:4;KAM-CAL:5;KAM-CAL:6;KAM-CAL:7;KAM-KEL:1;KAM-KEL:2;KEL-CAL:1;KEL-CAL:2;KEL-CAL:3;KEL-CAL:4;KEL-CAL:5;KEL-CAL:6;KEL-CAL:7;OTT-MON:1;OTT-MON:2;TOR-MON:1;TOR-MON:2;TOR-MON:3;TOR-MON:4;TOR-MON:5;TOR-MON:6;TOR-OTT:1;TOR-OTT:2;TOR-OTT:3;TOR-OTT:4;TOR-OTT:5;VAN-KAM:1;VAN-KAM:2;VAN-KAM:3;VAN-KAM:4;VAN-KEL:1;VAN-KEL:2;VAN-KEL:3;VAN-KEL:4,5.818181818181818,0.7937204516464198
0.01,0.9590000000000001,0.725,7673.8187416811725,optimal,57.17379529442724,53,11,18,0,0.030017743045081,513,0.10885159999452299,CAL-EDM:1;CAL-EDM:2;CAL-EDM:3;CAL-SAS:1;CAL-SAS:2;CAL-SAS:3;CAL-SAS:4;CAL-SAS:5;CAL-SAS:6;CAL-SAS:7;EDM-SAS:1;EDM-SAS:2;EDM-SAS:3;EDM-SAS:4;EDM-SAS:5;EDM-SAS:6;KAM-CAL:1;KAM-CAL:2;KAM-CAL:3;KAM-CAL:4;KAM-CAL:5;KAM-CAL:6;KAM-CAL:7;KAM-KEL:1;KAM-KEL:2;KEL-CAL:1;KEL-CAL:2;KEL-CAL:3;KEL-CAL:4;KEL-CAL:5;KEL-CAL:6;KEL-CAL:7;OTT-MON:1;OTT-MON:2;TOR-MON:1;TOR-MON:2;TOR-MON:3;TOR-MON:4;TOR-MON:5;TOR-MON:6;TOR-OTT:1;TOR-OTT:2;TOR-OTT:3;TOR-OTT:4;TOR-OTT:5;VAN-KAM:1;VAN-KAM:2;VAN-KAM:3;VAN-KAM:4;VAN-KEL:1;VAN-KEL:2;VAN-KEL:3;VAN-KEL:4,5.818181818181818,0.7937204516464198
0.01,0.9590000000000001,0.725,8790.474246496578,optimal,59.49413425334904,54,12,18,0,0.030017743045081,513,0.09761840000282973,CAL-EDM:1;CAL-EDM:2;CAL-EDM:3;CAL-SAS:1;CAL-SAS:2;CAL-SAS:3;CAL-SAS:4;CAL-SAS:5;CAL-SAS:6;CAL-SAS:7;Calgary;EDM-SAS:1;EDM-SAS:2;EDM-SAS:3;EDM-SAS:4;EDM-SAS:5;EDM-SAS:6;KAM-CAL:1;KAM-CAL:2;KAM-CAL:3;KAM-CAL:4;KAM-CAL:5;KAM-CAL:6;KAM-CAL:7;KAM-KEL:1;KAM-KEL:2;KEL-CAL:1;KEL-CAL:2;KEL-CAL:3;KEL-CAL:4;KEL-CAL:5;KEL-CAL:6;KEL-CAL:7;OTT-MON:1;OTT-MON:2;TOR-MON:1;TOR-MON:2;TOR-MON:3;TOR-MON:4;TOR-MON:5;TOR-MON:6;TOR-OTT:1;TOR-OTT:2;TOR-OTT:3;TOR-OTT:4;TOR-OTT:5;VAN-KAM:1;VAN-KAM:2;VAN-KAM:3;VAN-KAM:4;VAN-KEL:1;VAN-KEL:2;VAN-KEL:3;VAN-KEL:4,6.333333333333333,0.7802450346431629
0.01,0.9590000000000001,0.725,10069.619843716926,optimal,61.846090004048826,54,12,18,0,0.03319923187926317,513,0.11554990000149701,CAL-EDM:1;CAL-EDM:2;CAL-EDM:3;CAL-SAS:1;CAL-SAS:2;CAL-SAS:3;CAL-SAS:4;CAL-SAS:5;CAL-SAS:6;CAL-SAS:7;Calgary;EDM-SAS:1;EDM-SAS:2;EDM-SAS:3;EDM-SAS:4;EDM-SAS:5;EDM-SAS:6;KAM-CAL:1;KAM-CAL:2;KAM-CAL:3;KAM-CAL:4;KAM-CAL:5;KAM-CAL:6;KAM-CAL:7;KAM-KEL:1;KAM-KEL:2;KEL-CAL:1;KEL-CAL:2;KEL-CAL:3;KEL-CAL:4;KEL-CAL:5;KEL-CAL:6;KEL-CAL:7;OTT-MON:1;OTT-MON:2;TOR-MON:1;TOR-MON:2;TOR-MON:3;TOR-MON:4;TOR-MON:5;TOR-MON:6;TOR-OTT:1;TOR-OTT:2;TOR-OTT:3;TOR-OTT:4;TOR-OTT:5;VAN-KAM:1;VAN-KAM:2;VAN-KAM:3;VAN-KAM:4;VAN-KEL:1;VAN-KEL:2;VAN-KEL:3;VAN-KEL:4,6.333333333333333,0.7802450346431629
0.01,0.9590000000000001,0.725,11534.900274281496,optimal,64.19804575474875,54,12,18,0,0.03319923187926317,513,0.09999989999778336,CAL-EDM:1;CAL-EDM:2;CAL-EDM:3;CAL-SAS:1;CAL-SAS:2;CAL-SAS:3;CAL-SAS:4;CAL-SAS:5;CAL-SAS:6;CAL-SAS:7;Calgary;EDM-SAS:1;EDM-SAS:2;EDM-SAS:3;EDM-SAS:4;EDM-SAS:5;EDM-SAS:6;KAM-CAL:1;KAM-CAL:2;KAM-CAL:3;KAM-CAL:4;KAM-CAL:5;KAM-CAL:6;KAM-CAL:7;KAM-KEL:1;KAM-KEL:2;KEL-CAL:1;KEL-CAL:2;KEL-CAL:3;KEL-CAL:4;KEL-CAL:5;KEL-CAL:6;KEL-CAL:7;OTT-MON:1;OTT-MON:2;TOR-MON:1;TOR-MON:2;TOR-MON:3;TOR-MON:4;TOR-MON:5;TOR-MON:6;TOR-OTT:1;TOR-OTT:2;TOR-OTT:3;TOR-OTT:4;TOR-OTT:5;VAN-KAM:1;VAN-KAM:2;VAN-KAM:3;VAN-KAM:4;VAN-KEL:1;VAN-KEL:2;VAN-KEL:3;VAN-KEL:4,6.333333333333333,0.7802450346431629
0.01,0.9590000000000001,0.725,13213.400942900551,optimal,66.55000150544872,54,12,18,0,0.03319923187926317,513,0.1573962999973446,CAL-EDM:1;CAL-EDM:2;CAL-EDM:3;CAL-SAS:1;CAL-SAS:2;CAL-SAS:3;CAL-SAS:4;CAL-SAS:5;CAL-SAS:6;CAL-SAS:7;Calgary;EDM-SAS:1;EDM-SAS:2;EDM-SAS:3;EDM-SAS:4;EDM-SAS:5;EDM-SAS:6;KAM-CAL:1;KAM-CAL:2;KAM-CAL:3;KAM-CAL:4;KAM-CAL:5;KAM-CAL:6;KAM-CAL:7;KAM-KEL:1;KAM-KEL:2;KEL-CAL:1;KEL-CAL:2;KEL-CAL:3;KEL-CAL:4;KEL-CAL:5;KEL-CAL:6;KEL-CAL:7;OTT-MON:1;OTT-MON:2;TOR-MON:1;TOR-MON:2;TOR-MON:3;TOR-MON:4;TOR-MON:5;TOR-MON:6;TOR-OTT:1;TOR-OTT:2;TOR-OTT:3;TOR-OTT:4;TOR-OTT:5;VAN-KAM:1;VAN-KAM:2;VAN-KAM:3;VAN-KAM:4;VAN-KEL:1;VAN-KEL:2;VAN-KEL:3;VAN-KEL:4,6.333333333333333,0.7802450346431629
0.01,0.9590000000000001,0.725,15136.14858614113,optimal,68.99740020786808,55,14,18,0,0.030017743045081,513,0.1380466000045999,CAL-EDM:1;CAL-EDM:2;CAL-EDM:3;CAL-SAS:1;CAL-SAS:2;CAL-SAS:3;CAL-SAS:4;CAL-SAS:5;CAL-SAS:6;CAL-SAS:7;Calgary;EDM-SAS:1;EDM-SAS:2;EDM-SAS:3;EDM-SAS:4;EDM-SAS:5;EDM-SAS:6;KAM-CAL:1;KAM-CAL:2;KAM-CAL:3;KAM-CAL:4;KAM-CAL:5;KAM-CAL:6;KAM-CAL:7;KAM-KEL:1;KAM-KEL:2;KEL-CAL:1;KEL-CAL:2;KEL-CAL:3;KEL-CAL:4;KEL-CAL:5;KEL-CAL:6;KEL-CAL:7;Kamloops;OTT-MON:1;OTT-MON:2;TOR-MON:1;TOR-MON:2;TOR-MON:3;TOR-MON:4;TOR-MON:5;TOR-MON:6;TOR-OTT:1;TOR-OTT:2;TOR-OTT:3;TOR-OTT:4;TOR-OTT:5;VAN-KAM:1;VAN-KAM:2;VAN-KAM:3;VAN-KAM:4;VAN-KEL:1;VAN-KEL:2;VAN-KEL:3;VAN-KEL:4,7.214285714285714,0.7575776999854831
0.01,0.9590000000000001,0.725,17338.68479521449,optimal,71.7413485836847,55,14,18,0,0.030017743045081,513,0.15125210000405787,CAL-EDM:1;CAL-EDM:2;CAL-EDM:3;CAL-SAS:1;CAL-SAS:2;CAL-SAS:3;CAL-SAS:4;CAL-SAS:5;CAL-SAS:6;CAL-SAS:7;Calgary;EDM-SAS:1;EDM-SAS:2;EDM-SAS:3;EDM-SAS:4;EDM-SAS:5;EDM-SAS:6;KAM-CAL:1;KAM-CAL:2;KAM-CAL:3;KAM-CAL:4;KAM-CAL:5;KAM-CAL:6;KAM-CAL:7;KAM-KEL:1;KAM-KEL:2;KEL-CAL:1;KEL-CAL:2;KEL-CAL:3;KEL-CAL:4;KEL-CAL:5;KEL-CAL:6;KEL-CAL:7;Kamloops;OTT-MON:1;OTT-MON:2;TOR-MON:1;TOR-MON:2;TOR-MON:3;TOR-MON:4;TOR-MON:5;TOR-MON:6;TOR-OTT:1;TOR-OTT:2;TOR-OTT:3;TOR-OTT:4;TOR-OTT:5;VAN-KAM:1;VAN-KAM:2;VAN-KAM:3;VAN-KAM:4;VAN-KEL:1;VAN-KEL:2;VAN-KEL:3;VAN-KEL:4,7.214285714285714,0.7575776999854831
0.01,0.9590000000000001,0.725,19861.72299491452,optimal,74.48529695950124,55,14,18,0,0.030017743045081,513,0.14337060000252677,CAL-EDM:1;CAL-EDM:2;CAL-EDM:3;CAL-SAS:1;CAL-SAS:2;CAL-SAS:3;CAL-SAS:4;CAL-SAS:5;CAL-SAS:6;CAL-SAS:7;Calgary;EDM-SAS:1;EDM-SAS:2;EDM-SAS:3;EDM-SAS:4;EDM-SAS:5;EDM-SAS:6;KAM-CAL:1;KAM-CAL:2;KAM-CAL:3;KAM-CAL:4;KAM-CAL:5;KAM-CAL:6;KAM-CAL:7;KAM-KEL:1;KAM-KEL:2;KEL-CAL:1;KEL-CAL:2;KEL-CAL:3;KEL-CAL:4;KEL-CAL:5;KEL-CAL:6;KEL-CAL:7;Kamloops;OTT-MON:1;OTT-MON:2;TOR-MON:1;TOR-MON:2;TOR-MON:3;TOR-MON:4;TOR-MON:5;TOR-MON:6;TOR-OTT:1;TOR-OTT:2;TOR-OTT:3;TOR-OTT:4;TOR-OTT:5;VAN-KAM:1;VAN-KAM:2;VAN-KAM:3;VAN-KAM:4;VAN-KEL:1;VAN-KEL:2;VAN-KEL:3;VAN-KEL:4,7.214285714285714,0.7575776999854831
0.01,0.9590000000000001,0.725,22751.90102282699,optimal,77.22924533531784,55,14,18,0,0.030017743045081,513,0.11503440000524279,CAL-EDM:1;CAL-EDM:2;CAL-EDM:3;CAL-SAS:1;CAL-SAS:2;CAL-SAS:3;CAL-SAS:4;CAL-SAS:5;CAL-SAS:6;CAL-SAS:7;Calgary;EDM-SAS:1;EDM-SAS:2;EDM-SAS:3;EDM-SAS:4;EDM-SAS:5;EDM-SAS:6;KAM-CAL:1;KAM-CAL:2;KAM-CAL:3;KAM-CAL:4;KAM-CAL:5;KAM-CAL:6;KAM-CAL:7;KAM-KEL:1;KAM-KEL:2;KEL-CAL:1;KEL-CAL:2;KEL-CAL:3;KEL-CAL:4;KEL-CAL:5;KEL-CAL:6;KEL-CAL:7;Kamloops;OTT-MON:1;OTT-MON:2;TOR-MON:1;TOR-MON:2;TOR-MON:3;TOR-MON:4;TOR-MON:5;TOR-MON:6;TOR-OTT:1;TOR-OTT:2;TOR-OTT:3;TOR-OTT:4;TOR-OTT:5;VAN-KAM:1;VAN-KAM:2;VAN-KAM:3;VAN-KAM:4;VAN-KEL:1;VAN-KEL:2;VAN-KEL:3;VAN-KEL:4,7.214285714285714,0.7575776999854831
0.01,0.9590000000000001,0.725,26062.643220080052,optimal,79.97319371113436,55,14,18,0,0.030017743045081,513,0.10077400000591297,CAL-EDM:1;CAL-EDM:2;CAL-EDM:3;CAL-SAS:1;CAL-SAS:2;CAL-SAS:3;CAL-SAS:4;CAL-SAS:5;CAL-SAS:6;CAL-SAS:7;Calgary;EDM-SAS:1;EDM-SAS:2;EDM-SAS:3;EDM-SAS:4;EDM-SAS:5;EDM-SAS:6;KAM-CAL:1;KAM-CAL:2;KAM-CAL:3;KAM-CAL:4;KAM-CAL:5;KAM-CAL:6;KAM-CAL:7;KAM-KEL:1;KAM-KEL:2;KEL-CAL:1;KEL-CAL:2;KEL-CAL:3;KEL-CAL:4;KEL-CAL:5;KEL-CAL:6;KEL-CAL:7;Kamloops;OTT-MON:1;OTT-MON:2;TOR-MON:1;TOR-MON:2;TOR-MON:3;TOR-MON:4;TOR-MON:5;TOR-MON:6;TOR-OTT:1;TOR-OTT:2;TOR-OTT:3;TOR-OTT:4;TOR-OTT:5;VAN-KAM:1;VAN-KAM:2;VAN-KAM:3;VAN-KAM:4;VAN-KEL:1;VAN-KEL:2;VAN-KEL:3;VAN-KEL:4,7.214285714285714,0.7575776999854831
0.01,0.9590000000000001,0.725,29855.147969204045,optimal,82.71714208695094,55,14,18,0,0.030017743045081,513,0.13269379999837838,CAL-EDM:1;CAL-EDM:2;CAL-EDM:3;CAL-SAS:1;CAL-SAS:2;CAL-SAS:3;CAL-SAS:4;CAL-SAS:5;CAL-SAS:6;CAL-SAS:7;Calgary;EDM-SAS:1;EDM-SAS:2;EDM-SAS:3;EDM-SAS:4;EDM-SAS:5;EDM-SAS:6;KAM-CAL:1;KAM-CAL:2;KAM-CAL:3;KAM-CAL:4;KAM-CAL:5;KAM-CAL:6;KAM-CAL:7;KAM-KEL:1;KAM-KEL:2;KEL-CAL:1;KEL-CAL:2;KEL-CAL:3;KEL-CAL:4;KEL-CAL:5;KEL-CAL:6;KEL-CAL:7;Kamloops;OTT-MON:1;OTT-MON:2;TOR-MON:1;TOR-MON:2;TOR-MON:3;TOR-MON:4;TOR-MON:5;TOR-MON:6;TOR-OTT:1;TOR-OTT:2;TOR-OTT:3;TOR-OTT:4;TOR-OTT:5;VAN-KAM:1;VAN-KAM:2;VAN-KAM:3;VAN-KAM:4;VAN-KEL:1;VAN-KEL:2;VAN-KEL:3;VAN-KEL:4,7.214285714285714,0.7575776999854831
0.01,0.9590000000000001,0.725,34199.51893353397,optimal,85.46109046276752,55,14,18,0,0.030017743045081,513,0.1614869999975781,CAL-EDM:1;CAL-EDM:2;CAL-EDM:3;CAL-SAS:1;CAL-SAS:2;CAL-SAS:3;CAL-SAS:4;CAL-SAS:5;CAL-SAS:6;CAL-SAS:7;Calgary;EDM-SAS:1;EDM-SAS:2;EDM-SAS:3;EDM-SAS:4;EDM-SAS:5;EDM-SAS:6;KAM-CAL:1;KAM-CAL:2;KAM-CAL:3;KAM-CAL:4;KAM-CAL:5;KAM-CAL:6;KAM-CAL:7;KAM-KEL:1;KAM-KEL:2;KEL-CAL:1;KEL-CAL:2;KEL-CAL:3;KEL-CAL:4;KEL-CAL:5;KEL-CAL:6;KEL-CAL:7;Kamloops;OTT-MON:1;OTT-MON:2;TOR-MON:1;TOR-MON:2;TOR-MON:3;TOR-MON:4;TOR-MON:5;TOR-MON:6;TOR-OTT:1;TOR-OTT:2;TOR-OTT:3;TOR-OTT:4;TOR-OTT:5;VAN-KAM:1;VAN-KAM:2;VAN-KAM:3;VAN-KAM:4;VAN-KEL:1;VAN-KEL:2;VAN-KEL:3;VAN-KEL:4,7.214285714285714,0.7575776999854831
0.01,0.9590000000000001,0.725,39176.06090887952,optimal,88.20503883858412,55,14,18,0,0.030017743045081,513,0.1264854999972158,CAL-EDM:1;CAL-EDM:2;CAL-EDM:3;CAL-SAS:1;CAL-SAS:2;CAL-SAS:3;CAL-SAS:4;CAL-SAS:5;CAL-SAS:6;CAL-SAS:7;Calgary;EDM-SAS:1;EDM-SAS:2;EDM-SAS:3;EDM-SAS:4;EDM-SAS:5;EDM-SAS:6;KAM-CAL:1;KAM-CAL:2;KAM-CAL:3;KAM-CAL:4;KAM-CAL:5;KAM-CAL:6;KAM-CAL:7;KAM-KEL:1;KAM-KEL:2;KEL-CAL:1;KEL-CAL:2;KEL-CAL:3;KEL-CAL:4;KEL-CAL:5;KEL-CAL:6;KEL-CAL:7;Kamloops;OTT-MON:1;OTT-MON:2;TOR-MON:1;TOR-MON:2;TOR-MON:3;TOR-MON:4;TOR-MON:5;TOR-MON:6;TOR-OTT:1;TOR-OTT:2;TOR-OTT:3;TOR-OTT:4;TOR-OTT:5;VAN-KAM:1;VAN-KAM:2;VAN-KAM:3;VAN-KAM:4;VAN-KEL:1;VAN-KEL:2;VAN-KEL:3;VAN-KEL:4,7.214285714285714,0.7575776999854831
0.01,0.9590000000000001,0.725,44876.76424101213,optimal,90.94898721440072,55,14,18,0,0.030017743045081,513,0.1300450000053388,CAL-EDM:1;CAL-EDM:2;CAL-EDM:3;CAL-SAS:1;CAL-SAS:2;CAL-SAS:3;CAL-SAS:4;CAL-SAS:5;CAL-SAS:6;CAL-SAS:7;Calgary;EDM-SAS:1;EDM-SAS:2;EDM-SAS:3;EDM-SAS:4;EDM-SAS:5;EDM-SAS:6;KAM-CAL:1;KAM-CAL:2;KAM-CAL:3;KAM-CAL:4;KAM-CAL:5;KAM-CAL:6;KAM-CAL:7;KAM-KEL:1;KAM-KEL:2;KEL-CAL:1;KEL-CAL:2;KEL-CAL:3;KEL-CAL:4;KEL-CAL:5;KEL-CAL:6;KEL-CAL:7;Kamloops;OTT-MON:1;OTT-MON:2;TOR-MON:1;TOR-MON:2;TOR-MON:3;TOR-MON:4;TOR-MON:5;TOR-MON:6;TOR-OTT:1;TOR-OTT:2;TOR-OTT:3;TOR-OTT:4;TOR-OTT:5;VAN-KAM:1;VAN-KAM:2;VAN-KAM:3;VAN-KAM:4;VAN-KEL:1;VAN-KEL:2;VAN-KEL:3;VAN-KEL:4,7.214285714285714,0.7575776999854831
0.01,0.9590000000000001,0.725,51407.00524811877,optimal,93.69293559021723,55,14,18,0,0.030017743045081,513,0.13407870000082767,CAL-EDM:1;CAL-EDM:2;CAL-EDM:3;CAL-SAS:1;CAL-SAS:2;CAL-SAS:3;CAL-SAS:4;CAL-SAS:5;CAL-SAS:6;CAL-SAS:7;Calgary;EDM-SAS:1;EDM-SAS:2;EDM-SAS:3;EDM-SAS:4;EDM-SAS:5;EDM-SAS:6;KAM-CAL:1;KAM-CAL:2;KAM-CAL:3;KAM-CAL:4;KAM-CAL:5;KAM-CAL:6;KAM-CAL:7;KAM-KEL:1;KAM-KEL:2;KEL-CAL:1;KEL-CAL:2;KEL-CAL:3;KEL-CAL:4;KEL-CAL:5;KEL-CAL:6;KEL-CAL:7;Kamloops;OTT-MON:1;OTT-MON:2;TOR-MON:1;TOR-MON:2;TOR-MON:3;TOR-MON:4;TOR-MON:5;TOR-MON:6;TOR-OTT:1;TOR-OTT:2;TOR-OTT:3;TOR-OTT:4;TOR-OTT:5;VAN-KAM:1;VAN-KAM:2;VAN-KAM:3;VAN-KAM:4;VAN-KEL:1;VAN-KEL:2;VAN-KEL:3;VAN-KEL:4,7.214285714285714,0.7575776999854831
0.01,0.9590000000000001,0.725,58887.49408017721,optimal,96.4368839660338,55,14,18,0,0.030017743045081,513,0.08937100000184728,CAL-EDM:1;CAL-EDM:2;CAL-EDM:3;CAL-SAS:1;CAL-SAS:2;CAL-SAS:3;CAL-SAS:4;CAL-SAS:5;CAL-SAS:6;CAL-SAS:7;Calgary;EDM-SAS:1;EDM-SAS:2;EDM-SAS:3;EDM-SAS:4;EDM-SAS:5;EDM-SAS:6;KAM-CAL:1;KAM-CAL:2;KAM-CAL:3;KAM-CAL:4;KAM-CAL:5;KAM-CAL:6;KAM-CAL:7;KAM-KEL:1;KAM-KEL:2;KEL-CAL:1;KEL-CAL:2;KEL-CAL:3;KEL-CAL:4;KEL-CAL:5;KEL-CAL:6;KEL-CAL:7;Kamloops;OTT-MON:1;OTT-MON:2;TOR-MON:1;TOR-MON:2;TOR-MON:3;TOR-MON:4;TOR-MON:5;TOR-MON:6;TOR-OTT:1;TOR-OTT:2;TOR-OTT:3;TOR-OTT:4;TOR-OTT:5;VAN-KAM:1;VAN-KAM:2;VAN-KAM:3;VAN-KAM:4;VAN-KEL:1;VAN-KEL:2;VAN-KEL:3;VAN-KEL:4,7.214285714285714,0.7575776999854831
0.01,0.9590000000000001,0.725,67456.50602103105,optimal,99.18083234185036,55,14,18,0,0.030017743045081,513,0.1118824000004679,CAL-EDM:1;CAL-EDM:2;CAL-EDM:3;CAL-SAS:1;CAL-SAS:2;CAL-SAS:3;CAL-SAS:4;CAL-SAS:5;CAL-SAS:6;CAL-SAS:7;Calgary;EDM-SAS:1;EDM-SAS:2;EDM-SAS:3;EDM-SAS:4;EDM-SAS:5;EDM-SAS:6;KAM-CAL:1;KAM-CAL:2;KAM-CAL:3;KAM-CAL:4;KAM-CAL:5;KAM-CAL:6;KAM-CAL:7;KAM-KEL:1;KAM-KEL:2;KEL-CAL:1;KEL-CAL:2;KEL-CAL:3;KEL-CAL:4;KEL-CAL:5;KEL-CAL:6;KEL-CAL:7;Kamloops;OTT-MON:1;OTT-MON:2;TOR-MON:1;TOR-MON:2;TOR-MON:3;TOR-MON:4;TOR-MON:5;TOR-MON:6;TOR-OTT:1;TOR-OTT:2;TOR-OTT:3;TOR-OTT:4;TOR-OTT:5;VAN-KAM:1;VAN-KAM:2;VAN-KAM:3;VAN-KAM:4;VAN-KEL:1;VAN-KEL:2;VAN-KEL:3;VAN-KEL:4,7.214285714285714,0.7575776999854831
0.01,0.9590000000000001,0.725,77272.43747831958,optimal,101.92478071766692,55,14,18,0,0.030017743045081,513,0.1320458999980474,CAL-EDM:1;CAL-EDM:2;CAL-EDM:3;CAL-SAS:1;CAL-SAS:2;CAL-SAS:3;CAL-SAS:4;CAL-SAS:5;CAL-SAS:6;CAL-SAS:7;Calgary;EDM-SAS:1;EDM-SAS:2;EDM-SAS:3;EDM-SAS:4;EDM-SAS:5;EDM-SAS:6;KAM-CAL:1;KAM-CAL:2;KAM-CAL:3;KAM-CAL:4;KAM-CAL:5;KAM-CAL:6;KAM-CAL:7;KAM-KEL:1;KAM-KEL:2;KEL-CAL:1;KEL-CAL:2;KEL-CAL:3;KEL-CAL:4;KEL-CAL:5;KEL-CAL:6;KEL-CAL:7;Kamloops;OTT-MON:1;OTT-MON:2;TOR-MON:1;TOR-MON:2;TOR-MON:3;TOR-MON:4;TOR-MON:5;TOR-MON:6;TOR-OTT:1;TOR-OTT:2;TOR-OTT:3;TOR-OTT:4;TOR-OTT:5;VAN-KAM:1;VAN-KAM:2;VAN-KAM:3;VAN-KAM:4;VAN-KEL:1;VAN-KEL:2;VAN-KEL:3;VAN-KEL:4,7.214285714285714,0.7575776999854831
0.01,0.9590000000000001,0.725,88516.73390820464,optimal,104.66872909348349,55,14,18,0,0.030017743045081,513,0.12093889999960084,CAL-EDM:1;CAL-EDM:2;CAL-EDM:3;CAL-SAS:1;CAL-SAS:2;CAL-SAS:3;CAL-SAS:4;CAL-SAS:5;CAL-SAS:6;CAL-SAS:7;Calgary;EDM-SAS:1;EDM-SAS:2;EDM-SAS:3;EDM-SAS:4;EDM-SAS:5;EDM-SAS:6;KAM-CAL:1;KAM-CAL:2;KAM-CAL:3;KAM-CAL:4;KAM-CAL:5;KAM-CAL:6;KAM-CAL:7;KAM-KEL:1;KAM-KEL:2;KEL-CAL:1;KEL-CAL:2;KEL-CAL:3;KEL-CAL:4;KEL-CAL:5;KEL-CAL:6;KEL-CAL:7;Kamloops;OTT-MON:1;OTT-MON:2;TOR-MON:1;TOR-MON:2;TOR-MON:3;TOR-MON:4;TOR-MON:5;TOR-MON:6;TOR-OTT:1;TOR-OTT:2;TOR-OTT:3;TOR-OTT:4;TOR-OTT:5;VAN-KAM:1;VAN-KAM:2;VAN-KAM:3;VAN-KAM:4;VAN-KEL:1;VAN-KEL:2;VAN-KEL:3;VAN-KEL:4,7.214285714285714,0.7575776999854831
0.01,0.9590000000000001,0.725,101397.24379697771,optimal,107.41267746930004,55,14,18,0,0.030017743045081,513,0.11100369999621762,CAL-EDM:1;CAL-EDM:2;CAL-EDM:3;CAL-SAS:1;CAL-SAS:2;CAL-SAS:3;CAL-SAS:4;CAL-SAS:5;CAL-SAS:6;CAL-SAS:7;Calgary;EDM-SAS:1;EDM-SAS:2;EDM-SAS:3;EDM-SAS:4;EDM-SAS:5;EDM-SAS:6;KAM-CAL:1;KAM-CAL:2;KAM-CAL:3;KAM-CAL:4;KAM-CAL:5;KAM-CAL:6;KAM-CAL:7;KAM-KEL:1;KAM-KEL:2;KEL-CAL:1;KEL-CAL:2;KEL-CAL:3;KEL-CAL:4;KEL-CAL:5;KEL-CAL:6;KEL-CAL:7;Kamloops;OTT-MON:1;OTT-MON:2;TOR-MON:1;TOR-MON:2;TOR-MON:3;TOR-MON:4;TOR-MON:5;TOR-MON:6;TOR-OTT:1;TOR-OTT:2;TOR-OTT:3;TOR-OTT:4;TOR-OTT:5;VAN-KAM:1;VAN-KAM:2;VAN-KAM:3;VAN-KAM:4;VAN-KEL:1;VAN-KEL:2;VAN-KEL:3;VAN-KEL:4,7.214285714285714,0.7575776999854831
0.01,0.9590000000000001,0.725,116152.06069720077,optimal,110.15662584511665,55,14,18,0,0.030017743045081,513,0.11893099999724654,CAL-EDM:1;CAL-EDM:2;CAL-EDM:3;CAL-SAS:1;CAL-SAS:2;CAL-SAS:3;CAL-SAS:4;CAL-SAS:5;CAL-SAS:6;CAL-SAS:7;Calgary;EDM-SAS:1;EDM-SAS:2;EDM-SAS:3;EDM-SAS:4;EDM-SAS:5;EDM-SAS:6;KAM-CAL:1;KAM-CAL:2;KAM-CAL:3;KAM-CAL:4;KAM-CAL:5;KAM-CAL:6;KAM-CAL:7;KAM-KEL:1;KAM-KEL:2;KEL-CAL:1;KEL-CAL:2;KEL-CAL:3;KEL-CAL:4;KEL-CAL:5;KEL-CAL:6;KEL-CAL:7;Kamloops;OTT-MON:1;OTT-MON:2;TOR-MON:1;TOR-MON:2;TOR-MON:3;TOR-MON:4;TOR-MON:5;TOR-MON:6;TOR-OTT:1;TOR-OTT:2;TOR-OTT:3;TOR-OTT:4;TOR-OTT:5;VAN-KAM:1;VAN-KAM:2;VAN-KAM:3;VAN-KAM:4;VAN-KEL:1;VAN-KEL:2;VAN-KEL:3;VAN-KEL:4,7.214285714285714,0.7575776999854831
0.01,0.9590000000000001,0.725,133053.92433761933,optimal,112.90057422093322,55,14,18,0,0.030017743045081,513,0.1528277000033995,CAL-EDM:1;CAL-EDM:2;CAL-EDM:3;CAL-SAS:1;CAL-SAS:2;CAL-SAS:3;CAL-SAS:4;CAL-SAS:5;CAL-SAS:6;CAL-SAS:7;Calgary;EDM-SAS:1;EDM-SAS:2;EDM-SAS:3;EDM-SAS:4;EDM-SAS:5;EDM-SAS:6;KAM-CAL:1;KAM-CAL:2;KAM-CAL:3;KAM-CAL:4;KAM-CAL:5;KAM-CAL:6;KAM-CAL:7;KAM-KEL:1;KAM-KEL:2;KEL-CAL:1;KEL-CAL:2;KEL-CAL:3;KEL-CAL:4;KEL-CAL:5;KEL-CAL:6;KEL-CAL:7;Kamloops;OTT-MON:1;OTT-MON:2;TOR-MON:1;TOR-MON:2;TOR-MON:3;TOR-MON:4;TOR-MON:5;TOR-MON:6;TOR-OTT:1;TOR-OTT:2;TOR-OTT:3;TOR-OTT:4;TOR-OTT:5;VAN-KAM:1;VAN-KAM:2;VAN-KAM:3;VAN-KAM:4;VAN-KEL:1;VAN-KEL:2;VAN-KEL:3;VAN-KEL:4,7.214285714285714,0.7575776999854831
0.01,0.9590000000000001,0.725,152415.26216045461,optimal,115.64452259674981,55,14,18,0,0.030017743045081,513,0.13521539999783272,CAL-EDM:1;CAL-EDM:2;CAL-EDM:3;CAL-SAS:1;CAL-SAS:2;CAL-SAS:3;CAL-SAS:4;CAL-SAS:5;CAL-SAS:6;CAL-SAS:7;Calgary;EDM-SAS:1;EDM-SAS:2;EDM-SAS:3;EDM-SAS:4;EDM-SAS:5;EDM-SAS:6;KAM-CAL:1;KAM-CAL:2;KAM-CAL:3;KAM-CAL:4;KAM-CAL:5;KAM-CAL:6;KAM-CAL:7;KAM-KEL:1;KAM-KEL:2;KEL-CAL:1;KEL-CAL:2;KEL-CAL:3;KEL-CAL:4;KEL-CAL:5;KEL-CAL:6;KEL-CAL:7;Kamloops;OTT-MON:1;OTT-MON:2;TOR-MON:1;TOR-MON:2;TOR-MON:3;TOR-MON:4;TOR-MON:5;TOR-MON:6;TOR-OTT:1;TOR-OTT:2;TOR-OTT:3;TOR-OTT:4;TOR-OTT:5;VAN-KAM:1;VAN-KAM:2;VAN-KAM:3;VAN-KAM:4;VAN-KEL:1;VAN-KEL:2;VAN-KEL:3;VAN-KEL:4,7.214285714285714,0.7575776999854831
0.01,0.9590000000000001,0.725,174593.96447784515,optimal,118.38847097256635,55,14,18,0,0.030017743045081,513,0.14400449999811826,CAL-EDM:1;CAL-EDM:2;CAL-EDM:3;CAL-SAS:1;CAL-SAS:2;CAL-SAS:3;CAL-SAS:4;CAL-SAS:5;CAL-SAS:6;CAL-SAS:7;Calgary;EDM-SAS:1;EDM-SAS:2;EDM-SAS:3;EDM-SAS:4;EDM-SAS:5;EDM-SAS:6;KAM-CAL:1;KAM-CAL:2;KAM-CAL:3;KAM-CAL:4;KAM-CAL:5;KAM-CAL:6;KAM-CAL:7;KAM-KEL:1;KAM-KEL:2;KEL-CAL:1;KEL-CAL:2;KEL-CAL:3;KEL-CAL:4;KEL-CAL:5;KEL-CAL:6;KEL-CAL:7;Kamloops;OTT-MON:1;OTT-MON:2;TOR-MON:1;TOR-MON:2;TOR-MON:3;TOR-MON:4;TOR-MON:5;TOR-MON:6;TOR-OTT:1;TOR-OTT:2;TOR-OTT:3;TOR-OTT:4;TOR-OTT:5;VAN-KAM:1;VAN-KAM:2;VAN-KAM:3;VAN-KAM:4;VAN-KEL:1;VAN-KEL:2;VAN-KEL:3;VAN-KEL:4,7.214285714285714,0.7575776999854831
0.01,0.9590000000000001,0.725,200000.0,optimal,121.13241934838288,55,14,18,0,0.030017743045081,513,0.13971399999718415,CAL-EDM:1;CAL-EDM:2;CAL-EDM:3;CAL-SAS:1;CAL-SAS:2;CAL-SAS:3;CAL-SAS:4;CAL-SAS:5;CAL-SAS:6;CAL-SAS:7;Calgary;EDM-SAS:1;EDM-SAS:2;EDM-SAS:3;EDM-SAS:4;EDM-SAS:5;EDM-SAS:6;KAM-CAL:1;KAM-CAL:2;KAM-CAL:3;KAM-CAL:4;KAM-CAL:5;KAM-CAL:6;KAM-CAL:7;KAM-KEL:1;KAM-KEL:2;KEL-CAL:1;KEL-CAL:2;KEL-CAL:3;KEL-CAL:4;KEL-CAL:5;KEL-CAL:6;KEL-CAL:7;Kamloops;OTT-MON:1;OTT-MON:2;TOR-MON:1;TOR-MON:2;TOR-MON:3;TOR-MON:4;TOR-MON:5;TOR-MON:6;TOR-OTT:1;TOR-OTT:2;TOR-OTT:3;TOR-OTT:4;TOR-OTT:5;VAN-KAM:1;VAN-KAM:2;VAN-KAM:3;VAN-KAM:4;VAN-KEL:1;VAN-KEL:2;VAN-KEL:3;VAN-KEL:4,7.214285714285714,0.7575776999854831
