objective,point,source,generation_rate_hz,t2_s,link_fidelity,swap_success,budget,memories,paper_status,paper_utility,paper_repeaters,paper_served,paper_mean_hops,coordinated_status,coordinated_utility,coordinated_repeaters,coordinated_served,coordinated_mean_hops,ext_status,ext_utility,ext_repeaters,ext_served,ext_mean_hops,paper_min_wp,paper_median_wp,coordinated_outcome,coordinated_change_kind,coordinated_regret_bits,coordinated_reverse_regret_bits,coordinated_regret_bits_per_pair,coordinated_site_jaccard,coordinated_sites_only_paper,coordinated_sites_only_other,coordinated_d_repeaters,coordinated_d_served,coordinated_pairs_path_differs,coordinated_pairs_width_differs,coordinated_d_mean_hops,coordinated_d_mean_width,coordinated_rate_gain_bits_common,ext_outcome,ext_change_kind,ext_regret_bits,ext_reverse_regret_bits,ext_regret_bits_per_pair,ext_site_jaccard,ext_sites_only_paper,ext_sites_only_other,ext_d_repeaters,ext_d_served,ext_pairs_path_differs,ext_pairs_width_differs,ext_d_mean_hops,ext_d_mean_width,ext_rate_gain_bits_common
serve_first,midrange,midrange,20000.0,0.01,0.96,0.7,1000000,100,optimal,70.69494006809074,55,14,7.214285714285714,optimal,52.37752590383876,55,14,7.214285714285714,optimal,-290.86090237272896,55,14,7.214285714285714,0.030017743045081,0.05916841616414359,identical,,0.0,0.0,0.0,1.0,0.0,0.0,0.0,0.0,0.0,0.0,0.0,0.0,0.0,changed,memory_only,0.9496194851892596,-2.842170943040401e-14,0.06782996322780425,1.0,0.0,0.0,0.0,0.0,0.0,2.0,0.0,0.0,0.0678299632278063
serve_first,midrange,midrange,20000.0,0.01,0.96,0.7,40,100,optimal,66.69834591921271,40,14,7.785714285714286,optimal,48.2695443947518,40,14,7.785714285714286,optimal,-311.0452020100527,40,14,7.785714285714286,0.030017743045081,0.0640270900528647,tie,,-7.105427357601002e-15,-1.4210854715202004e-14,-5.075305255429287e-16,1.0,0.0,0.0,0.0,0.0,0.0,2.0,0.0,0.0,-7.93016446160826e-18,changed,memory_only,2.592661445128215,-1.4210854715202004e-14,0.18519010322344392,1.0,0.0,0.0,0.0,0.0,0.0,2.0,0.0,0.0,0.1851901032234469
serve_first,midrange,midrange,20000.0,0.01,0.96,0.7,30,100,optimal,35.03931926533637,29,14,6.5,optimal,19.069680084159423,30,14,6.642857142857143,optimal,-384.075576077602,30,14,5.642857142857143,0.00012412628690333538,0.03319923187926317,changed,routing,0.10768133002378022,0.3467673302374905,0.007691523573127158,0.9032258064516129,1.0,2.0,1.0,0.0,2.0,0.0,0.14285714285714285,0.0,0.028157000638850644,changed,routing,27.90904125186296,63.50508059027261,1.9935029465616398,0.5128205128205128,9.0,10.0,1.0,0.0,11.0,9.0,-0.8571428571428571,-0.21428571428571427,1.8714465218732774
serve_first,midrange,midrange,20000.0,0.01,0.96,0.7,20,100,optimal,-19.061561549122228,20,14,4.214285714285714,optimal,-30.14413309617595,20,14,4.214285714285714,optimal,-483.0492063446505,20,14,3.857142857142857,6.436177839432205e-05,0.00015183215780139426,changed,routing,0.20342235654801044,-3.552713678800501e-15,0.014530168324857888,0.9047619047619048,1.0,1.0,0.0,0.0,1.0,2.0,0.0,0.0,0.014530168324857793,changed,routing,24.229555073162203,36.51701618773333,1.7306825052258716,0.3793103448275862,9.0,9.0,0.0,0.0,10.0,7.0,-0.35714285714285715,-0.35714285714285715,1.6843810369543217
serve_first,midrange,midrange,20000.0,0.01,0.96,0.7,15,100,optimal,-80.3125057448057,15,14,3.357142857142857,optimal,-88.58312893524817,15,14,3.357142857142857,optimal,-531.2155177905254,15,14,3.0,1.3799966612608638e-07,1.6967155723624642e-06,identical,,0.0,0.0,0.0,1.0,0.0,0.0,0.0,0.0,0.0,0.0,0.0,0.0,0.0,changed,routing,23.907290463027607,50.00150267133937,1.707663604501972,0.2,10.0,10.0,0.0,0.0,12.0,2.0,-0.35714285714285715,0.0,1.65976344173545
serve_first,midrange,midrange,20000.0,0.01,0.96,0.7,10,100,optimal,-98.29930615124661,10,12,2.9166666666666665,optimal,-102.83437036544233,10,12,2.9166666666666665,optimal,-429.5174599712567,10,12,2.25,8.538149682454624e-10,3.6005078668409747e-07,tie,,-1.4210854715202004e-14,0.0,-1.1842378929335002e-15,1.0,0.0,0.0,0.0,0.0,0.0,4.0,0.0,0.0,1.0177044392397268e-16,changed,routing,41.454253950527686,40.759309468178856,3.454521162543974,0.3333333333333333,5.0,5.0,0.0,0.0,7.0,8.0,-0.6363636363636364,0.9090909090909091,-0.7424240844759875
serve_first,midrange,midrange,20000.0,0.01,0.96,0.7,6,100,optimal,-96.0979863789547,6,9,2.111111111111111,optimal,-97.85703857433265,6,9,2.111111111111111,optimal,-269.53189574685985,6,9,2.111111111111111,1.6443843832875573e-09,1.8669300050286537e-07,identical,,0.0,0.0,0.0,1.0,0.0,0.0,0.0,0.0,0.0,0.0,0.0,0.0,0.0,changed,routing,2.892530548706361,2.6915448299217104,0.3213922831895957,0.5,2.0,2.0,0.0,0.0,3.0,4.0,0.0,-1.4444444444444444,0.3213922831895974
serve_first,projected,projected,200000.0,0.1,0.998,0.95,1000000,100,optimal,200.86032806688257,47,18,10.0,optimal,177.28906658881525,47,18,10.055555555555555,optimal,-506.51033608310036,55,18,9.444444444444445,0.00012768151750982735,0.04253572014103915,changed,routing,0.5047897690164405,0.07993773891729461,0.028043876056468915,1.0,0.0,0.0,0.0,0.0,1.0,6.0,0.05555555555555555,0.0,0.028373718138326596,changed,routing,36.46880530407441,2.0922987045813386,2.0260447391152447,0.7894736842105263,2.0,10.0,8.0,0.0,5.0,3.0,-0.5555555555555556,-0.7222222222222222,2.0227916281932488
serve_first,projected,projected,200000.0,0.1,0.998,0.95,40,100,optimal,198.4979812032672,40,18,9.944444444444445,optimal,175.1470748277698,40,18,10.0,optimal,-547.2184174637785,40,18,9.333333333333334,0.00012768151750982735,0.03319923187926317,changed,routing,0.5047897690164405,0.07993773891723777,0.028043876056468915,1.0,0.0,0.0,0.0,0.0,1.0,0.0,0.05555555555555555,0.0,0.028373718138326603,changed,routing,24.0319911813624,37.7005689103371,1.3351106211868,0.9047619047619048,2.0,2.0,0.0,0.0,5.0,10.0,-0.6111111111111112,0.0,1.331550456238285
serve_first,projected,projected,200000.0,0.1,0.998,0.95,30,100,optimal,178.13585290992685,30,18,10.055555555555555,optimal,156.04085928863896,30,18,10.166666666666666,optimal,-657.2796028414381,30,18,8.944444444444445,0.00012768151750982735,0.027693868286859387,changed,routing,0.9178589869319183,0.15974406720215484,0.050992165940662124,0.9354838709677419,1.0,1.0,0.0,0.0,3.0,4.0,0.1111111111111111,0.0,0.051644549513692024,changed,routing,19.491243027126416,55.346791109560186,1.0828468348403564,0.8181818181818182,3.0,3.0,0.0,0.0,6.0,6.0,-1.1111111111111112,1.5555555555555556,1.0763614773022856
serve_first,projected,projected,200000.0,0.1,0.998,0.95,20,100,optimal,80.66044292159869,20,18,6.111111111111111,optimal,62.534778703320306,20,18,6.277777777777778,feasible_at_limit,,0,0,,3.508310635390915e-05,0.00010702416930300637,changed,routing,0.47709712688121897,0.23950676376840363,0.026505395937845497,0.9047619047619048,1.0,1.0,0.0,0.0,5.0,2.0,0.16666666666666666,0.0,0.027477897017682593,solver_problem,,,,,,,,,,,,,,
serve_first,projected,projected,200000.0,0.1,0.998,0.95,15,100,optimal,23.63253268187541,15,18,5.611111111111111,optimal,8.606375177265102,15,18,5.722222222222222,feasible_at_limit,,0,0,,2.2135943621178655e-10,7.872778552664888e-05,changed,routing,0.06224335236136902,1.937820159224497,0.0034579640200760567,0.6666666666666666,3.0,3.0,0.0,0.0,6.0,7.0,0.1111111111111111,0.5,0.0041017426761286785,solver_problem,,,,,,,,,,,,,,
serve_first,projected,projected,200000.0,0.1,0.998,0.95,10,100,optimal,-160.3638714447722,10,16,3.25,optimal,-167.57509141550588,10,16,3.25,optimal,-902.0761738440254,10,16,3.1875,4.427188724235731e-10,1.5497885751113371e-09,tie,,-2.842170943040401e-14,0.0,-1.7763568394002505e-15,0.8181818181818182,1.0,1.0,0.0,0.0,4.0,6.0,0.0,0.0,-2.0816681711721685e-17,changed,routing,25.61602579608723,3.721496363714948,1.6010016122554518,0.6666666666666666,2.0,2.0,0.0,0.0,4.0,5.0,0.0,1.0,0.3195545913540357
serve_first,projected,projected,200000.0,0.1,0.998,0.95,6,100,optimal,-120.5474637737327,6,11,3.090909090909091,optimal,-125.3274700013695,6,11,3.090909090909091,optimal,-629.0854932244988,6,11,3.090909090909091,1.2649110640673518e-10,8.538149682454624e-10,tie,,0.0,1.4210854715202004e-14,0.0,1.0,0.0,0.0,0.0,0.0,0.0,4.0,0.0,0.0,0.0,changed,memory_only,3.7580547218909715,0.0,0.3416413383537247,1.0,0.0,0.0,0.0,0.0,0.0,4.0,0.0,0.0,0.3416413383537328
serve_first,lhs000,lhs,79018.17205913966,0.06992704995212132,0.9301802361961763,0.7310530218138814,1000000,100,optimal,49.71300559690186,54,18,6.611111111111111,optimal,28.015010659665165,54,18,6.611111111111111,optimal,-766.2466534473144,55,18,7.055555555555555,3.516641004113415e-05,0.028043481479180586,changed,routing,0.17167258548541753,0.0,0.009537365860300974,1.0,0.0,0.0,0.0,0.0,2.0,10.0,0.0,0.0,0.009537365860301053,changed,routing,43.96908119363377,14.318767384604776,2.442726732979654,0.9818181818181818,0.0,1.0,1.0,0.0,7.0,10.0,0.4444444444444444,0.0,2.7143810010643783
serve_first,lhs000,lhs,79018.17205913966,0.06992704995212132,0.9301802361961763,0.7310530218138814,40,100,optimal,36.179470799879525,39,18,7.222222222222222,optimal,14.272307017694438,39,18,7.222222222222222,optimal,-792.0658875842073,40,18,6.666666666666667,3.516641004113415e-05,0.03319923187926317,tie,,-3.552713678800501e-15,-7.105427357601002e-15,-1.9737298215558337e-16,1.0,0.0,0.0,0.0,0.0,1.0,12.0,0.0,0.0,-4.9343245538895844e-17,changed,routing,55.4730989275954,44.68685232159173,3.081838829310856,0.6458333333333334,8.0,9.0,1.0,0.0,12.0,10.0,-0.5555555555555556,0.3333333333333333,2.8049215922842006
serve_first,lhs000,lhs,79018.17205913966,0.06992704995212132,0.9301802361961763,0.7310530218138814,30,100,optimal,18.287215866407088,30,18,7.0,optimal,-3.2882186720097772,30,18,7.0,optimal,-833.5217805004958,30,18,6.111111111111111,1.5708258360227545e-07,0.016667276216171267,changed,routing,0.09500306991071295,0.0,0.005277948328372941,1.0,0.0,0.0,0.0,0.0,4.0,2.0,0.0,0.0,0.005277948328372935,changed,routing,145.42304951538665,67.07996811829207,8.079058306410369,0.5,10.0,10.0,0.0,0.0,15.0,13.0,-0.8888888888888888,0.16666666666666666,7.769823988558928
serve_first,lhs000,lhs,79018.17205913966,0.06992704995212132,0.9301802361961763,0.7310530218138814,20,100,optimal,-33.92051565989872,20,18,5.888888888888889,optimal,-50.1501336727974,20,18,5.888888888888889,optimal,-929.3698086729415,20,18,4.888888888888889,9.334650025143269e-08,0.00010702416930300637,tie,,0.0,0.0,0.0,1.0,0.0,0.0,0.0,0.0,3.0,6.0,0.0,0.0,1.2335811384723961e-17,changed,routing,155.9843827597914,37.75502270492769,8.665799042210633,0.3333333333333333,10.0,10.0,0.0,0.0,13.0,12.0,-1.0,0.8333333333333334,8.253609060685315
serve_first,lhs000,lhs,79018.17205913966,0.06992704995212132,0.9301802361961763,0.7310530218138814,15,100,optimal,-156.6595148210081,15,18,3.611111111111111,optimal,-165.4179488245231,15,18,3.611111111111111,optimal,-1001.0495365839398,15,18,3.611111111111111,5.5735003877489565e-08,1.8669300050286537e-07,tie,,2.842170943040401e-14,0.0,1.578983857244667e-15,0.7647058823529411,2.0,2.0,0.0,0.0,1.0,6.0,0.0,0.0,1.2335811384723961e-17,changed,routing,4.815980604606125,1.8073549220575842,0.2675544780336736,0.7647058823529411,2.0,2.0,0.0,0.0,2.0,10.0,0.0,-0.5555555555555556,0.2675544780336649
serve_first,lhs000,lhs,79018.17205913966,0.06992704995212132,0.9301802361961763,0.7310530218138814,10,100,optimal,-207.8230002506713,10,16,3.25,optimal,-215.0342202214049,10,16,3.25,optimal,-948.9175542515778,10,16,3.1875,4.427188724235731e-10,1.5497885751113371e-09,tie,,0.0,0.0,0.0,1.0,0.0,0.0,0.0,0.0,0.0,4.0,0.0,0.0,0.0,changed,routing,28.128796059669867,3.1037479653681146,1.7580497537293667,0.6666666666666666,2.0,2.0,0.0,0.0,4.0,7.0,0.0,1.0,0.44588938236974857
serve_first,lhs000,lhs,79018.17205913966,0.06992704995212132,0.9301802361961763,0.7310530218138814,6,100,optimal,-152.12977807387892,6,11,3.090909090909091,optimal,-156.90978430151574,6,11,3.090909090909091,optimal,-660.6678075246449,6,11,3.090909090909091,1.2649110640673518e-10,8.538149682454624e-10,tie,,2.842170943040401e-14,0.0,2.5837917664003644e-15,1.0,0.0,0.0,0.0,0.0,0.0,4.0,0.0,0.0,-1.0092936587501423e-17,changed,memory_only,5.484050505687378,0.0,0.4985500459715798,1.0,0.0,0.0,0.0,0.0,0.0,4.0,0.0,0.0,0.49855004597156305
serve_first,lhs001,lhs,17860.73835116323,0.0032412526836931082,0.9372069370453744,0.9433169234171821,1000000,100,optimal,32.8117682782892,7,3,3.3333333333333335,optimal,30.01330896437203,7,3,3.3333333333333335,optimal,20.111381490121946,7,3,3.3333333333333335,0.23713737056616555,0.46415888336127825,identical,,0.0,0.0,0.0,1.0,0.0,0.0,0.0,0.0,0.0,0.0,0.0,0.0,0.0,identical,,0.0,0.0,0.0,1.0,0.0,0.0,0.0,0.0,0.0,0.0,0.0,0.0,0.0
serve_first,lhs001,lhs,17860.73835116323,0.0032412526836931082,0.9372069370453744,0.9433169234171821,40,100,optimal,32.8117682782892,7,3,3.3333333333333335,optimal,30.01330896437203,7,3,3.3333333333333335,optimal,20.111381490121946,7,3,3.3333333333333335,0.23713737056616555,0.46415888336127825,identical,,0.0,0.0,0.0,1.0,0.0,0.0,0.0,0.0,0.0,0.0,0.0,0.0,0.0,identical,,0.0,0.0,0.0,1.0,0.0,0.0,0.0,0.0,0.0,0.0,0.0,0.0,0.0
serve_first,lhs001,lhs,17860.73835116323,0.0032412526836931082,0.9372069370453744,0.9433169234171821,30,100,optimal,32.8117682782892,7,3,3.3333333333333335,optimal,30.01330896437203,7,3,3.3333333333333335,optimal,20.111381490121946,7,3,3.3333333333333335,0.23713737056616555,0.46415888336127825,identical,,0.0,0.0,0.0,1.0,0.0,0.0,0.0,0.0,0.0,0.0,0.0,0.0,0.0,identical,,0.0,0.0,0.0,1.0,0.0,0.0,0.0,0.0,0.0,0.0,0.0,0.0,0.0
serve_first,lhs001,lhs,17860.73835116323,0.0032412526836931082,0.9372069370453744,0.9433169234171821,20,100,optimal,32.8117682782892,7,3,3.3333333333333335,optimal,30.01330896437203,7,3,3.3333333333333335,optimal,20.111381490121946,7,3,3.3333333333333335,0.23713737056616555,0.46415888336127825,identical,,0.0,0.0,0.0,1.0,0.0,0.0,0.0,0.0,0.0,0.0,0.0,0.0,0.0,identical,,0.0,0.0,0.0,1.0,0.0,0.0,0.0,0.0,0.0,0.0,0.0,0.0,0.0
serve_first,lhs001,lhs,17860.73835116323,0.0032412526836931082,0.9372069370453744,0.9433169234171821,15,100,optimal,32.8117682782892,7,3,3.3333333333333335,optimal,30.01330896437203,7,3,3.3333333333333335,optimal,20.111381490121946,7,3,3.3333333333333335,0.23713737056616555,0.46415888336127825,identical,,0.0,0.0,0.0,1.0,0.0,0.0,0.0,0.0,0.0,0.0,0.0,0.0,0.0,identical,,0.0,0.0,0.0,1.0,0.0,0.0,0.0,0.0,0.0,0.0,0.0,0.0,0.0
serve_first,lhs001,lhs,17860.73835116323,0.0032412526836931082,0.9372069370453744,0.9433169234171821,10,100,optimal,32.8117682782892,7,3,3.3333333333333335,optimal,30.01330896437203,7,3,3.3333333333333335,optimal,20.111381490121946,7,3,3.3333333333333335,0.23713737056616555,0.46415888336127825,identical,,0.0,0.0,0.0,1.0,0.0,0.0,0.0,0.0,0.0,0.0,0.0,0.0,0.0,identical,,0.0,0.0,0.0,1.0,0.0,0.0,0.0,0.0,0.0,0.0,0.0,0.0,0.0
serve_first,lhs001,lhs,17860.73835116323,0.0032412526836931082,0.9372069370453744,0.9433169234171821,6,100,optimal,25.74801582143423,6,3,3.0,optimal,23.819565220968137,6,3,3.0,optimal,14.562091941073986,6,3,3.0,0.0036869450645195738,0.23713737056616555,identical,,0.0,0.0,0.0,1.0,0.0,0.0,0.0,0.0,0.0,0.0,0.0,0.0,0.0,identical,,0.0,0.0,0.0,1.0,0.0,0.0,0.0,0.0,0.0,0.0,0.0,0.0,0.0
serve_first,lhs002,lhs,3526.959751495192,0.004054545163996494,0.9684694414740667,0.8058897742712832,1000000,100,optimal,34.518921811863756,15,5,4.0,optimal,29.341647949710797,15,5,4.0,optimal,-9.648028337866839,15,5,4.0,0.08153869645085443,0.16394459283656687,identical,,0.0,0.0,0.0,1.0,0.0,0.0,0.0,0.0,0.0,0.0,0.0,0.0,0.0,identical,,0.0,0.0,0.0,1.0,0.0,0.0,0.0,0.0,0.0,0.0,0.0,0.0,0.0
serve_first,lhs002,lhs,3526.959751495192,0.004054545163996494,0.9684694414740667,0.8058897742712832,40,100,optimal,34.518921811863756,15,5,4.0,optimal,29.341647949710797,15,5,4.0,optimal,-9.648028337866839,15,5,4.0,0.08153869645085443,0.16394459283656687,identical,,0.0,0.0,0.0,1.0,0.0,0.0,0.0,0.0,0.0,0.0,0.0,0.0,0.0,identical,,0.0,0.0,0.0,1.0,0.0,0.0,0.0,0.0,0.0,0.0,0.0,0.0,0.0
serve_first,lhs002,lhs,3526.959751495192,0.004054545163996494,0.9684694414740667,0.8058897742712832,30,100,optimal,34.518921811863756,15,5,4.0,optimal,29.341647949710797,15,5,4.0,optimal,-9.648028337866839,15,5,4.0,0.08153869645085443,0.16394459283656687,identical,,0.0,0.0,0.0,1.0,0.0,0.0,0.0,0.0,0.0,0.0,0.0,0.0,0.0,identical,,0.0,0.0,0.0,1.0,0.0,0.0,0.0,0.0,0.0,0.0,0.0,0.0,0.0
serve_first,lhs002,lhs,3526.959751495192,0.004054545163996494,0.9684694414740667,0.8058897742712832,20,100,optimal,34.518921811863756,15,5,4.0,optimal,29.341647949710797,15,5,4.0,optimal,-9.648028337866839,15,5,4.0,0.08153869645085443,0.16394459283656687,identical,,0.0,0.0,0.0,1.0,0.0,0.0,0.0,0.0,0.0,0.0,0.0,0.0,0.0,identical,,0.0,0.0,0.0,1.0,0.0,0.0,0.0,0.0,0.0,0.0,0.0,0.0,0.0
serve_first,lhs002,lhs,3526.959751495192,0.004054545163996494,0.9684694414740667,0.8058897742712832,15,100,optimal,34.518921811863756,15,5,4.0,optimal,29.341647949710797,15,5,4.0,optimal,-9.648028337866839,15,5,4.0,0.08153869645085443,0.16394459283656687,identical,,0.0,0.0,0.0,1.0,0.0,0.0,0.0,0.0,0.0,0.0,0.0,0.0,0.0,identical,,0.0,0.0,0.0,1.0,0.0,0.0,0.0,0.0,0.0,0.0,0.0,0.0,0.0
serve_first,lhs002,lhs,3526.959751495192,0.004054545163996494,0.9684694414740667,0.8058897742712832,10,100,optimal,12.124172811924726,10,5,3.0,optimal,8.893083922898251,10,5,3.0,optimal,-30.7486903066546,10,5,3.0,0.0002462429266260956,0.0019172114335501782,tie,,0.0,1.7763568394002505e-15,0.0,0.6666666666666666,2.0,2.0,0.0,0.0,2.0,2.0,0.0,0.0,0.0,changed,routing,6.055670893322752,7.019812220179846,1.2111341786645504,0.6666666666666666,2.0,2.0,0.0,0.0,3.0,2.0,0.0,0.0,1.2121356572930917
serve_first,lhs002,lhs,3526.959751495192,0.004054545163996494,0.9684694414740667,0.8058897742712832,6,100,optimal,-10.414178073770033,6,5,2.2,optimal,-12.169435243869215,6,5,2.2,optimal,-51.88288491623522,6,5,2.2,6.044547074134512e-06,0.000474245636465073,tie,,0.0,-1.7763568394002505e-15,0.0,0.5,2.0,2.0,0.0,0.0,2.0,0.0,0.0,0.0,0.0,changed,routing,2.3112400650468317,8.722682203405087,0.46224801300936635,0.5,2.0,2.0,0.0,0.0,3.0,2.0,0.0,0.0,0.4627722038745176
serve_first,lhs003,lhs,31935.484986209784,0.0117613628963826,0.9411191486569153,0.8747327719138562,1000000,100,optimal,94.83538018744818,55,14,7.214285714285714,optimal,76.51796602319617,55,14,7.214285714285714,optimal,-266.7204622533716,55,14,7.214285714285714,0.030017743045081,0.06223628039710497,identical,,0.0,0.0,0.0,1.0,0.0,0.0,0.0,0.0,0.0,0.0,0.0,0.0,0.0,identical,,0.0,0.0,0.0,1.0,0.0,0.0,0.0,0.0,0.0,0.0,0.0,0.0,0.0
serve_first,lhs003,lhs,31935.484986209784,0.0117613628963826,0.9411191486569153,0.8747327719138562,40,100,optimal,91.90060284960578,40,14,7.785714285714286,optimal,73.47180132514487,40,14,7.785714285714286,optimal,-285.8429450796596,40,14,7.785714285714286,0.030017743045081,0.0640270900528647,tie,,0.0,0.0,0.0,1.0,0.0,0.0,0.0,0.0,0.0,2.0,0.0,0.0,1.586032892321652e-17,changed,memory_only,2.5926614451282717,0.0,0.18519010322344798,1.0,0.0,0.0,0.0,0.0,0.0,2.0,0.0,0.0,0.1851901032234469
serve_first,lhs003,lhs,31935.484986209784,0.0117613628963826,0.9411191486569153,0.8747327719138562,30,100,optimal,70.15006558308343,30,14,7.142857142857143,optimal,53.038290354482754,30,14,7.142857142857143,optimal,-362.95811281855924,30,14,5.642857142857143,7.01662127078183e-05,0.0640270900528647,tie,,0.0,0.0,0.0,1.0,0.0,0.0,0.0,0.0,1.0,2.0,0.0,0.0,2.3790493384824782e-17,changed,routing,19.86256140115995,77.4983636489769,1.4187543857971394,0.42857142857142855,12.0,12.0,0.0,0.0,11.0,10.0,-1.5,0.7142857142857143,0.9459798965090148
serve_first,lhs003,lhs,31935.484986209784,0.0117613628963826,0.9411191486569153,0.8747327719138562,20,100,optimal,20.57519353153134,20,14,4.785714285714286,optimal,7.249924535288622,20,14,4.857142857142857,optimal,-460.6865110040487,20,14,5.5,7.872778552664888e-05,0.00015183215780139426,changed,routing,0.27234902621833523,0.46594499807682865,0.01945350187273823,0.48148148148148145,7.0,7.0,0.0,0.0,8.0,4.0,0.07142857142857142,0.0,0.03894344820743866,changed,routing,42.456879363966834,35.79847763038144,3.0326342402833455,0.6,5.0,5.0,0.0,0.0,11.0,4.0,0.7142857142857143,0.21428571428571427,3.3085924766195984
serve_first,lhs003,lhs,31935.484986209784,0.0117613628963826,0.9411191486569153,0.8747327719138562,15,100,optimal,-25.26619643964855,15,14,4.214285714285714,optimal,-35.80719321800356,15,14,4.357142857142857,optimal,-515.5906428462819,15,14,3.0,3.6005078668409747e-07,0.00010702416930300637,changed,routing,0.24612033290490842,0.8586864746292733,0.01758002377892203,0.15384615384615385,11.0,11.0,0.0,0.0,11.0,4.0,0.14285714285714285,0.0,0.051331093482293234,changed,routing,27.324200684280072,89.42293703225312,1.9517286203057194,0.034482758620689655,14.0,14.0,0.0,0.0,14.0,5.0,-1.2142857142857142,0.9285714285714286,1.6614174894116007
serve_first,lhs003,lhs,31935.484986209784,0.0117613628963826,0.9411191486569153,0.8747327719138562,10,100,optimal,-85.13949221782491,10,12,2.9166666666666665,optimal,-89.67455643202058,10,12,2.9166666666666665,optimal,-418.3452400789183,10,12,2.25,8.538149682454624e-10,3.6005078668409747e-07,tie,,1.4210854715202004e-14,0.0,1.1842378929335002e-15,1.0,0.0,0.0,0.0,0.0,0.0,2.0,0.0,0.0,2.7755575615628914e-17,changed,routing,39.43667806697982,42.746903509262125,3.2863898389149853,0.17647058823529413,7.0,7.0,0.0,0.0,8.0,9.0,-0.6363636363636364,0.9090909090909091,-0.949732612342853
serve_first,lhs003,lhs,31935.484986209784,0.0117613628963826,0.9411191486569153,0.8747327719138562,6,100,optimal,-66.8935954875191,6,9,2.7777777777777777,optimal,-70.35796307718041,6,9,2.7777777777777777,optimal,-261.4716882085114,6,9,2.111111111111111,1.8669300050286537e-07,3.6005078668409747e-07,changed,served_and_memory,0.48191086675757333,0.1029908782558806,0.05354565186195259,0.7142857142857143,1.0,1.0,0.0,0.0,0.0,1.0,0.0,9.125,0.23612108595140704,changed,routing,91.01718949166269,23.835728183008897,10.113021054629188,0.09090909090909091,5.0,5.0,0.0,0.0,4.0,5.0,-0.2857142857142857,-0.14285714285714285,-1.2978874392198065
serve_first,lhs004,lhs,1235.8291207556929,0.005504639816634067,0.9427041732553852,0.6997755225556053,1000000,100,optimal,22.819786190296664,32,8,5.0,optimal,13.605328779391995,32,8,5.0,optimal,-89.02087577777834,32,8,5.0,0.05387208250415978,0.11006998190043765,tie,,0.0,-3.552713678800501e-15,0.0,1.0,0.0,0.0,0.0,0.0,0.0,4.0,0.0,0.0,-2.7755575615628914e-17,changed,memory_only,3.6760949690279006,0.0,0.45951187112848757,1.0,0.0,0.0,0.0,0.0,0.0,4.0,0.0,0.0,0.45951187112848724
serve_first,lhs004,lhs,1235.8291207556929,0.005504639816634067,0.9427041732553852,0.6997755225556053,40,100,optimal,22.819786190296664,32,8,5.0,optimal,13.605328779391995,32,8,5.0,optimal,-89.02087577777834,32,8,5.0,0.05387208250415978,0.11006998190043765,tie,,0.0,-3.552713678800501e-15,0.0,1.0,0.0,0.0,0.0,0.0,0.0,4.0,0.0,0.0,-2.7755575615628914e-17,changed,memory_only,3.6760949690279006,0.0,0.45951187112848757,1.0,0.0,0.0,0.0,0.0,0.0,4.0,0.0,0.0,0.45951187112848724
serve_first,lhs004,lhs,1235.8291207556929,0.005504639816634067,0.9427041732553852,0.6997755225556053,30,100,optimal,21.184315613095883,29,8,5.375,optimal,11.930535187667985,29,8,5.375,optimal,-93.71844645297232,29,8,5.375,0.05387208250415978,0.10242506457263026,tie,,0.0,0.0,0.0,1.0,0.0,0.0,0.0,0.0,0.0,4.0,0.0,0.0,-1.1102230246251565e-16,changed,memory_only,9.022378350134787,0.0,1.1277972937668483,1.0,0.0,0.0,0.0,0.0,0.0,6.0,0.0,0.0,1.1277972937668475
serve_first,lhs004,lhs,1235.8291207556929,0.005504639816634067,0.9427041732553852,0.6997755225556053,20,100,optimal,1.4214787231846393,20,8,4.25,optimal,-6.418709811215011,20,8,4.25,optimal,-129.3622824319823,20,8,4.25,0.0001074889360494444,0.08153869645085443,tie,,3.552713678800501e-15,-1.3322676295501878e-15,4.440892098500626e-16,0.9047619047619048,1.0,1.0,0.0,0.0,1.0,2.0,0.0,0.0,4.163336342344337e-17,changed,routing,10.639703564816102,32.89108593218912,1.3299629456020128,0.48148148148148145,7.0,7.0,0.0,0.0,5.0,6.0,0.0,0.0,1.36506608735762
serve_first,lhs004,lhs,1235.8291207556929,0.005504639816634067,0.9427041732553852,0.6997755225556053,15,100,optimal,-18.091269858238174,15,8,3.25,optimal,-24.29772913846793,15,8,3.25,optimal,-153.0597289752415,15,8,3.625,0.0001074889360494444,0.0002462429266260956,tie,,7.105427357601002e-15,-3.552713678800501e-15,8.881784197001252e-16,0.875,1.0,1.0,0.0,0.0,1.0,4.0,0.0,0.0,1.3877787807814457e-16,changed,routing,19.734334034674504,34.6538518385928,2.466791754334313,0.30434782608695654,8.0,8.0,0.0,0.0,7.0,6.0,0.375,0.0,2.569934207179833
serve_first,lhs004,lhs,1235.8291207556929,0.005504639816634067,0.9427041732553852,0.6997755225556053,10,100,optimal,-54.93673482913548,10,8,2.625,optimal,-57.89074384973644,10,8,2.625,optimal,-182.67956209558778,10,8,2.25,3.6005078668409747e-07,0.00017942394324460656,changed,routing,0.34744378375285834,0.2375101957330017,0.04343047296910729,0.5384615384615384,3.0,3.0,0.0,0.0,3.0,4.0,0.0,0.0,0.041976171546164454,changed,routing,7.464447204235995,23.661363759691362,0.9330559005294994,0.25,6.0,6.0,0.0,0.0,6.0,2.0,-0.375,0.0,0.8629787151999152
serve_first,lhs004,lhs,1235.8291207556929,0.005504639816634067,0.9427041732553852,0.6997755225556053,6,100,optimal,-65.01819697322632,6,7,2.2857142857142856,optimal,-66.8602115439493,6,7,2.2857142857142856,optimal,-152.5323447896625,6,7,1.8571428571428572,3.1622776601683795e-09,5.199999999999999e-06,changed,routing,0.5850368980064928,0.0,0.08357669971521327,0.5,2.0,2.0,0.0,0.0,1.0,4.0,0.0,0.0,0.08357669971521098,changed,routing,9.782108068781696,15.797016966214471,1.3974440098259566,0.0,6.0,6.0,0.0,0.0,4.0,5.0,-0.5,-12.166666666666666,0.86066341399736
serve_first,lhs005,lhs,165377.49208065658,0.02837622625534312,0.9417861972201874,0.882149059752233,1000000,100,optimal,120.88186916490005,55,18,7.666666666666667,optimal,97.92620798882405,55,18,7.611111111111111,optimal,-643.2497407293561,56,18,8.055555555555555,3.516641004113415e-05,0.04353565719171147,changed,routing,0.3649218307603803,0.05437351475588059,0.02027343504224335,1.0,0.0,0.0,0.0,0.0,2.0,10.0,-0.05555555555555555,0.0,-0.02202096897626781,changed,routing,53.639900937971674,6.602159328617148,2.979994496553982,0.9821428571428571,0.0,1.0,1.0,0.0,5.0,10.0,0.3888888888888889,0.16666666666666666,3.2185106883210395
serve_first,lhs005,lhs,165377.49208065658,0.02837622625534312,0.9417861972201874,0.882149059752233,40,100,optimal,117.75226172921796,40,18,8.333333333333334,optimal,93.8025536978974,40,18,8.333333333333334,optimal,-681.0828382047921,40,18,7.555555555555555,7.01662127078183e-05,0.037739277982445696,changed,routing,0.0416947183534262,0.0,0.002316373241857011,1.0,0.0,0.0,0.0,0.0,2.0,2.0,0.0,0.0,0.002316373241857301,changed,routing,78.31181226689978,57.39585825890051,4.3506562370499875,0.6666666666666666,8.0,8.0,0.0,0.0,9.0,10.0,-0.7777777777777778,0.16666666666666666,4.236656582811823
serve_first,lhs005,lhs,165377.49208065658,0.02837622625534312,0.9417861972201874,0.882149059752233,30,100,optimal,96.11349363030905,30,18,7.888888888888889,optimal,73.32500562299852,30,18,7.888888888888889,optimal,-765.4222337944058,30,18,6.388888888888889,7.01662127078183e-05,0.03319923187926317,identical,,0.0,0.0,0.0,1.0,0.0,0.0,0.0,0.0,0.0,0.0,0.0,0.0,0.0,changed,routing,101.58846946808865,92.83304256238347,5.6438038593382585,0.42857142857142855,12.0,12.0,0.0,0.0,15.0,12.0,-1.5,0.3333333333333333,5.167949796130308
serve_first,lhs005,lhs,165377.49208065658,0.02837622625534312,0.9417861972201874,0.882149059752233,20,100,optimal,40.99657126224441,20,18,6.111111111111111,optimal,22.59723227363283,20,18,6.111111111111111,optimal,-883.2527457753664,20,18,4.888888888888889,3.508310635390915e-05,0.00010702416930300637,changed,routing,0.20342235654801044,-7.105427357601002e-15,0.011301242030445025,0.9047619047619048,1.0,1.0,0.0,0.0,3.0,6.0,0.0,0.0,0.011301242030444926,changed,routing,127.30546070340642,66.55504672949574,7.0725255946336905,0.42857142857142855,8.0,8.0,0.0,0.0,14.0,10.0,-1.2222222222222223,0.8333333333333334,6.71456192280171
serve_first,lhs005,lhs,165377.49208065658,0.02837622625534312,0.9417861972201874,0.882149059752233,15,100,optimal,-13.175856975301391,15,18,5.611111111111111,optimal,-28.26425783227306,15,18,5.611111111111111,feasible_at_limit,,0,0,,4.427188724235731e-10,7.444699911723359e-05,changed,routing,0.5850567918848171,-1.0658141036401503e-14,0.03250315510471206,1.0,0.0,0.0,0.0,0.0,3.0,4.0,0.0,0.0,0.032503155104711925,solver_problem,,,,,,,,,,,,,,
serve_first,lhs005,lhs,165377.49208065658,0.02837622625534312,0.9417861972201874,0.882149059752233,10,100,optimal,-178.46080318298354,10,16,3.25,optimal,-185.67202315371713,10,16,3.25,optimal,-919.8750294221059,10,16,3.1875,4.427188724235731e-10,1.5497885751113371e-09,tie,,2.842170943040401e-14,-2.842170943040401e-14,1.7763568394002505e-15,1.0,0.0,0.0,0.0,0.0,0.0,6.0,0.0,0.0,2.7755575615628914e-17,changed,served_and_memory,24.99067579292,3.4234202035838734,1.5619172370575,0.8181818181818182,1.0,1.0,0.0,0.0,0.0,5.0,0.0,-0.6666666666666666,0.06888255622756664
serve_first,lhs005,lhs,165377.49208065658,0.02837622625534312,0.9417861972201874,0.882149059752233,6,100,optimal,-132.48687655675536,6,11,3.090909090909091,optimal,-137.26688278439218,6,11,3.090909090909091,optimal,-641.0249060075213,6,11,3.090909090909091,1.2649110640673518e-10,8.538149682454624e-10,tie,,0.0,0.0,0.0,1.0,0.0,0.0,0.0,0.0,0.0,2.0,0.0,0.0,3.027880976250427e-17,changed,memory_only,3.762037262162721,0.0,0.3420033874693383,1.0,0.0,0.0,0.0,0.0,0.0,2.0,0.0,0.0,0.34200338746933423
serve_first,lhs006,lhs,37629.8991537241,0.009746168793087677,0.9936673511575277,0.7744473961396068,1000000,100,optimal,108.53473126961575,55,14,7.214285714285714,optimal,90.21731710536376,55,14,7.214285714285714,optimal,-253.02111117120398,55,14,7.214285714285714,0.030017743045081,0.05916841616414359,tie,,0.0,-1.4210854715202004e-14,0.0,1.0,0.0,0.0,0.0,0.0,0.0,2.0,0.0,0.0,-2.3790493384824782e-17,changed,memory_only,3.7755559823245903,-1.4210854715202004e-14,0.2696825701660422,1.0,0.0,0.0,0.0,0.0,0.0,2.0,0.0,0.0,0.26968257016603936
serve_first,lhs006,lhs,37629.8991537241,0.009746168793087677,0.9936673511575277,0.7744473961396068,40,100,optimal,106.87753120965024,40,14,7.785714285714286,optimal,88.44872968518935,40,14,7.785714285714286,optimal,-270.8660167196152,40,14,7.785714285714286,0.030017743045081,0.0640270900528647,tie,,1.4210854715202004e-14,-1.4210854715202004e-14,1.0150610510858574e-15,1.0,0.0,0.0,0.0,0.0,0.0,2.0,0.0,0.0,1.586032892321652e-17,changed,memory_only,2.5926614451282717,0.0,0.18519010322344798,1.0,0.0,0.0,0.0,0.0,0.0,2.0,0.0,0.0,0.1851901032234469
serve_first,lhs006,lhs,37629.8991537241,0.009746168793087677,0.9936673511575277,0.7744473961396068,30,100,optimal,70.28337805420144,30,14,6.642857142857143,optimal,54.660506203261974,30,14,6.642857142857143,optimal,-352.2592860122603,30,14,5.642857142857143,0.00012412628690333538,0.03319923187926317,tie,,0.0,0.0,0.0,1.0,0.0,0.0,0.0,0.0,2.0,2.0,0.0,0.0,3.9650822308041306e-17,changed,routing,13.207891952327486,66.93284931379607,0.9434208537376776,0.6216216216216216,7.0,7.0,0.0,0.0,9.0,9.0,-1.0,-0.21428571428571427,0.9246963439925294
serve_first,lhs006,lhs,37629.8991537241,0.009746168793087677,0.9936673511575277,0.7744473961396068,20,100,optimal,6.748026228943543,20,14,4.214285714285714,optimal,-4.151919520962038,20,14,4.285714285714286,optimal,-458.52399604434333,20,14,3.857142857142857,6.436177839432205e-05,0.00015183215780139426,changed,routing,0.38604815369615153,0.3873093426388641,0.02757486812115368,0.5384615384615384,6.0,6.0,0.0,0.0,5.0,0.0,0.07142857142857142,0.0,0.028899760687291914,changed,routing,20.108891571677418,37.80139366549176,1.4363493979769584,0.2903225806451613,11.0,11.0,0.0,0.0,11.0,5.0,-0.35714285714285715,-0.35714285714285715,1.4297133473607284
serve_first,lhs006,lhs,37629.8991537241,0.009746168793087677,0.9936673511575277,0.7744473961396068,15,100,optimal,-57.684612069037584,15,14,3.357142857142857,optimal,-65.95523525948003,15,14,3.357142857142857,optimal,-509.8940483712162,15,14,3.0,1.3799966612608638e-07,1.6967155723624642e-06,identical,,0.0,0.0,0.0,1.0,0.0,0.0,0.0,0.0,0.0,0.0,0.0,0.0,0.0,changed,routing,21.65531579395895,51.30792692779835,1.5468082709970676,0.15384615384615385,11.0,11.0,0.0,0.0,12.0,0.0,-0.35714285714285715,0.0,1.5401482957930257
serve_first,lhs006,lhs,37629.8991537241,0.009746168793087677,0.9936673511575277,0.7744473961396068,10,100,optimal,-80.28811978793293,10,12,2.9166666666666665,optimal,-84.8231840021286,10,12,2.9166666666666665,optimal,-413.5542266288203,10,12,2.25,8.538149682454624e-10,3.6005078668409747e-07,tie,,0.0,0.0,0.0,1.0,0.0,0.0,0.0,0.0,0.0,2.0,0.0,0.0,-2.7755575615628914e-17,changed,routing,38.48893800488929,42.80726248905606,3.207411500407441,0.17647058823529413,7.0,7.0,0.0,0.0,8.0,7.0,-0.6363636363636364,0.9090909090909091,-0.9186103760740643
serve_first,lhs006,lhs,37629.8991537241,0.009746168793087677,0.9936673511575277,0.7744473961396068,6,100,optimal,-84.44053046873256,6,9,2.111111111111111,optimal,-86.19958266411054,6,9,2.111111111111111,optimal,-257.87443983663763,6,9,2.111111111111111,1.6443843832875573e-09,1.8669300050286537e-07,tie,,0.0,0.0,0.0,0.7142857142857143,1.0,1.0,0.0,0.0,1.0,4.0,0.0,0.0,4.9343245538895844e-17,changed,routing,2.892530548706418,2.6915448299217246,0.321392283189602,0.5,2.0,2.0,0.0,0.0,3.0,4.0,0.0,-1.4444444444444444,0.3213922831895974
serve_first,lhs007,lhs,22124.724469663055,0.002901229972323916,0.9318908885705877,0.7986667359379662,1000000,100,optimal,22.396951074208435,4,2,3.0,optimal,20.65570167703047,4,2,3.0,optimal,16.589594603485274,4,2,3.0,0.46415888336127825,0.5356805395261334,identical,,0.0,0.0,0.0,1.0,0.0,0.0,0.0,0.0,0.0,0.0,0.0,0.0,0.0,identical,,0.0,0.0,0.0,1.0,0.0,0.0,0.0,0.0,0.0,0.0,0.0,0.0,0.0
serve_first,lhs007,lhs,22124.724469663055,0.002901229972323916,0.9318908885705877,0.7986667359379662,40,100,optimal,22.396951074208435,4,2,3.0,optimal,20.65570167703047,4,2,3.0,optimal,16.589594603485274,4,2,3.0,0.46415888336127825,0.5356805395261334,identical,,0.0,0.0,0.0,1.0,0.0,0.0,0.0,0.0,0.0,0.0,0.0,0.0,0.0,identical,,0.0,0.0,0.0,1.0,0.0,0.0,0.0,0.0,0.0,0.0,0.0,0.0,0.0
serve_first,lhs007,lhs,22124.724469663055,0.002901229972323916,0.9318908885705877,0.7986667359379662,30,100,optimal,22.396951074208435,4,2,3.0,optimal,20.65570167703047,4,2,3.0,optimal,16.589594603485274,4,2,3.0,0.46415888336127825,0.5356805395261334,identical,,0.0,0.0,0.0,1.0,0.0,0.0,0.0,0.0,0.0,0.0,0.0,0.0,0.0,identical,,0.0,0.0,0.0,1.0,0.0,0.0,0.0,0.0,0.0,0.0,0.0,0.0,0.0
serve_first,lhs007,lhs,22124.724469663055,0.002901229972323916,0.9318908885705877,0.7986667359379662,20,100,optimal,22.396951074208435,4,2,3.0,optimal,20.65570167703047,4,2,3.0,optimal,16.589594603485274,4,2,3.0,0.46415888336127825,0.5356805395261334,identical,,0.0,0.0,0.0,1.0,0.0,0.0,0.0,0.0,0.0,0.0,0.0,0.0,0.0,identical,,0.0,0.0,0.0,1.0,0.0,0.0,0.0,0.0,0.0,0.0,0.0,0.0,0.0
serve_first,lhs007,lhs,22124.724469663055,0.002901229972323916,0.9318908885705877,0.7986667359379662,15,100,optimal,22.396951074208435,4,2,3.0,optimal,20.65570167703047,4,2,3.0,optimal,16.589594603485274,4,2,3.0,0.46415888336127825,0.5356805395261334,identical,,0.0,0.0,0.0,1.0,0.0,0.0,0.0,0.0,0.0,0.0,0.0,0.0,0.0,identical,,0.0,0.0,0.0,1.0,0.0,0.0,0.0,0.0,0.0,0.0,0.0,0.0,0.0
serve_first,lhs007,lhs,22124.724469663055,0.002901229972323916,0.9318908885705877,0.7986667359379662,10,100,optimal,22.396951074208435,4,2,3.0,optimal,20.65570167703047,4,2,3.0,optimal,16.589594603485274,4,2,3.0,0.46415888336127825,0.5356805395261334,identical,,0.0,0.0,0.0,1.0,0.0,0.0,0.0,0.0,0.0,0.0,0.0,0.0,0.0,identical,,0.0,0.0,0.0,1.0,0.0,0.0,0.0,0.0,0.0,0.0,0.0,0.0,0.0
serve_first,lhs007,lhs,22124.724469663055,0.002901229972323916,0.9318908885705877,0.7986667359379662,6,100,optimal,22.396951074208435,4,2,3.0,optimal,20.65570167703047,4,2,3.0,optimal,16.589594603485274,4,2,3.0,0.46415888336127825,0.5356805395261334,identical,,0.0,0.0,0.0,1.0,0.0,0.0,0.0,0.0,0.0,0.0,0.0,0.0,0.0,identical,,0.0,0.0,0.0,1.0,0.0,0.0,0.0,0.0,0.0,0.0,0.0,0.0,0.0
serve_first,lhs008,lhs,1856.2576040035221,0.08847950516112593,0.9889188522913053,0.8341861393128172,1000000,100,optimal,46.43177578401375,55,18,9.0,optimal,21.83855294659892,55,18,9.0,optimal,-661.3209373492036,55,18,9.444444444444445,7.01662127078183e-05,0.04653423444317378,identical,,0.0,0.0,0.0,1.0,0.0,0.0,0.0,0.0,0.0,0.0,0.0,0.0,0.0,changed,routing,54.39336976856828,2.47434768781568,3.021853876031571,1.0,0.0,0.0,0.0,0.0,1.0,7.0,0.4444444444444444,-0.7222222222222222,3.038412008264742
serve_first,lhs008,lhs,1856.2576040035221,0.08847950516112593,0.9889188522913053,0.8341861393128172,40,100,optimal,43.220210576342254,40,18,9.5,optimal,18.929061561307833,40,18,9.5,optimal,-701.6004159263025,40,18,9.333333333333334,3.516641004113415e-05,0.03799567403785663,tie,,0.0,0.0,0.0,1.0,0.0,0.0,0.0,0.0,1.0,4.0,0.0,0.0,-4.9343245538895844e-17,changed,routing,45.826663014626774,36.804796745936024,2.545925723034821,0.9047619047619048,2.0,2.0,0.0,0.0,5.0,9.0,-0.16666666666666666,-0.7222222222222222,2.5416791611317215
serve_first,lhs008,lhs,1856.2576040035221,0.08847950516112593,0.9889188522913053,0.8341861393128172,30,100,optimal,21.4572254745587,30,18,9.61111111111111,optimal,-1.5948018323500133,30,18,10.11111111111111,optimal,-810.1664355605919,30,18,8.944444444444445,3.516641004113415e-05,0.027693868286859387,changed,routing,0.4880121935342858,0.8273245631706168,0.027111788529682546,0.9354838709677419,1.0,1.0,0.0,0.0,2.0,4.0,0.5,0.0,0.04564376131306745,changed,routing,54.73009429823378,51.55499639334604,3.0405607943463213,0.8181818181818182,3.0,3.0,0.0,0.0,6.0,6.0,-0.6666666666666666,1.5555555555555556,3.0189186832706167
serve_first,lhs008,lhs,1856.2576040035221,0.08847950516112593,0.9889188522913053,0.8341861393128172,20,100,optimal,-61.13243377715696,20,18,6.111111111111111,optimal,-79.53177276576855,20,18,6.111111111111111,optimal,-989.3081918872759,20,18,4.888888888888889,3.508310635390915e-05,0.00010702416930300637,changed,routing,0.20342235654801755,7.105427357601002e-15,0.01130124203044542,0.9047619047619048,1.0,1.0,0.0,0.0,4.0,4.0,0.0,0.0,0.011301242030444907,changed,routing,132.45374139207172,70.48148780200401,7.358541188448429,0.3333333333333333,10.0,10.0,0.0,0.0,13.0,11.0,-1.2222222222222223,0.8333333333333334,7.317289158322977
serve_first,lhs008,lhs,1856.2576040035221,0.08847950516112593,0.9889188522913053,0.8341861393128172,15,100,feasible_at_limit,,0,0,,optimal,-131.31448744934258,15,18,5.611111111111111,optimal,-1075.36641939693,15,18,3.611111111111111,,,solver_problem,,,,,,,,,,,,,,,solver_problem,,,,,,,,,,,,,,
serve_first,lhs008,lhs,1856.2576040035221,0.08847950516112593,0.9889188522913053,0.8341861393128172,10,100,optimal,-276.5404899071326,10,16,3.25,optimal,-283.7517098778662,10,16,3.25,optimal,-1018.038197283659,10,16,3.1875,4.427188724235731e-10,1.5497885751113371e-09,tie,,-5.684341886080802e-14,-5.684341886080802e-14,-3.552713678800501e-15,0.8181818181818182,1.0,1.0,0.0,0.0,4.0,6.0,0.0,0.0,4.163336342344337e-17,changed,served_and_memory,28.697258051211293,3.5069013409880085,1.7935786282007058,0.8181818181818182,1.0,1.0,0.0,0.0,0.0,8.0,0.0,-0.6666666666666666,0.3215534492739131
serve_first,lhs008,lhs,1856.2576040035221,0.08847950516112593,0.9889188522913053,0.8341861393128172,6,100,feasible_at_limit,,0,0,,optimal,-204.82372124076258,6,11,3.090909090909091,optimal,-708.5817444638918,6,11,3.090909090909091,,,solver_problem,,,,,,,,,,,,,,,solver_problem,,,,,,,,,,,,,,
serve_first,lhs009,lhs,14730.38693686605,0.004881148534823741,0.9236056082629825,0.5895642623409463,1000000,100,optimal,36.921767747698595,20,6,4.333333333333333,optimal,30.453395908645778,20,6,4.333333333333333,optimal,-25.95453029875463,20,6,4.333333333333333,0.050276352689897476,0.16049104114873586,identical,,0.0,0.0,0.0,1.0,0.0,0.0,0.0,0.0,0.0,0.0,0.0,0.0,0.0,changed,memory_only,2.9272249430279196,0.0,0.4878708238379866,1.0,0.0,0.0,0.0,0.0,0.0,4.0,0.0,0.0,0.4878708238379868
serve_first,lhs009,lhs,14730.38693686605,0.004881148534823741,0.9236056082629825,0.5895642623409463,40,100,optimal,36.921767747698595,20,6,4.333333333333333,optimal,30.453395908645778,20,6,4.333333333333333,optimal,-25.95453029875463,20,6,4.333333333333333,0.050276352689897476,0.16049104114873586,identical,,0.0,0.0,0.0,1.0,0.0,0.0,0.0,0.0,0.0,0.0,0.0,0.0,0.0,changed,memory_only,2.9272249430279196,0.0,0.4878708238379866,1.0,0.0,0.0,0.0,0.0,0.0,4.0,0.0,0.0,0.4878708238379868
serve_first,lhs009,lhs,14730.38693686605,0.004881148534823741,0.9236056082629825,0.5895642623409463,30,100,optimal,36.921767747698595,20,6,4.333333333333333,optimal,30.453395908645778,20,6,4.333333333333333,optimal,-25.95453029875463,20,6,4.333333333333333,0.050276352689897476,0.16049104114873586,identical,,0.0,0.0,0.0,1.0,0.0,0.0,0.0,0.0,0.0,0.0,0.0,0.0,0.0,changed,memory_only,2.9272249430279196,0.0,0.4878708238379866,1.0,0.0,0.0,0.0,0.0,0.0,4.0,0.0,0.0,0.4878708238379868
serve_first,lhs009,lhs,14730.38693686605,0.004881148534823741,0.9236056082629825,0.5895642623409463,20,100,optimal,36.921767747698595,20,6,4.333333333333333,optimal,30.453395908645778,20,6,4.333333333333333,optimal,-25.95453029875463,20,6,4.333333333333333,0.050276352689897476,0.16049104114873586,identical,,0.0,0.0,0.0,1.0,0.0,0.0,0.0,0.0,0.0,0.0,0.0,0.0,0.0,changed,memory_only,2.9272249430279196,0.0,0.4878708238379866,1.0,0.0,0.0,0.0,0.0,0.0,4.0,0.0,0.0,0.4878708238379868
serve_first,lhs009,lhs,14730.38693686605,0.004881148534823741,0.9236056082629825,0.5895642623409463,15,100,optimal,25.311428428606444,15,6,3.5,optimal,19.863614608456217,15,6,3.5,optimal,-43.73885582904882,15,6,3.5,0.0002462429266260956,0.11107571480700718,tie,,0.0,3.552713678800501e-15,0.0,1.0,0.0,0.0,0.0,0.0,0.0,2.0,0.0,0.0,-5.551115123125783e-17,changed,routing,2.60288611487929,13.983233450231712,0.43381435247988165,0.5789473684210527,4.0,4.0,0.0,0.0,4.0,0.0,0.0,0.0,0.47130011757541873
serve_first,lhs009,lhs,14730.38693686605,0.004881148534823741,0.9236056082629825,0.5895642623409463,10,100,optimal,5.461652423571099,10,6,2.6666666666666665,optimal,1.9608511001614621,10,6,2.6666666666666665,optimal,-64.31742209060498,10,6,2.6666666666666665,0.00018030316223531683,0.0004273794071446653,tie,,6.661338147750939e-16,0.0,1.1102230246251565e-16,0.5384615384615384,3.0,3.0,0.0,0.0,2.0,2.0,0.0,0.0,0.0,changed,routing,5.005763666595897,13.604544401788766,0.8342939444326495,0.3333333333333333,5.0,5.0,0.0,0.0,5.0,0.0,0.0,0.0,0.8603393051526093
serve_first,lhs009,lhs,14730.38693686605,0.004881148534823741,0.9236056082629825,0.5895642623409463,6,100,optimal,-21.66641445584426,6,6,2.0,optimal,-23.711232762149642,6,6,2.0,optimal,-82.53981835150083,6,6,2.0,7.436417499013056e-07,9.317385465472566e-05,tie,,-3.552713678800501e-15,-3.552713678800501e-15,-5.921189464667501e-16,0.7142857142857143,1.0,1.0,0.0,0.0,1.0,4.0,0.0,0.0,-9.251858538542972e-17,changed,routing,1.265423326207312,9.095411434503795,0.21090388770121868,0.2,4.0,4.0,0.0,0.0,4.0,0.0,0.0,0.0,0.21532851027810138
serve_first,lhs010,lhs,2151.728417566242,0.0038980023305461116,0.94388961812943,0.5646171411176155,1000000,100,optimal,19.979764372350438,11,4,3.75,optimal,15.992316247092264,11,4,3.75,optimal,-6.858549206298703,11,4,3.75,0.15703748946090484,0.2005409817013662,identical,,0.0,0.0,0.0,1.0,0.0,0.0,0.0,0.0,0.0,0.0,0.0,0.0,0.0,identical,,0.0,0.0,0.0,1.0,0.0,0.0,0.0,0.0,0.0,0.0,0.0,0.0,0.0
serve_first,lhs010,lhs,2151.728417566242,0.0038980023305461116,0.94388961812943,0.5646171411176155,40,100,optimal,19.979764372350438,11,4,3.75,optimal,15.992316247092264,11,4,3.75,optimal,-6.858549206298703,11,4,3.75,0.15703748946090484,0.2005409817013662,identical,,0.0,0.0,0.0,1.0,0.0,0.0,0.0,0.0,0.0,0.0,0.0,0.0,0.0,identical,,0.0,0.0,0.0,1.0,0.0,0.0,0.0,0.0,0.0,0.0,0.0,0.0,0.0
serve_first,lhs010,lhs,2151.728417566242,0.0038980023305461116,0.94388961812943,0.5646171411176155,30,100,optimal,19.979764372350438,11,4,3.75,optimal,15.992316247092264,11,4,3.75,optimal,-6.858549206298703,11,4,3.75,0.15703748946090484,0.2005409817013662,identical,,0.0,0.0,0.0,1.0,0.0,0.0,0.0,0.0,0.0,0.0,0.0,0.0,0.0,identical,,0.0,0.0,0.0,1.0,0.0,0.0,0.0,0.0,0.0,0.0,0.0,0.0,0.0
serve_first,lhs010,lhs,2151.728417566242,0.0038980023305461116,0.94388961812943,0.5646171411176155,20,100,optimal,19.979764372350438,11,4,3.75,optimal,15.992316247092264,11,4,3.75,optimal,-6.858549206298703,11,4,3.75,0.15703748946090484,0.2005409817013662,identical,,0.0,0.0,0.0,1.0,0.0,0.0,0.0,0.0,0.0,0.0,0.0,0.0,0.0,identical,,0.0,0.0,0.0,1.0,0.0,0.0,0.0,0.0,0.0,0.0,0.0,0.0,0.0
serve_first,lhs010,lhs,2151.728417566242,0.0038980023305461116,0.94388961812943,0.5646171411176155,15,100,optimal,19.979764372350438,11,4,3.75,optimal,15.992316247092264,11,4,3.75,optimal,-6.858549206298703,11,4,3.75,0.15703748946090484,0.2005409817013662,identical,,0.0,0.0,0.0,1.0,0.0,0.0,0.0,0.0,0.0,0.0,0.0,0.0,0.0,identical,,0.0,0.0,0.0,1.0,0.0,0.0,0.0,0.0,0.0,0.0,0.0,0.0,0.0
serve_first,lhs010,lhs,2151.728417566242,0.0038980023305461116,0.94388961812943,0.5646171411176155,10,100,optimal,13.670392711229567,9,4,3.25,optimal,10.511950392990022,10,4,3.5,optimal,-10.37629447261288,10,4,3.5,0.0002462429266260956,0.27644125616273973,changed,routing,0.2250521967957262,0.04100290643244797,0.05626304919893155,0.7272727272727273,1.0,2.0,1.0,0.0,2.0,0.0,0.25,0.0,0.11226286461180579,changed,routing,5.641356575494406,0.04100290643244797,1.4103391438736015,0.7272727272727273,1.0,2.0,1.0,0.0,2.0,2.0,0.25,0.0,1.4663389592864753
serve_first,lhs010,lhs,2151.728417566242,0.0038980023305461116,0.94388961812943,0.5646171411176155,6,100,optimal,0.6374190997945856,6,4,2.5,optimal,-1.4038440523370994,6,4,2.5,optimal,-27.491480031887203,6,4,2.5,0.0002462429266260956,0.0012397763793702637,tie,,4.440892098500626e-16,1.1102230246251565e-16,1.1102230246251565e-16,0.5,2.0,2.0,0.0,0.0,2.0,0.0,0.0,0.0,0.0,changed,routing,3.3697098632461753,7.034947449015277,0.8424274658115438,0.5,2.0,2.0,0.0,0.0,3.0,2.0,0.0,0.0,0.8474631213060753
serve_first,lhs011,lhs,59793.60992576768,0.01640348397896067,0.9251157081775817,0.8066711783954088,1000000,100,optimal,48.9733101253483,54,18,6.388888888888889,optimal,27.542820364970165,54,18,6.388888888888889,optimal,-767.9752201549994,55,18,7.0,5.5735003877489565e-08,0.028043481479180586,tie,,0.0,-7.105427357601002e-15,0.0,1.0,0.0,0.0,0.0,0.0,2.0,8.0,0.0,0.0,7.401486830834377e-17,changed,routing,33.76292710097937,11.00202530594796,1.8757181722766316,0.9818181818181818,0.0,1.0,1.0,0.0,7.0,4.0,0.6111111111111112,0.0,2.4719307350371245
serve_first,lhs011,lhs,59793.60992576768,0.01640348397896067,0.9251157081775817,0.8066711783954088,40,100,optimal,33.90500027838378,40,18,6.222222222222222,optimal,13.146953586615652,40,18,6.222222222222222,optimal,-796.1745305256263,40,18,6.555555555555555,5.5735003877489565e-08,0.016675532018532283,tie,,0.0,0.0,0.0,1.0,0.0,0.0,0.0,0.0,0.0,2.0,0.0,0.0,0.0,changed,routing,58.7034049002433,44.59468824984987,3.2613002722357387,0.7021276595744681,7.0,7.0,0.0,0.0,13.0,13.0,0.3333333333333333,0.3333333333333333,3.7926125436714404
serve_first,lhs011,lhs,59793.60992576768,0.01640348397896067,0.9251157081775817,0.8066711783954088,30,100,optimal,14.273132577968017,30,18,5.777777777777778,optimal,-4.2067957660493995,30,18,5.777777777777778,optimal,-840.3983763437762,30,18,5.777777777777778,3.8559201846734367e-07,0.00012972341999134963,tie,,-4.440892098500626e-15,-8.881784197001252e-15,-2.4671622769447924e-16,0.9354838709677419,1.0,1.0,0.0,0.0,2.0,10.0,0.0,0.0,-2.4671622769447922e-17,changed,routing,49.99233077793292,53.40286811932266,2.777351709885162,0.36363636363636365,14.0,14.0,0.0,0.0,15.0,14.0,0.0,0.3333333333333333,2.8256181919569467
serve_first,lhs011,lhs,59793.60992576768,0.01640348397896067,0.9251157081775817,0.8066711783954088,20,100,optimal,-50.007095100080896,20,18,4.888888888888889,optimal,-64.24577246735369,20,18,4.888888888888889,optimal,-934.8568095848645,20,18,4.777777777777778,3.6005078668409747e-07,7.32743595887038e-05,tie,,0.0,0.0,0.0,0.7391304347826086,3.0,3.0,0.0,0.0,1.0,6.0,0.0,0.0,6.1679056923619804e-18,changed,routing,22.723163510845666,18.587095504486506,1.2623979728247592,0.6,5.0,5.0,0.0,0.0,6.0,9.0,-0.1111111111111111,-0.7222222222222222,1.227944251720385
serve_first,lhs011,lhs,59793.60992576768,0.01640348397896067,0.9251157081775817,0.8066711783954088,15,100,optimal,-158.86871965787424,15,18,3.611111111111111,optimal,-167.62715366138926,15,18,3.611111111111111,optimal,-1003.2587414208061,15,18,3.611111111111111,5.5735003877489565e-08,1.8669300050286537e-07,changed,routing,0.5850319492918459,0.0,0.032501774960658106,0.6666666666666666,3.0,3.0,0.0,0.0,2.0,8.0,0.0,0.0,0.03250177496065937,changed,routing,4.852256114504257,1.8073549220576126,0.2695697841391254,0.6666666666666666,3.0,3.0,0.0,0.0,2.0,7.0,0.0,-0.5555555555555556,0.2695697841391297
serve_first,lhs011,lhs,59793.60992576768,0.01640348397896067,0.9251157081775817,0.8066711783954088,10,100,optimal,-210.3586854130881,10,16,3.25,feasible_at_limit,,0,0,,optimal,-951.5726699240569,10,16,3.1875,4.427188724235731e-10,1.5497885751113371e-09,solver_problem,,,,,,,,,,,,,,,changed,served_and_memory,25.190897855553317,3.2231784754304442,1.5744311159720823,0.8181818181818182,1.0,1.0,0.0,0.0,0.0,7.0,0.0,-0.6666666666666666,0.06888124519287647
serve_first,lhs011,lhs,59793.60992576768,0.01640348397896067,0.9251157081775817,0.8066711783954088,6,100,optimal,-154.09264624281525,6,11,3.090909090909091,optimal,-158.8726524704521,6,11,3.090909090909091,optimal,-662.6306756935812,6,11,3.090909090909091,1.2649110640673518e-10,8.538149682454624e-10,tie,,-2.842170943040401e-14,0.0,-2.5837917664003644e-15,1.0,0.0,0.0,0.0,0.0,0.0,4.0,0.0,0.0,-3.027880976250427e-17,changed,routing,1.8910589904844528,0.0,0.1719144536804048,0.7142857142857143,1.0,1.0,0.0,0.0,3.0,2.0,0.0,0.0,0.17191445368040295
serve_first,lhs012,lhs,1043.0233815452114,0.02024621696956498,0.9833934959170073,0.888005675915581,1000000,100,optimal,41.482695623700515,51,18,9.166666666666666,optimal,17.30022741529373,55,18,9.444444444444445,optimal,-665.7719234967694,55,18,9.444444444444445,7.01662127078183e-05,0.04833209935030493,changed,routing,0.45007764353126234,1.0287210949625418,0.025004313529514575,0.9272727272727272,0.0,4.0,4.0,0.0,2.0,10.0,0.2777777777777778,0.0,0.043783286588823946,changed,routing,60.372622317387936,1.9762536750684134,3.3540345731882186,0.9272727272727272,0.0,4.0,4.0,0.0,2.0,7.0,0.2777777777777778,-0.7222222222222222,3.372813546247526
serve_first,lhs012,lhs,1043.0233815452114,0.02024621696956498,0.9833934959170073,0.888005675915581,40,100,optimal,38.883062320708255,40,18,9.5,optimal,14.591913305673838,40,18,9.5,optimal,-706.1986245465066,40,18,9.333333333333334,3.516641004113415e-05,0.03799567403785663,tie,,3.552713678800501e-15,-7.105427357601002e-15,1.9737298215558337e-16,1.0,0.0,0.0,0.0,0.0,0.0,4.0,0.0,0.0,-2.4671622769447922e-17,changed,routing,42.73966615292147,37.065857110506236,2.3744258973845263,0.9047619047619048,2.0,2.0,0.0,0.0,5.0,9.0,-0.16666666666666666,-0.7222222222222222,2.3696494295528034
serve_first,lhs012,lhs,1043.0233815452114,0.02024621696956498,0.9833934959170073,0.888005675915581,30,100,optimal,17.4672946992592,30,18,9.833333333333334,optimal,-5.168217110018789,30,18,10.166666666666666,optimal,-815.2920193054323,30,18,8.944444444444445,7.872778552664888e-05,0.03319923187926317,changed,routing,0.8660599049045397,0.7002622551922393,0.048114439161363314,0.8181818181818182,3.0,3.0,0.0,0.0,3.0,4.0,0.3333333333333333,0.0,0.06865399324755028,changed,routing,35.555599100982704,52.69064936288682,1.9753110611657059,0.8181818181818182,3.0,3.0,0.0,0.0,6.0,6.0,-0.8888888888888888,1.5555555555555556,1.9301145189178317
serve_first,lhs012,lhs,1043.0233815452114,0.02024621696956498,0.9833934959170073,0.888005675915581,20,100,optimal,-69.737181987538,20,18,6.111111111111111,optimal,-88.06894188191765,20,18,6.166666666666667,optimal,-999.4921465920609,20,18,4.888888888888889,3.508310635390915e-05,0.00010702416930300637,changed,routing,0.2710014507799343,0.22187409542043213,0.015055636154440796,0.7391304347826086,3.0,3.0,0.0,0.0,5.0,6.0,0.05555555555555555,0.0,0.017862019404026954,changed,routing,131.63281214319682,72.06069429640796,7.312934007955379,0.3793103448275862,9.0,9.0,0.0,0.0,14.0,11.0,-1.2222222222222223,0.8333333333333334,7.249171768847254
serve_first,lhs012,lhs,1043.0233815452114,0.02024621696956498,0.9833934959170073,0.888005675915581,15,100,optimal,-125.48487930953313,15,18,5.611111111111111,feasible_at_limit,,0,0,,optimal,-1087.2025145077082,15,18,3.611111111111111,2.2135943621178655e-10,7.872778552664888e-05,solver_problem,,,,,,,,,,,,,,,changed,routing,80.17402254503281,119.13496835730093,4.454112363612934,0.2,10.0,10.0,0.0,0.0,15.0,13.0,-2.0,1.0,4.349124224846062
serve_first,lhs012,lhs,1043.0233815452114,0.02024621696956498,0.9833934959170073,0.888005675915581,10,100,optimal,-287.4803221771304,10,16,3.25,optimal,-294.6915421478641,10,16,3.25,optimal,-1029.0511718023163,10,16,3.1875,4.427188724235731e-10,1.5497885751113371e-09,tie,,-5.684341886080802e-14,0.0,-3.552713678800501e-15,0.8181818181818182,1.0,1.0,0.0,0.0,4.0,8.0,0.0,0.0,-1.1102230246251565e-16,changed,routing,23.888481006324582,3.5800435896472322,1.4930300628952864,0.6666666666666666,2.0,2.0,0.0,0.0,4.0,5.0,0.0,-0.6666666666666666,0.005844462858770486
serve_first,lhs012,lhs,1043.0233815452114,0.02024621696956498,0.9833934959170073,0.888005675915581,6,100,optimal,-207.69337095706743,6,11,3.090909090909091,feasible_at_limit,,0,0,,optimal,-716.2314004078333,6,11,3.090909090909091,1.2649110640673518e-10,8.538149682454624e-10,solver_problem,,,,,,,,,,,,,,,changed,routing,3.758054721891085,0.0,0.341641338353735,0.7142857142857143,1.0,1.0,0.0,0.0,3.0,4.0,0.0,0.0,0.3416413383537329
serve_first,lhs013,lhs,56720.33639798021,0.002661829245907471,0.9658526987484106,0.5222137405456004,1000000,100,optimal,23.378567527174287,4,2,3.0,optimal,21.637318129996324,4,2,3.0,optimal,17.571211056451126,4,2,3.0,0.46415888336127825,0.5356805395261334,identical,,0.0,0.0,0.0,1.0,0.0,0.0,0.0,0.0,0.0,0.0,0.0,0.0,0.0,identical,,0.0,0.0,0.0,1.0,0.0,0.0,0.0,0.0,0.0,0.0,0.0,0.0,0.0
serve_first,lhs013,lhs,56720.33639798021,0.002661829245907471,0.9658526987484106,0.5222137405456004,40,100,optimal,23.378567527174287,4,2,3.0,optimal,21.637318129996324,4,2,3.0,optimal,17.571211056451126,4,2,3.0,0.46415888336127825,0.5356805395261334,identical,,0.0,0.0,0.0,1.0,0.0,0.0,0.0,0.0,0.0,0.0,0.0,0.0,0.0,identical,,0.0,0.0,0.0,1.0,0.0,0.0,0.0,0.0,0.0,0.0,0.0,0.0,0.0
serve_first,lhs013,lhs,56720.33639798021,0.002661829245907471,0.9658526987484106,0.5222137405456004,30,100,optimal,23.378567527174287,4,2,3.0,optimal,21.637318129996324,4,2,3.0,optimal,17.571211056451126,4,2,3.0,0.46415888336127825,0.5356805395261334,identical,,0.0,0.0,0.0,1.0,0.0,0.0,0.0,0.0,0.0,0.0,0.0,0.0,0.0,identical,,0.0,0.0,0.0,1.0,0.0,0.0,0.0,0.0,0.0,0.0,0.0,0.0,0.0
serve_first,lhs013,lhs,56720.33639798021,0.002661829245907471,0.9658526987484106,0.5222137405456004,20,100,optimal,23.378567527174287,4,2,3.0,optimal,21.637318129996324,4,2,3.0,optimal,17.571211056451126,4,2,3.0,0.46415888336127825,0.5356805395261334,identical,,0.0,0.0,0.0,1.0,0.0,0.0,0.0,0.0,0.0,0.0,0.0,0.0,0.0,identical,,0.0,0.0,0.0,1.0,0.0,0.0,0.0,0.0,0.0,0.0,0.0,0.0,0.0
serve_first,lhs013,lhs,56720.33639798021,0.002661829245907471,0.9658526987484106,0.5222137405456004,15,100,optimal,23.378567527174287,4,2,3.0,optimal,21.637318129996324,4,2,3.0,optimal,17.571211056451126,4,2,3.0,0.46415888336127825,0.5356805395261334,identical,,0.0,0.0,0.0,1.0,0.0,0.0,0.0,0.0,0.0,0.0,0.0,0.0,0.0,identical,,0.0,0.0,0.0,1.0,0.0,0.0,0.0,0.0,0.0,0.0,0.0,0.0,0.0
serve_first,lhs013,lhs,56720.33639798021,0.002661829245907471,0.9658526987484106,0.5222137405456004,10,100,optimal,23.378567527174287,4,2,3.0,optimal,21.637318129996324,4,2,3.0,optimal,17.571211056451126,4,2,3.0,0.46415888336127825,0.5356805395261334,identical,,0.0,0.0,0.0,1.0,0.0,0.0,0.0,0.0,0.0,0.0,0.0,0.0,0.0,identical,,0.0,0.0,0.0,1.0,0.0,0.0,0.0,0.0,0.0,0.0,0.0,0.0,0.0
serve_first,lhs013,lhs,56720.33639798021,0.002661829245907471,0.9658526987484106,0.5222137405456004,6,100,optimal,23.378567527174287,4,2,3.0,optimal,21.637318129996324,4,2,3.0,optimal,17.571211056451126,4,2,3.0,0.46415888336127825,0.5356805395261334,identical,,0.0,0.0,0.0,1.0,0.0,0.0,0.0,0.0,0.0,0.0,0.0,0.0,0.0,identical,,0.0,0.0,0.0,1.0,0.0,0.0,0.0,0.0,0.0,0.0,0.0,0.0,0.0
serve_first,lhs014,lhs,10516.706429150972,0.04060173459594948,0.9851789919567602,0.8581011462994944,1000000,100,optimal,95.34080207894445,55,18,9.0,optimal,70.85787111213111,55,18,9.444444444444445,optimal,-612.2142797999321,55,18,9.444444444444445,0.00013532055307936385,0.03319923187926317,changed,routing,0.11029187060148615,1.329183853369102,0.006127326144527008,1.0,0.0,0.0,0.0,0.0,1.0,6.0,0.4444444444444444,0.0,0.029829664501690986,changed,routing,60.06224102681563,2.2767164334749594,3.3367911681564237,1.0,0.0,0.0,0.0,0.0,1.0,7.0,0.4444444444444444,-0.7222222222222222,3.36049350651359
serve_first,lhs014,lhs,10516.706429150972,0.04060173459594948,0.9851789919567602,0.8581011462994944,40,100,optimal,92.38012799201819,40,18,9.5,optimal,68.08897897698377,40,18,9.5,optimal,-652.5529035424703,40,18,9.333333333333334,6.782093365075873e-05,0.037739277982445696,tie,,0.0,0.0,0.0,1.0,0.0,0.0,0.0,0.0,1.0,6.0,0.0,0.0,1.850371707708594e-17,changed,routing,37.20172928183865,36.9172017777799,2.066762737879925,0.9047619047619048,2.0,2.0,0.0,0.0,5.0,9.0,-0.16666666666666666,-0.7222222222222222,2.0619645048728734
serve_first,lhs014,lhs,10516.706429150972,0.04060173459594948,0.9851789919567602,0.8581011462994944,30,100,optimal,70.72666565286644,30,18,9.833333333333334,optimal,47.84620493659863,30,18,10.166666666666666,optimal,-761.3328119768482,30,18,8.944444444444445,7.872778552664888e-05,0.03319923187926317,changed,routing,0.41768864136670203,0.945211162182062,0.023204924520372334,1.0,0.0,0.0,0.0,0.0,2.0,6.0,0.3333333333333333,0.0,0.04087902237594285,changed,routing,33.30478695775912,51.99081298791021,1.850265942097729,0.8181818181818182,3.0,3.0,0.0,0.0,6.0,6.0,-0.8888888888888888,1.5555555555555556,1.8101195448164589
serve_first,lhs014,lhs,10516.706429150972,0.04060173459594948,0.9851789919567602,0.8581011462994944,20,100,optimal,-13.640528629292973,20,18,6.111111111111111,optimal,-32.01600952122516,20,18,6.166666666666667,optimal,-942.4421463817719,20,18,4.888888888888889,3.508310635390915e-05,0.00010702416930300637,changed,routing,0.22728045322740797,0.2655950929729478,0.01262669184596711,0.7391304347826086,3.0,3.0,0.0,0.0,4.0,4.0,0.05555555555555555,0.0,0.015116397930499867,changed,routing,130.8162021136236,71.10734744436373,7.2675667840902,0.3793103448275862,9.0,9.0,0.0,0.0,13.0,12.0,-1.2222222222222223,0.8333333333333334,7.2112445033972286
serve_first,lhs014,lhs,10516.706429150972,0.04060173459594948,0.9851789919567602,0.8581011462994944,15,100,optimal,-68.99512425647757,15,18,5.611111111111111,feasible_at_limit,,0,0,,optimal,-1029.1553345098207,15,18,3.611111111111111,4.427188724235731e-10,7.444699911723359e-05,solver_problem,,,,,,,,,,,,,,,changed,routing,81.8060943211558,117.577543412469,4.544783017841989,0.30434782608695654,8.0,8.0,0.0,0.0,15.0,10.0,-2.0,1.0,4.452113644075856
serve_first,lhs014,lhs,10516.706429150972,0.04060173459594948,0.9851789919567602,0.8581011462994944,10,100,optimal,-235.6308600481337,10,16,3.25,optimal,-242.84208001886734,10,16,3.25,optimal,-977.1578531869253,10,16,3.1875,4.427188724235731e-10,1.5497885751113371e-09,tie,,0.0,0.0,0.0,1.0,0.0,0.0,0.0,0.0,0.0,4.0,0.0,0.0,-2.0816681711721685e-17,changed,served_and_memory,26.776850475804167,3.5361871032532406,1.6735531547377605,0.8181818181818182,1.0,1.0,0.0,0.0,0.0,7.0,0.0,1.0,0.38458895263773135
serve_first,lhs014,lhs,10516.706429150972,0.04060173459594948,0.9851789919567602,0.8581011462994944,6,100,optimal,-171.9699200893246,6,11,3.090909090909091,optimal,-176.74992631696145,6,11,3.090909090909091,feasible_at_limit,,0,0,,1.2649110640673518e-10,8.538149682454624e-10,tie,,2.842170943040401e-14,0.0,2.5837917664003644e-15,1.0,0.0,0.0,0.0,0.0,0.0,4.0,0.0,0.0,0.0,solver_problem,,,,,,,,,,,,,,
serve_first,lhs015,lhs,4675.719796987838,0.00860206009562279,0.9418556089471422,0.5231028829832356,1000000,100,optimal,19.556969021544244,53,11,5.818181818181818,optimal,6.019421550588151,53,11,5.818181818181818,optimal,-186.98049980991954,53,11,5.818181818181818,0.03319923187926317,0.0640270900528647,tie,,-8.881784197001252e-16,3.552713678800501e-15,-8.074349270001139e-17,1.0,0.0,0.0,0.0,0.0,0.0,2.0,0.0,0.0,-7.065055611250996e-17,changed,memory_only,4.903243412635248,0.9475325801058645,0.44574940114865896,1.0,0.0,0.0,0.0,0.0,0.0,7.0,0.0,-1.1818181818181819,0.44574940114865685
serve_first,lhs015,lhs,4675.719796987838,0.00860206009562279,0.9418556089471422,0.5231028829832356,40,100,optimal,10.782823002417778,39,11,6.545454545454546,optimal,-2.8661118287472345,39,11,6.545454545454546,optimal,-207.52974863142765,40,11,6.090909090909091,0.030017743045081,0.08153869645085443,tie,,-4.440892098500626e-16,0.0,-4.0371746350005693e-17,1.0,0.0,0.0,0.0,0.0,0.0,6.0,0.0,0.0,1.0092936587501423e-16,changed,routing,5.629427629889534,5.831601416114383,0.5117661481717758,0.58,10.0,11.0,1.0,0.0,4.0,8.0,-0.45454545454545453,-0.7272727272727273,0.40136926920154553
serve_first,lhs015,lhs,4675.719796987838,0.00860206009562279,0.9418556089471422,0.5231028829832356,30,100,optimal,0.734401958643911,30,11,6.0,optimal,-11.856164948222046,30,11,6.0,optimal,-230.63965398279257,30,11,6.545454545454546,0.00013532055307936385,0.0640270900528647,tie,,-1.7763568394002505e-15,8.881784197001252e-16,-1.6148698540002277e-16,1.0,0.0,0.0,0.0,0.0,1.0,4.0,0.0,0.0,7.065055611250996e-17,changed,routing,27.50824499649943,16.06704619721287,2.5007495451363115,0.9354838709677419,1.0,1.0,0.0,0.0,3.0,3.0,0.5454545454545454,-1.1818181818181819,2.6757899292156306
serve_first,lhs015,lhs,4675.719796987838,0.00860206009562279,0.9418556089471422,0.5231028829832356,20,100,optimal,-22.35715875327827,20,11,4.454545454545454,optimal,-32.566902597940214,20,11,4.545454545454546,optimal,-286.6725733062745,20,11,4.0,7.872778552664888e-05,0.00026061736148618223,changed,routing,0.4125570051753016,0.17473560164795288,0.03750518228866378,0.5384615384615384,6.0,6.0,0.0,0.0,5.0,6.0,0.09090909090909091,0.0,0.05648681158713199,changed,routing,28.318405390564465,55.1712337899818,2.574400490051315,0.48148148148148145,7.0,7.0,0.0,0.0,8.0,0.0,-0.45454545454545453,0.0,2.486523623822649
serve_first,lhs015,lhs,4675.719796987838,0.00860206009562279,0.9418556089471422,0.5231028829832356,15,100,optimal,-59.28121123116022,15,11,3.4545454545454546,optimal,-66.8315553159753,15,11,3.5454545454545454,optimal,-320.6857105345072,15,11,2.727272727272727,3.6005078668409747e-07,0.00015183215780139426,changed,routing,0.45714078122045976,0.7610206420665904,0.04155825283822361,0.30434782608695654,8.0,8.0,0.0,0.0,6.0,2.0,0.09090909090909091,0.0,0.06098966611972207,changed,routing,38.7184701851283,45.39905312976355,3.5198609259207543,0.2,10.0,10.0,0.0,0.0,10.0,7.0,-0.7272727272727273,-1.1818181818181819,3.3647251111242267
serve_first,lhs015,lhs,4675.719796987838,0.00860206009562279,0.9418556089471422,0.5231028829832356,10,100,optimal,-93.9962063256311,10,10,2.5,optimal,-98.34393819305608,10,10,2.5,optimal,-282.35202032067224,10,10,2.0,8.538149682454624e-10,1.721820874950653e-06,changed,routing,0.014960169213225072,0.0,0.0014960169213225072,0.6666666666666666,2.0,2.0,0.0,0.0,2.0,2.0,0.0,0.0,0.0014960169213225848,changed,routing,20.460849223039077,31.185407150083307,2.0460849223039075,0.25,6.0,6.0,0.0,0.0,5.0,4.0,-0.2222222222222222,-2.888888888888889,0.26559305601402794
serve_first,lhs015,lhs,4675.719796987838,0.00860206009562279,0.9418556089471422,0.5231028829832356,6,100,optimal,-75.83731962510655,6,8,2.25,optimal,-78.85241133588222,6,8,2.25,optimal,-195.63586282149768,6,8,1.75,8.538149682454624e-10,1.6967155723624642e-06,tie,,0.0,-1.4210854715202004e-14,0.0,1.0,0.0,0.0,0.0,0.0,0.0,2.0,0.0,0.0,-4.163336342344337e-17,changed,routing,19.179079143840966,21.92184823634659,2.3973848929801207,0.3333333333333333,3.0,3.0,0.0,0.0,3.0,3.0,-0.5714285714285714,-1.8571428571428572,0.22882978184287842
serve_first,lhs016,lhs,198928.39198102965,0.09544787986186125,0.9295652889979108,0.6252210185635688,1000000,100,optimal,49.663595529729164,54,18,6.611111111111111,optimal,27.96560059249248,54,18,6.611111111111111,optimal,-768.308457358333,55,18,7.055555555555555,3.516641004113415e-05,0.030679919492518897,tie,,0.0,1.4210854715202004e-14,0.0,1.0,0.0,0.0,0.0,0.0,1.0,12.0,0.0,0.0,1.2335811384723961e-17,changed,routing,32.73326118274292,16.331161228450966,1.8185145101523845,0.9818181818181818,0.0,1.0,1.0,0.0,7.0,10.0,0.4444444444444444,0.0,2.1016974289603785
serve_first,lhs016,lhs,198928.39198102965,0.09544787986186125,0.9295652889979108,0.6252210185635688,40,100,optimal,35.1647752009957,38,18,6.444444444444445,optimal,14.150911093847345,38,18,6.444444444444445,optimal,-793.1959329030663,40,18,6.666666666666667,3.516641004113415e-05,0.016675532018532283,tie,,0.0,0.0,0.0,1.0,0.0,0.0,0.0,0.0,1.0,8.0,0.0,0.0,2.4671622769447922e-17,changed,routing,42.812961434865656,44.80220204156713,2.3784978574925364,0.6595744680851063,7.0,9.0,2.0,0.0,12.0,9.0,0.2222222222222222,0.3333333333333333,2.7513583873583136
serve_first,lhs016,lhs,198928.39198102965,0.09544787986186125,0.9295652889979108,0.6252210185635688,30,100,optimal,17.977571429279976,30,18,5.777777777777778,optimal,-0.5023569147374441,30,18,5.777777777777778,optimal,-831.2346562198236,30,18,5.944444444444445,7.436417499013056e-07,0.00010142703621499212,tie,,-3.3306690738754696e-16,0.0,-1.850371707708594e-17,0.9354838709677419,1.0,1.0,0.0,0.0,2.0,8.0,0.0,0.0,-3.700743415417188e-17,changed,routing,52.473825847836224,59.54204471116934,2.9152125471020125,0.3953488372093023,13.0,13.0,0.0,0.0,15.0,11.0,0.16666666666666666,0.3333333333333333,3.2303732539142196
serve_first,lhs016,lhs,198928.39198102965,0.09544787986186125,0.9295652889979108,0.6252210185635688,20,100,optimal,-31.10103918958461,20,18,5.888888888888889,optimal,-47.3306572024833,20,18,5.888888888888889,optimal,-921.6801193961223,20,18,4.722222222222222,1.8669300050286537e-07,0.00010702416930300637,tie,,0.0,0.0,0.0,1.0,0.0,0.0,0.0,0.0,4.0,2.0,0.0,0.0,1.2335811384723961e-17,changed,routing,151.81884435918914,39.18062151987644,8.434380242177175,0.25,12.0,12.0,0.0,0.0,13.0,11.0,-1.1666666666666667,0.8333333333333334,7.9677825206333965
serve_first,lhs016,lhs,198928.39198102965,0.09544787986186125,0.9295652889979108,0.6252210185635688,15,100,optimal,-143.48023419383702,15,18,3.611111111111111,optimal,-152.23866819735204,15,18,3.611111111111111,optimal,-987.8702559567689,15,18,3.611111111111111,5.5735003877489565e-08,1.8669300050286537e-07,tie,,-2.842170943040401e-14,0.0,-1.578983857244667e-15,0.7647058823529411,2.0,2.0,0.0,0.0,1.0,8.0,0.0,0.0,-3.700743415417188e-17,changed,routing,5.75617976056526,1.8073549220575842,0.3197877644758478,0.875,1.0,1.0,0.0,0.0,1.0,9.0,0.0,-0.5555555555555556,0.3197877644758496
serve_first,lhs016,lhs,198928.39198102965,0.09544787986186125,0.9295652889979108,0.6252210185635688,10,100,optimal,-194.77673276884772,10,16,3.25,optimal,-201.98795273958137,10,16,3.25,optimal,-935.6429826770512,10,16,3.1875,4.427188724235731e-10,1.5497885751113371e-09,tie,,-2.842170943040401e-14,-2.842170943040401e-14,-1.7763568394002505e-15,0.8181818181818182,1.0,1.0,0.0,0.0,4.0,4.0,0.0,0.0,4.163336342344337e-17,changed,routing,25.54257184145331,2.8754438726652722,1.5964107400908318,0.6666666666666666,2.0,2.0,0.0,0.0,4.0,6.0,0.0,1.0,0.2582541616417878
serve_first,lhs016,lhs,198928.39198102965,0.09544787986186125,0.9295652889979108,0.6252210185635688,6,100,optimal,-142.7620677030928,6,11,3.090909090909091,optimal,-147.54207393072963,6,11,3.090909090909091,optimal,-651.3000971538588,6,11,3.090909090909091,1.2649110640673518e-10,8.538149682454624e-10,tie,,-2.842170943040401e-14,0.0,-2.5837917664003644e-15,1.0,0.0,0.0,0.0,0.0,0.0,4.0,0.0,0.0,2.0185873175002847e-17,changed,routing,3.758054721891085,0.0,0.341641338353735,0.7142857142857143,1.0,1.0,0.0,0.0,3.0,4.0,0.0,0.0,0.3416413383537329
serve_first,lhs017,lhs,49539.94275811685,0.001571878496843385,0.9289089247373993,0.5586764091468348,1000000,100,optimal,0.0,0,0,,optimal,0.0,0,0,,optimal,0.0,0,0,,,,identical,,0.0,0.0,0.0,1.0,0.0,0.0,0.0,0.0,0.0,0.0,,,,identical,,0.0,0.0,0.0,1.0,0.0,0.0,0.0,0.0,0.0,0.0,,,
serve_first,lhs017,lhs,49539.94275811685,0.001571878496843385,0.9289089247373993,0.5586764091468348,40,100,optimal,0.0,0,0,,optimal,0.0,0,0,,optimal,0.0,0,0,,,,identical,,0.0,0.0,0.0,1.0,0.0,0.0,0.0,0.0,0.0,0.0,,,,identical,,0.0,0.0,0.0,1.0,0.0,0.0,0.0,0.0,0.0,0.0,,,
serve_first,lhs017,lhs,49539.94275811685,0.001571878496843385,0.9289089247373993,0.5586764091468348,30,100,optimal,0.0,0,0,,optimal,0.0,0,0,,optimal,0.0,0,0,,,,identical,,0.0,0.0,0.0,1.0,0.0,0.0,0.0,0.0,0.0,0.0,,,,identical,,0.0,0.0,0.0,1.0,0.0,0.0,0.0,0.0,0.0,0.0,,,
serve_first,lhs017,lhs,49539.94275811685,0.001571878496843385,0.9289089247373993,0.5586764091468348,20,100,optimal,0.0,0,0,,optimal,0.0,0,0,,optimal,0.0,0,0,,,,identical,,0.0,0.0,0.0,1.0,0.0,0.0,0.0,0.0,0.0,0.0,,,,identical,,0.0,0.0,0.0,1.0,0.0,0.0,0.0,0.0,0.0,0.0,,,
serve_first,lhs017,lhs,49539.94275811685,0.001571878496843385,0.9289089247373993,0.5586764091468348,15,100,optimal,0.0,0,0,,optimal,0.0,0,0,,optimal,0.0,0,0,,,,identical,,0.0,0.0,0.0,1.0,0.0,0.0,0.0,0.0,0.0,0.0,,,,identical,,0.0,0.0,0.0,1.0,0.0,0.0,0.0,0.0,0.0,0.0,,,
serve_first,lhs017,lhs,49539.94275811685,0.001571878496843385,0.9289089247373993,0.5586764091468348,10,100,optimal,0.0,0,0,,optimal,0.0,0,0,,optimal,0.0,0,0,,,,identical,,0.0,0.0,0.0,1.0,0.0,0.0,0.0,0.0,0.0,0.0,,,,identical,,0.0,0.0,0.0,1.0,0.0,0.0,0.0,0.0,0.0,0.0,,,
serve_first,lhs017,lhs,49539.94275811685,0.001571878496843385,0.9289089247373993,0.5586764091468348,6,100,optimal,0.0,0,0,,optimal,0.0,0,0,,optimal,0.0,0,0,,,,identical,,0.0,0.0,0.0,1.0,0.0,0.0,0.0,0.0,0.0,0.0,,,,identical,,0.0,0.0,0.0,1.0,0.0,0.0,0.0,0.0,0.0,0.0,,,
serve_first,lhs018,lhs,6446.409531533336,0.015475666168050357,0.9422908135560717,0.5048697512476029,1000000,100,optimal,-40.71133906502363,54,17,7.0588235294117645,optimal,-62.037163833849874,54,17,6.705882352941177,optimal,-678.6751725612704,55,17,7.705882352941177,6.782093365075873e-05,0.03319923187926317,changed,routing,0.06905336816772234,0.2702183072496567,0.004061962833395431,1.0,0.0,0.0,0.0,0.0,3.0,4.0,-0.35294117647058826,0.0,-0.1449816740389172,changed,routing,44.473806844475234,8.581484073861787,2.6161062849691312,0.9818181818181818,0.0,1.0,1.0,0.0,4.0,8.0,0.6470588235294118,0.35294117647058826,2.963070408189582
serve_first,lhs018,lhs,6446.409531533336,0.015475666168050357,0.9422908135560717,0.5048697512476029,40,100,optimal,-53.67384353443996,40,17,7.411764705882353,optimal,-74.41463865411177,40,17,6.176470588235294,optimal,-706.8726453050143,40,17,7.235294117647059,7.872778552664888e-05,0.03319923187926317,changed,routing,0.9627684504976912,0.7968946614552479,0.05663343826457007,0.7021276595744681,7.0,7.0,0.0,0.0,7.0,2.0,-1.2352941176470589,0.0,-0.37362995345257216,changed,routing,103.05825353494754,44.06434798497728,6.06225020793809,0.6666666666666666,8.0,8.0,0.0,0.0,9.0,11.0,-0.17647058823529413,0.35294117647058826,6.216294096919489
serve_first,lhs018,lhs,6446.409531533336,0.015475666168050357,0.9422908135560717,0.5048697512476029,30,100,optimal,-67.56805754064484,30,17,5.529411764705882,optimal,-86.04739249122562,30,17,5.529411764705882,optimal,-774.9810721383242,30,17,5.882352941176471,3.516641004113415e-05,0.00013532055307936385,tie,,-1.4210854715202004e-14,1.4210854715202004e-14,-8.359326303060002e-16,0.875,2.0,2.0,0.0,0.0,1.0,8.0,0.0,0.0,0.0,changed,routing,59.37326935124986,77.23657193959065,3.492545255955874,0.3333333333333333,15.0,15.0,0.0,0.0,16.0,10.0,0.35294117647058826,0.35294117647058826,3.7694253034301215
serve_first,lhs018,lhs,6446.409531533336,0.015475666168050357,0.9422908135560717,0.5048697512476029,20,100,optimal,-109.15545063826693,20,17,5.176470588235294,optimal,-124.37079878541938,20,17,5.176470588235294,optimal,-867.4189719523926,20,17,4.352941176470588,2.2493653007613965e-05,0.00015183215780139426,tie,,-1.4210854715202004e-14,0.0,-8.359326303060002e-16,1.0,0.0,0.0,0.0,0.0,0.0,6.0,0.0,0.0,-7.18379604169219e-17,changed,routing,63.93274898926791,43.79713153350056,3.760749940545171,0.17647058823529413,14.0,14.0,0.0,0.0,14.0,9.0,-0.8235294117647058,-0.11764705882352941,3.550081779097275
serve_first,lhs018,lhs,6446.409531533336,0.015475666168050357,0.9422908135560717,0.5048697512476029,15,100,optimal,-220.06137245274672,15,17,3.2941176470588234,optimal,-227.48635939805027,15,17,3.411764705882353,optimal,-926.2737808990803,15,17,3.176470588235294,5.5735003877489565e-08,1.8669300050286537e-07,changed,routing,1.1223748809489678,0.8587511258053269,0.06602205182052752,0.42857142857142855,6.0,6.0,0.0,0.0,9.0,8.0,0.11764705882352941,0.0,0.0848857605517982,changed,routing,9.59633596253525,33.25783012993631,0.5644903507373676,0.30434782608695654,8.0,8.0,0.0,0.0,9.0,11.0,-0.11764705882352941,-0.5882352941176471,0.537363429856657
serve_first,lhs018,lhs,6446.409531533336,0.015475666168050357,0.9422908135560717,0.5048697512476029,10,100,optimal,-254.4668761556228,10,15,3.0,optimal,-261.0499926278283,10,15,3.0,optimal,-862.096197979456,10,15,2.933333333333333,4.427188724235731e-10,2.2457621819772116e-09,tie,,5.684341886080802e-14,5.684341886080802e-14,3.789561257387201e-15,1.0,0.0,0.0,0.0,0.0,0.0,4.0,0.0,0.0,1.4802973661668754e-17,changed,routing,27.6011284095772,0.8129783063799039,1.8400752273051466,0.5384615384615384,3.0,3.0,0.0,0.0,3.0,5.0,0.0,-0.9285714285714286,0.0675408143025289
serve_first,lhs018,lhs,6446.409531533336,0.015475666168050357,0.9422908135560717,0.5048697512476029,6,100,optimal,-117.15640273883491,6,10,3.1,optimal,-122.18252762465437,6,10,3.1,optimal,-435.6583813792085,6,10,2.6,9.334650025143269e-08,5.26740965704513e-07,tie,,0.0,2.842170943040401e-14,0.0,1.0,0.0,0.0,0.0,0.0,0.0,4.0,0.0,0.0,-3.3306690738754695e-17,changed,routing,72.38506669111666,28.111809351171672,7.238506669111667,0.2,4.0,4.0,0.0,0.0,5.0,5.0,-0.2222222222222222,-3.3333333333333335,0.13557577032823043
serve_first,lhs019,lhs,12139.376089962501,0.003012323278357215,0.950877103574053,0.7437403969713839,1000000,100,optimal,29.24281511188705,7,3,3.3333333333333335,optimal,26.444355797969884,7,3,3.3333333333333335,optimal,16.542428323719804,7,3,3.3333333333333335,0.23713737056616555,0.46415888336127825,identical,,0.0,0.0,0.0,1.0,0.0,0.0,0.0,0.0,0.0,0.0,0.0,0.0,0.0,identical,,0.0,0.0,0.0,1.0,0.0,0.0,0.0,0.0,0.0,0.0,0.0,0.0,0.0
serve_first,lhs019,lhs,12139.376089962501,0.003012323278357215,0.950877103574053,0.7437403969713839,40,100,optimal,29.24281511188705,7,3,3.3333333333333335,optimal,26.444355797969884,7,3,3.3333333333333335,optimal,16.542428323719804,7,3,3.3333333333333335,0.23713737056616555,0.46415888336127825,identical,,0.0,0.0,0.0,1.0,0.0,0.0,0.0,0.0,0.0,0.0,0.0,0.0,0.0,identical,,0.0,0.0,0.0,1.0,0.0,0.0,0.0,0.0,0.0,0.0,0.0,0.0,0.0
serve_first,lhs019,lhs,12139.376089962501,0.003012323278357215,0.950877103574053,0.7437403969713839,30,100,optimal,29.24281511188705,7,3,3.3333333333333335,optimal,26.444355797969884,7,3,3.3333333333333335,optimal,16.542428323719804,7,3,3.3333333333333335,0.23713737056616555,0.46415888336127825,identical,,0.0,0.0,0.0,1.0,0.0,0.0,0.0,0.0,0.0,0.0,0.0,0.0,0.0,identical,,0.0,0.0,0.0,1.0,0.0,0.0,0.0,0.0,0.0,0.0,0.0,0.0,0.0
serve_first,lhs019,lhs,12139.376089962501,0.003012323278357215,0.950877103574053,0.7437403969713839,20,100,optimal,29.24281511188705,7,3,3.3333333333333335,optimal,26.444355797969884,7,3,3.3333333333333335,optimal,16.542428323719804,7,3,3.3333333333333335,0.23713737056616555,0.46415888336127825,identical,,0.0,0.0,0.0,1.0,0.0,0.0,0.0,0.0,0.0,0.0,0.0,0.0,0.0,identical,,0.0,0.0,0.0,1.0,0.0,0.0,0.0,0.0,0.0,0.0,0.0,0.0,0.0
serve_first,lhs019,lhs,12139.376089962501,0.003012323278357215,0.950877103574053,0.7437403969713839,15,100,optimal,29.24281511188705,7,3,3.3333333333333335,optimal,26.444355797969884,7,3,3.3333333333333335,optimal,16.542428323719804,7,3,3.3333333333333335,0.23713737056616555,0.46415888336127825,identical,,0.0,0.0,0.0,1.0,0.0,0.0,0.0,0.0,0.0,0.0,0.0,0.0,0.0,identical,,0.0,0.0,0.0,1.0,0.0,0.0,0.0,0.0,0.0,0.0,0.0,0.0,0.0
serve_first,lhs019,lhs,12139.376089962501,0.003012323278357215,0.950877103574053,0.7437403969713839,10,100,optimal,29.24281511188705,7,3,3.3333333333333335,optimal,26.444355797969884,7,3,3.3333333333333335,optimal,16.542428323719804,7,3,3.3333333333333335,0.23713737056616555,0.46415888336127825,identical,,0.0,0.0,0.0,1.0,0.0,0.0,0.0,0.0,0.0,0.0,0.0,0.0,0.0,identical,,0.0,0.0,0.0,1.0,0.0,0.0,0.0,0.0,0.0,0.0,0.0,0.0,0.0
serve_first,lhs019,lhs,12139.376089962501,0.003012323278357215,0.950877103574053,0.7437403969713839,6,100,optimal,22.46787773845564,6,3,3.0,optimal,20.539427137989545,6,3,3.0,optimal,11.281953858095394,6,3,3.0,0.0036869450645195738,0.23713737056616555,identical,,0.0,0.0,0.0,1.0,0.0,0.0,0.0,0.0,0.0,0.0,0.0,0.0,0.0,tie,,0.0,0.0,0.0,0.7142857142857143,1.0,1.0,0.0,0.0,1.0,0.0,0.0,0.0,-1.0678088346049728e-16
