point,budget,memories,plan,pair,hops,width,max_link_km,repeaters,wp_min,utility_under_paper,utility_under_coordinated
midrange,1000000,2048,paper,Calgary-Edmonton,4,256,75.0,CAL-EDM:1;CAL-EDM:2;CAL-EDM:3,0.6070716686493838,10.519016649742053,9.461806733002847
midrange,1000000,2048,paper,Calgary-Kamloops,8,512,75.0,KAM-CAL:7;KAM-CAL:6;KAM-CAL:5;KAM-CAL:4;KAM-CAL:3;KAM-CAL:2;KAM-CAL:1,1.2141433372987676,8.868793839702677,7.428007985472082
midrange,1000000,2048,paper,Calgary-Kelowna,8,256,76.2,KEL-CAL:7;KEL-CAL:6;KEL-CAL:5;KEL-CAL:4;KEL-CAL:3;KEL-CAL:2;KEL-CAL:1,0.5488958728243383,7.723459485551354,6.2825093966243495
midrange,1000000,2048,paper,Calgary-Saskatoon,8,512,80.0,CAL-SAS:1;CAL-SAS:2;CAL-SAS:3;CAL-SAS:4;CAL-SAS:5;CAL-SAS:6;CAL-SAS:7,0.8114653145400904,8.287456423097389,6.846102306203568
midrange,1000000,2048,paper,Calgary-Vancouver,13,512,75.0,KAM-CAL:7;KAM-CAL:6;KAM-CAL:5;KAM-CAL:4;KAM-CAL:3;KAM-CAL:2;KAM-CAL:1;Kamloops;VAN-KAM:4;VAN-KAM:3;VAN-KAM:2;VAN-KAM:1,1.2141433372987676,5.3073053061464,3.7476295463782203
midrange,1000000,2048,paper,Edmonton-Kamloops,12,512,75.0,CAL-EDM:3;CAL-EDM:2;CAL-EDM:1;Calgary;KAM-CAL:7;KAM-CAL:6;KAM-CAL:5;KAM-CAL:4;KAM-CAL:3;KAM-CAL:2;KAM-CAL:1,1.2141433372987676,6.055632684948071,4.423554811942751
midrange,1000000,2048,paper,Edmonton-Kelowna,12,256,76.2,CAL-EDM:3;CAL-EDM:2;CAL-EDM:1;Calgary;KEL-CAL:7;KEL-CAL:6;KEL-CAL:5;KEL-CAL:4;KEL-CAL:3;KEL-CAL:2;KEL-CAL:1,0.5488958728243383,4.910298330796748,3.322185270274344
midrange,1000000,2048,paper,Edmonton-Saskatoon,7,1024,75.7,EDM-SAS:1;EDM-SAS:2;EDM-SAS:3;EDM-SAS:4;EDM-SAS:5;EDM-SAS:6,2.2924504458939827,10.45941542061491,9.086460599103885
midrange,1000000,2048,paper,Kamloops-Kelowna,3,512,63.3,KAM-KEL:1;KAM-KEL:2,3.1088752419378607,13.522700883485758,12.652594418883858
midrange,1000000,2048,paper,Kamloops-Vancouver,5,512,72.0,VAN-KAM:4;VAN-KAM:3;VAN-KAM:2;VAN-KAM:1,1.5462152808458323,11.215321317818393,10.026332506477393
midrange,1000000,2048,paper,Kelowna-Vancouver,5,1024,78.0,VAN-KEL:4;VAN-KEL:3;VAN-KEL:2;VAN-KEL:1,1.9067772279427784,11.51771641789205,10.32789068099726
midrange,1000000,2048,paper,Montreal-Ottawa,3,1024,66.7,OTT-MON:2;OTT-MON:1,4.752986965619489,14.1351426057489,13.263999673172833
midrange,1000000,2048,paper,Montreal-Toronto,7,1024,77.1,TOR-MON:6;TOR-MON:5;TOR-MON:4;TOR-MON:3;TOR-MON:2;TOR-MON:1,2.043148610528134,10.29331901587054,8.920188265529719
midrange,1000000,2048,paper,Ottawa-Toronto,6,1024,75.0,TOR-OTT:5;TOR-OTT:4;TOR-OTT:3;TOR-OTT:2;TOR-OTT:1,2.428286674597535,11.207982180726917,9.916884203827056
midrange,1000000,2048,coordinated,Calgary-Edmonton,4,256,75.0,CAL-EDM:1;CAL-EDM:2;CAL-EDM:3,0.6070716686493838,10.519016649742053,9.461806733002847
midrange,1000000,2048,coordinated,Calgary-Kamloops,8,512,75.0,KAM-CAL:7;KAM-CAL:6;KAM-CAL:5;KAM-CAL:4;KAM-CAL:3;KAM-CAL:2;KAM-CAL:1,1.2141433372987676,8.868793839702677,7.428007985472082
midrange,1000000,2048,coordinated,Calgary-Kelowna,8,256,76.2,KEL-CAL:7;KEL-CAL:6;KEL-CAL:5;KEL-CAL:4;KEL-CAL:3;KEL-CAL:2;KEL-CAL:1,0.5488958728243383,7.723459485551354,6.2825093966243495
midrange,1000000,2048,coordinated,Calgary-Saskatoon,8,512,80.0,CAL-SAS:1;CAL-SAS:2;CAL-SAS:3;CAL-SAS:4;CAL-SAS:5;CAL-SAS:6;CAL-SAS:7,0.8114653145400904,8.287456423097389,6.846102306203568
midrange,1000000,2048,coordinated,Calgary-Vancouver,13,512,75.0,KAM-CAL:7;KAM-CAL:6;KAM-CAL:5;KAM-CAL:4;KAM-CAL:3;KAM-CAL:2;KAM-CAL:1;Kamloops;VAN-KAM:4;VAN-KAM:3;VAN-KAM:2;VAN-KAM:1,1.2141433372987676,5.3073053061464,3.7476295463782203
midrange,1000000,2048,coordinated,Edmonton-Kamloops,12,512,75.0,CAL-EDM:3;CAL-EDM:2;CAL-EDM:1;Calgary;KAM-CAL:7;KAM-CAL:6;KAM-CAL:5;KAM-CAL:4;KAM-CAL:3;KAM-CAL:2;KAM-CAL:1,1.2141433372987676,6.055632684948071,4.423554811942751
midrange,1000000,2048,coordinated,Edmonton-Kelowna,12,256,76.2,CAL-EDM:3;CAL-EDM:2;CAL-EDM:1;Calgary;KEL-CAL:7;KEL-CAL:6;KEL-CAL:5;KEL-CAL:4;KEL-CAL:3;KEL-CAL:2;KEL-CAL:1,0.5488958728243383,4.910298330796748,3.322185270274344
midrange,1000000,2048,coordinated,Edmonton-Saskatoon,7,1024,75.7,EDM-SAS:1;EDM-SAS:2;EDM-SAS:3;EDM-SAS:4;EDM-SAS:5;EDM-SAS:6,2.2924504458939827,10.45941542061491,9.086460599103885
midrange,1000000,2048,coordinated,Kamloops-Kelowna,3,512,63.3,KAM-KEL:1;KAM-KEL:2,3.1088752419378607,13.522700883485758,12.652594418883858
midrange,1000000,2048,coordinated,Kamloops-Vancouver,5,512,72.0,VAN-KAM:4;VAN-KAM:3;VAN-KAM:2;VAN-KAM:1,1.5462152808458323,11.215321317818393,10.026332506477393
midrange,1000000,2048,coordinated,Kelowna-Vancouver,5,1024,78.0,VAN-KEL:4;VAN-KEL:3;VAN-KEL:2;VAN-KEL:1,1.9067772279427784,11.51771641789205,10.32789068099726
midrange,1000000,2048,coordinated,Montreal-Ottawa,3,1024,66.7,OTT-MON:2;OTT-MON:1,4.752986965619489,14.1351426057489,13.263999673172833
midrange,1000000,2048,coordinated,Montreal-Toronto,7,1024,77.1,TOR-MON:6;TOR-MON:5;TOR-MON:4;TOR-MON:3;TOR-MON:2;TOR-MON:1,2.043148610528134,10.29331901587054,8.920188265529719
midrange,1000000,2048,coordinated,Ottawa-Toronto,6,1024,75.0,TOR-OTT:5;TOR-OTT:4;TOR-OTT:3;TOR-OTT:2;TOR-OTT:1,2.428286674597535,11.207982180726917,9.916884203827056
midrange,20,2048,paper,Calgary-Edmonton,2,256,150.0,CAL-EDM:2,0.0014395937924872937,3.088787368427614,2.5038001011409183
midrange,20,2048,paper,Calgary-Kamloops,4,512,150.0,KAM-CAL:6;KAM-CAL:4;KAM-CAL:2,0.0028791875849745875,2.798955400662727,1.7400372632354546
midrange,20,2048,paper,Calgary-Kelowna,4,256,152.5,KEL-CAL:6;KEL-CAL:4;KEL-CAL:2,0.0011769010906390318,1.5082866923600817,0.4493678147236834
midrange,20,2048,paper,Calgary-Saskatoon,6,512,151.4,CAL-EDM:2;CAL-EDM:3;EDM-SAS:1;EDM-SAS:3;EDM-SAS:5,0.0025660786361716404,1.3218245269032272,0.17721250446525744
midrange,20,2048,paper,Calgary-Vancouver,7,512,150.0,KAM-CAL:6;KAM-CAL:4;KAM-CAL:2;Kamloops;VAN-KAM:3;VAN-KAM:1,0.0028791875849745875,0.8224023739077666,-0.31251527194440293
midrange,20,2048,paper,Edmonton-Kamloops,6,512,150.0,CAL-EDM:2;Calgary;KAM-CAL:6;KAM-CAL:4;KAM-CAL:2,0.0028791875849745875,1.4879209316475916,0.19511473405966326
midrange,20,2048,paper,Edmonton-Kelowna,6,256,152.5,CAL-EDM:2;Calgary;KEL-CAL:6;KEL-CAL:4;KEL-CAL:2,0.0011769010906390318,0.19725222334494616,-1.012758949091474
midrange,20,2048,paper,Edmonton-Saskatoon,4,1024,151.4,EDM-SAS:1;EDM-SAS:3;EDM-SAS:5,0.005132157272343281,3.6328589959183626,2.7583109666027834
midrange,20,2048,paper,Kamloops-Kelowna,2,512,126.7,KAM-KEL:2,0.018877158730340217,6.801695312585625,6.801597561434802
midrange,20,2048,paper,Kamloops-Vancouver,3,512,144.0,VAN-KAM:3;VAN-KAM:1,0.004669495497502257,4.143790562253772,3.5587553611356713
midrange,20,2048,paper,Kelowna-Vancouver,5,1024,144.0,KAM-KEL:2;Kamloops;VAN-KAM:3;VAN-KAM:1,0.009338990995004515,3.8440625187022404,3.2434883396863405
midrange,20,2048,paper,Montreal-Ottawa,2,1024,133.3,OTT-MON:2,0.02206141122592652,7.026578757111911,7.026488893476821
midrange,20,2048,paper,Montreal-Toronto,5,1024,150.0,OTT-MON:2;Ottawa;TOR-OTT:4;TOR-OTT:2,0.005758375169949175,3.146457618775895,2.265513459081449
midrange,20,2048,paper,Ottawa-Toronto,3,1024,150.0,TOR-OTT:4;TOR-OTT:2,0.005758375169949175,4.446185662327426,3.5716920941072607
midrange,20,2048,coordinated,Calgary-Edmonton,2,256,150.0,CAL-EDM:2,0.0014395937924872937,3.088787368427614,2.5038001011409183
midrange,20,2048,coordinated,Calgary-Kamloops,4,512,150.0,KAM-CAL:6;KAM-CAL:4;KAM-CAL:2,0.0028791875849745875,2.798955400662727,1.7400372632354546
midrange,20,2048,coordinated,Calgary-Kelowna,4,256,152.5,KEL-CAL:6;KEL-CAL:4;KEL-CAL:2,0.0011769010906390318,1.5082866923600817,0.4493678147236834
midrange,20,2048,coordinated,Calgary-Saskatoon,6,512,151.4,CAL-EDM:2;Edmonton;EDM-SAS:1;EDM-SAS:3;EDM-SAS:5,0.0025660786361716404,1.3218245269032272,0.1921726736784843
midrange,20,2048,coordinated,Calgary-Vancouver,7,512,150.0,KAM-CAL:6;KAM-CAL:4;KAM-CAL:2;Kamloops;VAN-KAM:3;VAN-KAM:1,0.0028791875849745875,0.8224023739077666,-0.31251527194440293
midrange,20,2048,coordinated,Edmonton-Kamloops,6,512,150.0,CAL-EDM:2;Calgary;KAM-CAL:6;KAM-CAL:4;KAM-CAL:2,0.0028791875849745875,1.4879209316475916,0.19511473405966326
midrange,20,2048,coordinated,Edmonton-Kelowna,6,256,152.5,CAL-EDM:2;Calgary;KEL-CAL:6;KEL-CAL:4;KEL-CAL:2,0.0011769010906390318,0.19725222334494616,-1.012758949091474
midrange,20,2048,coordinated,Edmonton-Saskatoon,4,1024,151.4,EDM-SAS:1;EDM-SAS:3;EDM-SAS:5,0.005132157272343281,3.6328589959183626,2.7583109666027834
midrange,20,2048,coordinated,Kamloops-Kelowna,2,512,126.7,KAM-KEL:2,0.018877158730340217,6.801695312585625,6.801597561434802
midrange,20,2048,coordinated,Kamloops-Vancouver,3,512,144.0,VAN-KAM:3;VAN-KAM:1,0.004669495497502257,4.143790562253772,3.5587553611356713
midrange,20,2048,coordinated,Kelowna-Vancouver,5,1024,144.0,KAM-KEL:2;Kamloops;VAN-KAM:3;VAN-KAM:1,0.009338990995004515,3.8440625187022404,3.2434883396863405
midrange,20,2048,coordinated,Montreal-Ottawa,2,1024,133.3,OTT-MON:1,0.02206141122592652,7.026578757111911,7.026488893476821
midrange,20,2048,coordinated,Montreal-Toronto,5,1024,150.0,OTT-MON:1;TOR-OTT:5;TOR-OTT:4;TOR-OTT:2,0.005758375169949175,3.146457618775895,2.4689358156294583
midrange,20,2048,coordinated,Ottawa-Toronto,3,1024,150.0,TOR-OTT:4;TOR-OTT:2,0.005758375169949175,4.446185662327426,3.5716920941072607
midrange,10,2048,paper,Calgary-Edmonton,2,512,225.0,CAL-EDM:1,6.827629732676219e-06,-4.631273880651712,-4.631436650142549
midrange,10,2048,paper,Calgary-Kamloops,3,512,225.0,KAM-CAL:5;KAM-CAL:2,6.827629732676219e-06,-5.273875586751901,-5.858919976919332
midrange,10,2048,paper,Calgary-Kelowna,3,512,228.8,KEL-CAL:6;KEL-CAL:3,5.046844932611159e-06,-5.709878649205866,-6.294924157870007
midrange,10,2048,paper,Calgary-Vancouver,4,512,288.0,KAM-CAL:5;KAM-CAL:2;VAN-KAM:4,4.258630508045675e-08,-13.245957297643233,-13.246146888679975
midrange,10,2048,paper,Edmonton-Kamloops,4,512,300.0,CAL-EDM:1;KAM-CAL:5;KAM-CAL:2,1.6190861620062102e-08,-14.641167097495925,-14.641344019465967
midrange,10,2048,paper,Edmonton-Kelowna,4,512,228.8,CAL-EDM:1;KEL-CAL:6;KEL-CAL:3,5.046844932611159e-06,-6.357108910870564,-7.291553953138246
midrange,10,2048,paper,Kamloops-Kelowna,2,512,126.7,KAM-KEL:1,0.018877158730340217,6.801695312585625,6.801597561434802
midrange,10,2048,paper,Kamloops-Vancouver,3,512,144.0,VAN-KAM:4;VAN-KAM:2,0.004669495497502257,4.143790562253772,3.5587553611356713
midrange,10,2048,paper,Kelowna-Vancouver,4,512,144.0,KAM-KEL:1;VAN-KAM:4;VAN-KAM:2,0.004669495497502257,3.496560300589073,2.824964543665537
midrange,10,2048,paper,Montreal-Ottawa,1,1024,200.0,,0.0001024,-0.08607851837979899,-0.08617884273616151
midrange,10,2048,paper,Montreal-Toronto,3,1024,225.0,Ottawa;TOR-OTT:3,1.3655259465352438e-05,-4.273875586751901,-4.862055229689796
midrange,10,2048,paper,Ottawa-Toronto,2,1024,225.0,TOR-OTT:3,1.3655259465352438e-05,-3.6312738806517117,-4.216265194763794
midrange,10,2048,coordinated,Calgary-Edmonton,2,512,225.0,CAL-EDM:1,6.827629732676219e-06,-4.631273880651712,-4.631436650142549
midrange,10,2048,coordinated,Calgary-Kamloops,3,512,225.0,KAM-CAL:5;KAM-CAL:2,6.827629732676219e-06,-5.273875586751901,-5.858919976919332
midrange,10,2048,coordinated,Calgary-Kelowna,3,512,228.8,KEL-CAL:6;KEL-CAL:3,5.046844932611159e-06,-5.709878649205866,-6.294924157870007
midrange,10,2048,coordinated,Calgary-Vancouver,4,512,288.0,KAM-CAL:5;KAM-CAL:2;VAN-KAM:4,4.258630508045675e-08,-13.245957297643233,-13.246146888679975
midrange,10,2048,coordinated,Edmonton-Kamloops,4,512,300.0,CAL-EDM:1;KAM-CAL:5;KAM-CAL:2,1.6190861620062102e-08,-14.641167097495925,-14.641344019465967
midrange,10,2048,coordinated,Edmonton-Kelowna,4,512,228.8,CAL-EDM:1;KEL-CAL:6;KEL-CAL:3,5.046844932611159e-06,-6.357108910870564,-7.291553953138246
midrange,10,2048,coordinated,Kamloops-Kelowna,2,512,126.7,KAM-KEL:1,0.018877158730340217,6.801695312585625,6.801597561434802
midrange,10,2048,coordinated,Kamloops-Vancouver,3,512,144.0,VAN-KAM:4;VAN-KAM:2,0.004669495497502257,4.143790562253772,3.5587553611356713
midrange,10,2048,coordinated,Kelowna-Vancouver,4,512,144.0,KAM-KEL:1;VAN-KAM:4;VAN-KAM:2,0.004669495497502257,3.496560300589073,2.824964543665537
midrange,10,2048,coordinated,Montreal-Ottawa,1,1024,200.0,,0.0001024,-0.08607851837979899,-0.08617884273616151
midrange,10,2048,coordinated,Montreal-Toronto,3,1024,225.0,Ottawa;TOR-OTT:3,1.3655259465352438e-05,-4.273875586751901,-4.862055229689796
midrange,10,2048,coordinated,Ottawa-Toronto,2,1024,225.0,TOR-OTT:3,1.3655259465352438e-05,-3.6312738806517117,-4.216265194763794
projected,1000000,2048,paper,Calgary-Edmonton,4,512,75.0,CAL-EDM:1;CAL-EDM:2;CAL-EDM:3,1.2141433372987676,16.644401365782088,15.58719144904288
projected,1000000,2048,paper,Calgary-Kamloops,8,512,75.0,KAM-CAL:7;KAM-CAL:6;KAM-CAL:5;KAM-CAL:4;KAM-CAL:3;KAM-CAL:2;KAM-CAL:1,1.2141433372987676,16.32509680285889,14.884310948628297
projected,1000000,2048,paper,Calgary-Kelowna,8,256,76.2,KEL-CAL:7;KEL-CAL:6;KEL-CAL:5;KEL-CAL:4;KEL-CAL:3;KEL-CAL:2;KEL-CAL:1,0.5488958728243383,15.179762448707569,13.738812359780564
projected,1000000,2048,paper,Calgary-Saskatoon,8,512,80.0,CAL-SAS:1;CAL-SAS:2;CAL-SAS:3;CAL-SAS:4;CAL-SAS:5;CAL-SAS:6;CAL-SAS:7,0.8114653145400904,15.743759386253604,14.302405269359783
projected,1000000,2048,paper,Calgary-Vancouver,13,256,75.0,KAM-CAL:7;KAM-CAL:6;KAM-CAL:5;KAM-CAL:4;KAM-CAL:3;KAM-CAL:2;KAM-CAL:1;Kamloops;VAN-KAM:4;VAN-KAM:3;VAN-KAM:2;VAN-KAM:1,0.6070716686493838,14.925784532327716,13.366108772559537
projected,1000000,2048,paper,Edmonton-Kamloops,12,256,75.0,CAL-EDM:3;CAL-EDM:2;CAL-EDM:1;Calgary;KAM-CAL:7;KAM-CAL:6;KAM-CAL:5;KAM-CAL:4;KAM-CAL:3;KAM-CAL:2;KAM-CAL:1,0.6070716686493838,15.005663361096413,13.373585488091095
projected,1000000,2048,paper,Edmonton-Kelowna,12,512,76.2,CAL-EDM:3;CAL-EDM:2;CAL-EDM:1;Calgary;KEL-CAL:7;KEL-CAL:6;KEL-CAL:5;KEL-CAL:4;KEL-CAL:3;KEL-CAL:2;KEL-CAL:1,1.0977917456486765,15.860329006945092,14.272215946422687
projected,1000000,2048,paper,Edmonton-Saskatoon,7,512,75.7,EDM-SAS:1;EDM-SAS:2;EDM-SAS:3;EDM-SAS:4;EDM-SAS:5;EDM-SAS:6,1.1462252229469914,16.321886714509258,14.948931892998232
projected,1000000,2048,paper,Edmonton-Vancouver,17,256,75.0,CAL-EDM:3;CAL-EDM:2;CAL-EDM:1;Calgary;KAM-CAL:7;KAM-CAL:6;KAM-CAL:5;KAM-CAL:4;KAM-CAL:3;KAM-CAL:2;KAM-CAL:1;Kamloops;VAN-KAM:4;VAN-KAM:3;VAN-KAM:2;VAN-KAM:1,0.6070716686493838,14.606185987090317,12.904257229819729
projected,1000000,2048,paper,Kamloops-Kelowna,3,512,63.3,KAM-KEL:1;KAM-KEL:2,3.1088752419378607,18.080661666145986,17.210555201544086
projected,1000000,2048,paper,Kamloops-Saskatoon,19,256,75.7,KAM-CAL:1;KAM-CAL:2;KAM-CAL:3;KAM-CAL:4;KAM-CAL:5;KAM-CAL:6;KAM-CAL:7;Calgary;CAL-EDM:1;CAL-EDM:2;CAL-EDM:3;Edmonton;EDM-SAS:1;EDM-SAS:2;EDM-SAS:3;EDM-SAS:4;EDM-SAS:5;EDM-SAS:6,0.5731126114734957,14.36328792745396,12.588734567960229
projected,1000000,2048,paper,Kamloops-Vancouver,5,512,72.0,VAN-KAM:4;VAN-KAM:3;VAN-KAM:2;VAN-KAM:1,1.5462152808458323,16.91338960523463,15.72440079389363
projected,1000000,2048,paper,Kelowna-Saskatoon,19,256,76.2,KEL-CAL:1;KEL-CAL:2;KEL-CAL:3;KEL-CAL:4;KEL-CAL:5;KEL-CAL:6;KEL-CAL:7;Calgary;CAL-EDM:1;CAL-EDM:2;CAL-EDM:3;Edmonton;EDM-SAS:1;EDM-SAS:2;EDM-SAS:3;EDM-SAS:4;EDM-SAS:5;EDM-SAS:6,0.5488958728243383,14.30100177567482,12.52604184353443
projected,1000000,2048,paper,Kelowna-Vancouver,8,512,72.0,KAM-KEL:2;KAM-KEL:1;Kamloops;VAN-KAM:4;VAN-KAM:3;VAN-KAM:2;VAN-KAM:1,1.5462152808458323,16.673899252822064,15.444750501404048
projected,1000000,2048,paper,Montreal-Ottawa,3,1024,66.7,OTT-MON:2;OTT-MON:1,4.752986965619489,18.693103388409128,17.82196045583306
projected,1000000,2048,paper,Montreal-Toronto,9,1024,75.0,OTT-MON:2;OTT-MON:1;Ottawa;TOR-OTT:5;TOR-OTT:4;TOR-OTT:3;TOR-OTT:2;TOR-OTT:1,2.428286674597535,17.245250634317966,15.922842804033921
projected,1000000,2048,paper,Ottawa-Toronto,6,1024,75.0,TOR-OTT:5;TOR-OTT:4;TOR-OTT:3;TOR-OTT:2;TOR-OTT:1,2.428286674597535,17.484765019941626,16.193667043041764
projected,1000000,2048,paper,Saskatoon-Vancouver,19,512,144.0,CAL-SAS:7;CAL-SAS:6;CAL-SAS:5;CAL-SAS:4;CAL-SAS:3;CAL-SAS:2;CAL-SAS:1;Calgary;KAM-CAL:7;KAM-CAL:6;KAM-CAL:5;KAM-CAL:4;KAM-CAL:3;KAM-CAL:2;KAM-CAL:1;Kamloops;VAN-KAM:4;VAN-KAM:2,0.004669495497502257,7.423879780673162,6.838842287447714
projected,1000000,2048,coordinated,Calgary-Edmonton,4,512,75.0,CAL-EDM:1;CAL-EDM:2;CAL-EDM:3,1.2141433372987676,16.644401365782088,15.58719144904288
projected,1000000,2048,coordinated,Calgary-Kamloops,8,256,75.0,KAM-CAL:7;KAM-CAL:6;KAM-CAL:5;KAM-CAL:4;KAM-CAL:3;KAM-CAL:2;KAM-CAL:1,0.6070716686493838,15.325096802858893,13.884310948628297
projected,1000000,2048,coordinated,Calgary-Kelowna,8,256,76.2,KEL-CAL:7;KEL-CAL:6;KEL-CAL:5;KEL-CAL:4;KEL-CAL:3;KEL-CAL:2;KEL-CAL:1,0.5488958728243383,15.179762448707569,13.738812359780564
projected,1000000,2048,coordinated,Calgary-Saskatoon,11,512,75.7,CAL-EDM:1;CAL-EDM:2;CAL-EDM:3;Edmonton;EDM-SAS:1;EDM-SAS:2;EDM-SAS:3;EDM-SAS:4;EDM-SAS:5;EDM-SAS:6,1.1462252229469914,16.002485755445214,14.438344372808919
projected,1000000,2048,coordinated,Calgary-Vancouver,13,512,75.0,KAM-CAL:7;KAM-CAL:6;KAM-CAL:5;KAM-CAL:4;KAM-CAL:3;KAM-CAL:2;KAM-CAL:1;Kamloops;VAN-KAM:4;VAN-KAM:3;VAN-KAM:2;VAN-KAM:1,1.2141433372987676,15.925784532327716,14.366108772559535
projected,1000000,2048,coordinated,Edmonton-Kamloops,12,512,75.0,CAL-EDM:3;CAL-EDM:2;CAL-EDM:1;Calgary;KAM-CAL:7;KAM-CAL:6;KAM-CAL:5;KAM-CAL:4;KAM-CAL:3;KAM-CAL:2;KAM-CAL:1,1.2141433372987676,16.005663361096413,14.373585488091095
projected,1000000,2048,coordinated,Edmonton-Kelowna,12,256,76.2,CAL-EDM:3;CAL-EDM:2;CAL-EDM:1;Calgary;KEL-CAL:7;KEL-CAL:6;KEL-CAL:5;KEL-CAL:4;KEL-CAL:3;KEL-CAL:2;KEL-CAL:1,0.5488958728243383,14.860329006945092,13.272215946422687
projected,1000000,2048,coordinated,Edmonton-Saskatoon,7,512,75.7,EDM-SAS:1;EDM-SAS:2;EDM-SAS:3;EDM-SAS:4;EDM-SAS:5;EDM-SAS:6,1.1462252229469914,16.321886714509258,14.948931892998232
projected,1000000,2048,coordinated,Edmonton-Vancouver,17,256,75.0,CAL-EDM:3;CAL-EDM:2;CAL-EDM:1;Calgary;KAM-CAL:7;KAM-CAL:6;KAM-CAL:5;KAM-CAL:4;KAM-CAL:3;KAM-CAL:2;KAM-CAL:1;Kamloops;VAN-KAM:4;VAN-KAM:3;VAN-KAM:2;VAN-KAM:1,0.6070716686493838,14.606185987090317,12.904257229819729
projected,1000000,2048,coordinated,Kamloops-Kelowna,3,512,63.3,KAM-KEL:1;KAM-KEL:2,3.1088752419378607,18.080661666145986,17.210555201544086
projected,1000000,2048,coordinated,Kamloops-Saskatoon,16,256,80.0,KAM-CAL:1;KAM-CAL:2;KAM-CAL:3;KAM-CAL:4;KAM-CAL:5;KAM-CAL:6;KAM-CAL:7;Calgary;CAL-SAS:1;CAL-SAS:2;CAL-SAS:3;CAL-SAS:4;CAL-SAS:5;CAL-SAS:6;CAL-SAS:7,0.4057326572700452,14.104760783154182,12.55639668915735
projected,1000000,2048,coordinated,Kamloops-Vancouver,5,512,72.0,VAN-KAM:4;VAN-KAM:3;VAN-KAM:2;VAN-KAM:1,1.5462152808458323,16.91338960523463,15.72440079389363
projected,1000000,2048,coordinated,Kelowna-Saskatoon,16,512,80.0,KEL-CAL:1;KEL-CAL:2;KEL-CAL:3;KEL-CAL:4;KEL-CAL:5;KEL-CAL:6;KEL-CAL:7;Calgary;CAL-SAS:1;CAL-SAS:2;CAL-SAS:3;CAL-SAS:4;CAL-SAS:5;CAL-SAS:6;CAL-SAS:7,0.8114653145400904,15.104760783154182,13.519030670521143
projected,1000000,2048,coordinated,Kelowna-Vancouver,8,512,72.0,KAM-KEL:2;KAM-KEL:1;Kamloops;VAN-KAM:4;VAN-KAM:3;VAN-KAM:2;VAN-KAM:1,1.5462152808458323,16.673899252822064,15.444750501404048
projected,1000000,2048,coordinated,Montreal-Ottawa,3,1024,66.7,OTT-MON:2;OTT-MON:1,4.752986965619489,18.693103388409128,17.82196045583306
projected,1000000,2048,coordinated,Montreal-Toronto,9,1024,75.0,OTT-MON:2;OTT-MON:1;Ottawa;TOR-OTT:5;TOR-OTT:4;TOR-OTT:3;TOR-OTT:2;TOR-OTT:1,2.428286674597535,17.245250634317966,15.922842804033921
projected,1000000,2048,coordinated,Ottawa-Toronto,6,1024,75.0,TOR-OTT:5;TOR-OTT:4;TOR-OTT:3;TOR-OTT:2;TOR-OTT:1,2.428286674597535,17.484765019941626,16.193667043041764
projected,1000000,2048,coordinated,Saskatoon-Vancouver,20,256,144.0,CAL-SAS:7;CAL-SAS:6;CAL-SAS:5;CAL-SAS:4;CAL-SAS:3;CAL-SAS:2;CAL-SAS:1;Calgary;KAM-CAL:7;KAM-CAL:6;KAM-CAL:5;KAM-CAL:4;KAM-CAL:3;KAM-CAL:2;KAM-CAL:1;Kamloops;VAN-KAM:4;VAN-KAM:2;VAN-KAM:1,0.0023347477487511287,6.343942041755941,6.343632056464148
projected,20,2048,paper,Calgary-Edmonton,4,512,75.0,CAL-EDM:1;CAL-EDM:2;CAL-EDM:3,1.2141433372987676,16.644401365782088,15.58719144904288
projected,20,2048,paper,Calgary-Kamloops,5,256,150.0,KAM-CAL:7;KAM-CAL:5;KAM-CAL:3;KAM-CAL:1,0.0014395937924872937,6.84452590619213,5.969978957721666
projected,20,2048,paper,Calgary-Kelowna,6,256,150.0,KAM-CAL:7;KAM-CAL:5;KAM-CAL:3;KAM-CAL:1;KAM-KEL:1,0.0014395937924872937,6.764703770862301,5.869103956288814
projected,20,2048,paper,Calgary-Saskatoon,6,512,151.4,CAL-EDM:1;CAL-EDM:3;EDM-SAS:1;EDM-SAS:3;EDM-SAS:5,0.0025660786361716404,7.598607366117936,6.453995343679967
projected,20,2048,paper,Calgary-Vancouver,7,512,150.0,KAM-CAL:7;KAM-CAL:5;KAM-CAL:3;KAM-CAL:1;VAN-KAM:4;VAN-KAM:2,0.0028791875849745875,7.684873667802113,6.611117068613982
projected,20,2048,paper,Edmonton-Kamloops,7,128,150.0,CAL-EDM:2;Calgary;KAM-CAL:7;KAM-CAL:5;KAM-CAL:3;KAM-CAL:1,0.0007197968962436469,5.684873667802113,4.493654350179557
projected,20,2048,paper,Edmonton-Kelowna,8,128,150.0,CAL-EDM:3;CAL-EDM:1;KAM-CAL:7;KAM-CAL:5;KAM-CAL:3;KAM-CAL:1;KAM-KEL:1,0.0007197968962436469,5.605035553779566,4.407099930547275
projected,20,2048,paper,Edmonton-Saskatoon,4,1024,151.4,EDM-SAS:1;EDM-SAS:3;EDM-SAS:5,0.005132157272343281,8.758243711958396,7.883695682642817
projected,20,2048,paper,Edmonton-Vancouver,9,256,150.0,CAL-EDM:3;CAL-EDM:1;KAM-CAL:7;KAM-CAL:5;KAM-CAL:3;KAM-CAL:1;VAN-KAM:4;VAN-KAM:2,0.0014395937924872937,6.525189385238638,5.234291056325243
projected,20,2048,paper,Kamloops-Kelowna,3,1024,63.3,KAM-KEL:1;KAM-KEL:2,6.217750483875721,19.080661666145986,18.21055520154409
projected,20,2048,paper,Kamloops-Saskatoon,10,128,151.4,KAM-CAL:1;KAM-CAL:3;KAM-CAL:5;KAM-CAL:7;CAL-EDM:1;CAL-EDM:3;EDM-SAS:1;EDM-SAS:3;EDM-SAS:5,0.0006415196590429101,5.279238713551697,3.875209489178314
projected,20,2048,paper,Kamloops-Vancouver,3,512,144.0,VAN-KAM:4;VAN-KAM:2,0.004669495497502257,8.701751344913998,8.116716143795898
projected,20,2048,paper,Kelowna-Saskatoon,11,128,151.4,KAM-KEL:1;KAM-CAL:1;KAM-CAL:3;KAM-CAL:5;KAM-CAL:7;CAL-EDM:1;CAL-EDM:3;EDM-SAS:1;EDM-SAS:3;EDM-SAS:5,0.0006415196590429101,5.199376303993707,3.7940745760971617
projected,20,2048,paper,Kelowna-Vancouver,4,512,144.0,KAM-KEL:1;VAN-KAM:4;VAN-KAM:2,0.004669495497502257,8.621945016629107,7.950349259705571
projected,20,2048,paper,Montreal-Ottawa,3,1024,66.7,OTT-MON:2;OTT-MON:1,4.752986965619489,18.693103388409128,17.82196045583306
projected,20,2048,paper,Montreal-Toronto,5,1024,150.0,OTT-MON:2;Ottawa;TOR-OTT:4;TOR-OTT:2,0.005758375169949175,8.84452590619213,7.963581746497685
projected,20,2048,paper,Ottawa-Toronto,3,1024,150.0,TOR-OTT:4;TOR-OTT:2,0.005758375169949175,9.004146444987652,8.129652876767487
projected,20,2048,paper,Saskatoon-Vancouver,12,256,151.4,EDM-SAS:5;EDM-SAS:3;EDM-SAS:1;CAL-EDM:3;CAL-EDM:1;KAM-CAL:7;KAM-CAL:5;KAM-CAL:3;KAM-CAL:1;VAN-KAM:4;VAN-KAM:2,0.0012830393180858202,6.119505707272723,4.679719998010347
projected,20,2048,coordinated,Calgary-Edmonton,4,512,75.0,CAL-EDM:1;CAL-EDM:2;CAL-EDM:3,1.2141433372987676,16.644401365782088,15.58719144904288
projected,20,2048,coordinated,Calgary-Kamloops,5,256,150.0,KAM-CAL:7;KAM-CAL:5;KAM-CAL:3;KAM-CAL:1,0.0014395937924872937,6.84452590619213,5.969978957721666
projected,20,2048,coordinated,Calgary-Kelowna,6,512,150.0,KAM-CAL:7;KAM-CAL:5;KAM-CAL:3;KAM-CAL:1;KAM-KEL:1,0.0028791875849745875,7.764703770862301,6.869103956288814
projected,20,2048,coordinated,Calgary-Saskatoon,6,512,151.4,CAL-EDM:1;CAL-EDM:3;EDM-SAS:1;EDM-SAS:3;EDM-SAS:5,0.0025660786361716404,7.598607366117936,6.453995343679967
projected,20,2048,coordinated,Calgary-Vancouver,7,256,150.0,KAM-CAL:7;KAM-CAL:5;KAM-CAL:3;KAM-CAL:1;VAN-KAM:4;VAN-KAM:2,0.0014395937924872937,6.684873667802113,5.611117068613982
projected,20,2048,coordinated,Edmonton-Kamloops,7,128,150.0,CAL-EDM:2;Calgary;KAM-CAL:7;KAM-CAL:5;KAM-CAL:3;KAM-CAL:1,0.0007197968962436469,5.684873667802113,4.493654350179557
projected,20,2048,coordinated,Edmonton-Kelowna,9,256,150.0,CAL-EDM:3;CAL-EDM:1;Calgary;KAM-CAL:7;KAM-CAL:5;KAM-CAL:3;KAM-CAL:1;KAM-KEL:1,0.0014395937924872937,6.525189385238638,5.455017727488054
projected,20,2048,coordinated,Edmonton-Saskatoon,4,1024,151.4,EDM-SAS:1;EDM-SAS:3;EDM-SAS:5,0.005132157272343281,8.758243711958396,7.883695682642817
projected,20,2048,coordinated,Edmonton-Vancouver,10,128,150.0,CAL-EDM:3;CAL-EDM:1;Calgary;KAM-CAL:7;KAM-CAL:5;KAM-CAL:3;KAM-CAL:1;VAN-KAM:4;VAN-KAM:2,0.0007197968962436469,5.445335118296063,4.250401168350224
projected,20,2048,coordinated,Kamloops-Kelowna,3,512,63.3,KAM-KEL:1;KAM-KEL:2,3.1088752419378607,18.080661666145986,17.210555201544086
projected,20,2048,coordinated,Kamloops-Saskatoon,10,128,151.4,KAM-CAL:1;KAM-CAL:3;KAM-CAL:5;KAM-CAL:7;CAL-EDM:1;CAL-EDM:3;EDM-SAS:1;EDM-SAS:3;EDM-SAS:5,0.0006415196590429101,5.279238713551697,3.875209489178314
projected,20,2048,coordinated,Kamloops-Vancouver,3,1024,144.0,VAN-KAM:4;VAN-KAM:2,0.009338990995004515,9.701751344913998,9.116716143795898
projected,20,2048,coordinated,Kelowna-Saskatoon,11,256,151.4,KAM-KEL:1;KAM-CAL:1;KAM-CAL:3;KAM-CAL:5;KAM-CAL:7;CAL-EDM:1;CAL-EDM:3;EDM-SAS:1;EDM-SAS:3;EDM-SAS:5,0.0012830393180858202,6.199376303993707,4.794074576097161
projected,20,2048,coordinated,Kelowna-Vancouver,4,512,144.0,KAM-KEL:1;VAN-KAM:4;VAN-KAM:2,0.004669495497502257,8.621945016629107,7.950349259705571
projected,20,2048,coordinated,Montreal-Ottawa,3,1024,66.7,OTT-MON:2;OTT-MON:1,4.752986965619489,18.693103388409128,17.82196045583306
projected,20,2048,coordinated,Montreal-Toronto,5,1024,150.0,OTT-MON:1;TOR-OTT:5;TOR-OTT:3;TOR-OTT:1,0.005758375169949175,8.84452590619213,8.167004103045693
projected,20,2048,coordinated,Ottawa-Toronto,4,1024,150.0,TOR-OTT:5;TOR-OTT:3;TOR-OTT:1,0.005758375169949175,8.92434011670276,8.339299738134942
projected,20,2048,coordinated,Saskatoon-Vancouver,12,128,151.4,EDM-SAS:5;EDM-SAS:3;EDM-SAS:1;CAL-EDM:3;CAL-EDM:1;KAM-CAL:7;KAM-CAL:5;KAM-CAL:3;KAM-CAL:1;VAN-KAM:4;VAN-KAM:2,0.0006415196590429101,5.119505707272723,3.6797199980103468
projected,10,2048,paper,Calgary-Edmonton,1,512,300.0,,1.6190861620062102e-08,-9.276386874474499,-9.276487270942805
projected,10,2048,paper,Calgary-Kamloops,2,256,300.0,KAM-CAL:4,8.095430810031051e-09,-10.356177564832983,-10.941168888541577
projected,10,2048,paper,Calgary-Kelowna,3,256,228.8,KEL-CAL:5;KEL-CAL:2,2.5234224663055797e-06,-2.151917866545639,-2.73696337520978
projected,10,2048,paper,Calgary-Saskatoon,3,512,240.0,CAL-SAS:3;CAL-SAS:5,2.038308713233904e-06,-2.4599270539075406,-3.044975969315266
projected,10,2048,paper,Calgary-Vancouver,4,512,300.0,KAM-CAL:4;Kamloops;VAN-KAM:1,1.6190861620062102e-08,-9.515782381455892,-10.143885774399555
projected,10,2048,paper,Edmonton-Kamloops,3,128,300.0,Calgary;KAM-CAL:4,4.047715405015526e-09,-11.435976053171,-12.310473677813064
projected,10,2048,paper,Edmonton-Kelowna,4,256,300.0,Calgary;KEL-CAL:5;KEL-CAL:2,8.095430810031051e-09,-10.515782381455892,-10.51596789752846
projected,10,2048,paper,Edmonton-Vancouver,5,512,300.0,Calgary;KAM-CAL:4;Kamloops;VAN-KAM:1,1.6190861620062102e-08,-9.595596591966522,-10.489185725988863
projected,10,2048,paper,Kamloops-Kelowna,1,1024,190.0,,0.00022924504458939778,4.513036290841844,4.512936055840337
projected,10,2048,paper,Kamloops-Saskatoon,5,128,300.0,KAM-CAL:4;Calgary;CAL-SAS:3;CAL-SAS:5,4.047715405015526e-09,-11.595596591966522,-12.180711242325643
projected,10,2048,paper,Kamloops-Vancouver,2,512,288.0,VAN-KAM:1,4.258630508045675e-08,-7.96096776498029,-7.961224497179317
projected,10,2048,paper,Kelowna-Saskatoon,6,512,240.0,KEL-CAL:2;KEL-CAL:5;Calgary;CAL-SAS:3;CAL-SAS:5,2.038308713233904e-06,-2.699369728032892,-3.3721814893430273
projected,10,2048,paper,Montreal-Ottawa,1,1024,200.0,,0.0001024,3.3503614576312692,3.3502611332749064
projected,10,2048,paper,Montreal-Toronto,3,1024,225.0,Ottawa;TOR-OTT:3,1.3655259465352438e-05,0.2840851959083261,-0.30409444702956884
projected,10,2048,paper,Ottawa-Toronto,2,1024,225.0,TOR-OTT:3,1.3655259465352438e-05,0.3638836842463442,-0.22110762986573812
projected,10,2048,paper,Saskatoon-Vancouver,7,512,300.0,CAL-SAS:5;CAL-SAS:3;Calgary;KAM-CAL:4;Kamloops;VAN-KAM:1,1.6190861620062102e-08,-9.755248830356539,-10.383352328884644
projected,10,2048,coordinated,Calgary-Edmonton,1,512,300.0,,1.6190861620062102e-08,-9.276386874474499,-9.276487270942805
projected,10,2048,coordinated,Calgary-Kamloops,2,256,300.0,KAM-CAL:4,8.095430810031051e-09,-10.356177564832983,-10.941168888541577
projected,10,2048,coordinated,Calgary-Kelowna,3,512,228.8,KEL-CAL:5;KEL-CAL:2,5.046844932611159e-06,-1.1519178665456389,-1.7369633752097802
projected,10,2048,coordinated,Calgary-Saskatoon,3,512,240.0,CAL-SAS:3;CAL-SAS:5,2.038308713233904e-06,-2.4599270539075406,-3.044975969315266
projected,10,2048,coordinated,Calgary-Vancouver,4,256,300.0,KAM-CAL:4;Kamloops;VAN-KAM:1,8.095430810031051e-09,-10.515782381455892,-11.143885774399555
projected,10,2048,coordinated,Edmonton-Kamloops,3,128,300.0,Calgary;KAM-CAL:4,4.047715405015526e-09,-11.435976053171,-12.310473677813064
projected,10,2048,coordinated,Edmonton-Kelowna,4,512,300.0,Calgary;KEL-CAL:5;KEL-CAL:2,1.6190861620062102e-08,-9.515782381455892,-9.51596789752846
projected,10,2048,coordinated,Edmonton-Vancouver,5,512,300.0,Calgary;KAM-CAL:4;Kamloops;VAN-KAM:1,1.6190861620062102e-08,-9.595596591966522,-10.489185725988863
projected,10,2048,coordinated,Kamloops-Kelowna,1,512,190.0,,0.00011462252229469889,3.513036290841845,3.5129360558403366
projected,10,2048,coordinated,Kamloops-Saskatoon,5,128,300.0,KAM-CAL:4;Calgary;CAL-SAS:3;CAL-SAS:5,4.047715405015526e-09,-11.595596591966522,-12.180711242325643
projected,10,2048,coordinated,Kamloops-Vancouver,2,1024,288.0,VAN-KAM:1,8.51726101609135e-08,-6.96096776498029,-6.961224497179317
projected,10,2048,coordinated,Kelowna-Saskatoon,6,512,240.0,KEL-CAL:2;KEL-CAL:5;Calgary;CAL-SAS:3;CAL-SAS:5,2.038308713233904e-06,-2.699369728032892,-3.3721814893430273
projected,10,2048,coordinated,Montreal-Ottawa,1,1024,200.0,,0.0001024,3.3503614576312692,3.3502611332749064
projected,10,2048,coordinated,Montreal-Toronto,3,1024,225.0,Ottawa;TOR-OTT:3,1.3655259465352438e-05,0.2840851959083261,-0.30409444702956884
projected,10,2048,coordinated,Ottawa-Toronto,2,1024,225.0,TOR-OTT:3,1.3655259465352438e-05,0.3638836842463442,-0.22110762986573812
projected,10,2048,coordinated,Saskatoon-Vancouver,7,256,300.0,CAL-SAS:5;CAL-SAS:3;Calgary;KAM-CAL:4;Kamloops;VAN-KAM:1,8.095430810031051e-09,-10.755248830356539,-11.383352328884644
