point,budget,memories,plan,pair,hops,width,max_link_km,repeaters,wp_min,utility_under_paper,utility_under_coordinated,utility_under_ext
midrange,1000000,100,paper,Calgary-Edmonton,4,14,75.0,CAL-EDM:1;CAL-EDM:2;CAL-EDM:3,0.03319923187926317,6.326371571799657,5.269161655060451,-8.500539067087992
midrange,1000000,100,paper,Calgary-Kamloops,8,27,75.0,KAM-CAL:7;KAM-CAL:6;KAM-CAL:5;KAM-CAL:4;KAM-CAL:3;KAM-CAL:2;KAM-CAL:1,0.0640270900528647,4.6236813418661455,3.182895487635551,-23.486785674495366
midrange,1000000,100,paper,Calgary-Kelowna,8,27,76.2,KEL-CAL:7;KEL-CAL:6;KEL-CAL:5;KEL-CAL:4;KEL-CAL:3;KEL-CAL:2;KEL-CAL:1,0.05789136158694193,4.478346987714823,3.0373968987878177,-24.615647262214765
midrange,1000000,100,paper,Calgary-Saskatoon,8,27,80.0,CAL-SAS:1;CAL-SAS:2;CAL-SAS:3;CAL-SAS:4;CAL-SAS:5;CAL-SAS:6;CAL-SAS:7,0.04279211619645008,4.042343925260858,2.6009898083670366,-28.02033990725804
midrange,1000000,100,paper,Edmonton-Kamloops,12,27,75.0,CAL-EDM:3;CAL-EDM:2;CAL-EDM:1;Calgary;KAM-CAL:7;KAM-CAL:6;KAM-CAL:5;KAM-CAL:4;KAM-CAL:3;KAM-CAL:2;KAM-CAL:1,0.0640270900528647,1.8105201871115395,0.17844231410622008,-42.337767210890306
midrange,1000000,100,paper,Edmonton-Saskatoon,7,52,75.7,EDM-SAS:1;EDM-SAS:2;EDM-SAS:3;EDM-SAS:4;EDM-SAS:5;EDM-SAS:6,0.11641349920555381,6.1598551387560025,4.786900317244977,-13.027614838023114
midrange,1000000,100,paper,Kamloops-Kelowna,3,14,63.3,KAM-KEL:1;KAM-KEL:2,0.08500830739673838,8.330055805543362,7.459949340941463,1.047599535460431
midrange,1000000,100,paper,Kamloops-Vancouver,5,27,72.0,VAN-KAM:4;VAN-KAM:3;VAN-KAM:2;VAN-KAM:1,0.08153869645085443,6.970208819981862,5.781220008640862,-7.776899741125049
midrange,1000000,100,paper,Kelowna-Vancouver,5,52,78.0,VAN-KEL:4;VAN-KEL:3;VAN-KEL:2;VAN-KEL:1,0.09682853110646922,7.218156136033142,6.028330399138352,-6.5955558203011915
midrange,1000000,100,paper,Montreal-Ottawa,3,52,66.7,OTT-MON:2;OTT-MON:1,0.24136261934786468,9.835582323889993,8.964439391313928,5.233347787440292
midrange,1000000,100,paper,Montreal-Toronto,7,27,77.1,TOR-MON:6;TOR-MON:5;TOR-MON:4;TOR-MON:3;TOR-MON:2;TOR-MON:1,0.05387208250415978,5.04820651803401,3.675075767693187,-20.498691852829698
midrange,1000000,100,paper,Ottawa-Toronto,6,27,75.0,TOR-OTT:5;TOR-OTT:4;TOR-OTT:3;TOR-OTT:2;TOR-OTT:1,0.0640270900528647,5.962869682890386,4.6717717059905235,-14.128687141477732
midrange,1000000,100,coordinated,Calgary-Edmonton,4,27,75.0,CAL-EDM:1;CAL-EDM:2;CAL-EDM:3,0.0640270900528647,7.273904151905522,6.216694235166315,-4.7987412247068075
midrange,1000000,100,coordinated,Calgary-Kamloops,8,14,75.0,KAM-CAL:7;KAM-CAL:6;KAM-CAL:5;KAM-CAL:4;KAM-CAL:3;KAM-CAL:2;KAM-CAL:1,0.03319923187926317,3.676148761760281,2.235362907529687,-30.89037900359802
midrange,1000000,100,coordinated,Calgary-Kelowna,8,27,76.2,KEL-CAL:7;KEL-CAL:6;KEL-CAL:5;KEL-CAL:4;KEL-CAL:3;KEL-CAL:2;KEL-CAL:1,0.05789136158694193,4.478346987714823,3.0373968987878177,-24.615647262214765
midrange,1000000,100,coordinated,Calgary-Saskatoon,8,27,80.0,CAL-SAS:1;CAL-SAS:2;CAL-SAS:3;CAL-SAS:4;CAL-SAS:5;CAL-SAS:6;CAL-SAS:7,0.04279211619645008,4.042343925260858,2.6009898083670366,-28.02033990725804
midrange,1000000,100,coordinated,Edmonton-Saskatoon,7,52,75.7,EDM-SAS:1;EDM-SAS:2;EDM-SAS:3;EDM-SAS:4;EDM-SAS:5;EDM-SAS:6,0.11641349920555381,6.1598551387560025,4.786900317244977,-13.027614838023114
midrange,1000000,100,coordinated,Kamloops-Kelowna,3,27,63.3,KAM-KEL:1;KAM-KEL:2,0.16394459283656687,9.277588385649226,8.407481921047328,3.722996037763886
midrange,1000000,100,coordinated,Kamloops-Vancouver,5,52,72.0,VAN-KAM:4;VAN-KAM:3;VAN-KAM:2;VAN-KAM:1,0.15703748946090484,7.915761035959486,6.726772224618486,-3.3164229104002994
midrange,1000000,100,coordinated,Kelowna-Vancouver,5,27,78.0,VAN-KEL:4;VAN-KEL:3;VAN-KEL:2;VAN-KEL:1,0.050276352689897476,6.272603920055517,5.082778183160729,-11.157321096918599
midrange,1000000,100,coordinated,Montreal-Ottawa,3,27,66.7,OTT-MON:2;OTT-MON:1,0.12532289850754513,8.890030107912368,8.018887175336305,2.6388487205231295
midrange,1000000,100,coordinated,Montreal-Toronto,7,27,77.1,TOR-MON:6;TOR-MON:5;TOR-MON:4;TOR-MON:3;TOR-MON:2;TOR-MON:1,0.05387208250415978,5.04820651803401,3.675075767693187,-20.498691852829698
midrange,1000000,100,coordinated,Ottawa-Toronto,6,52,75.0,TOR-OTT:5;TOR-OTT:4;TOR-OTT:3;TOR-OTT:2;TOR-OTT:1,0.12331143269440609,6.90842189886801,5.617323921968148,-8.708251577425306
midrange,1000000,100,ext,Calgary-Edmonton,4,100,75.0,CAL-EDM:1;CAL-EDM:2;CAL-EDM:3,0.23713737056616555,9.162872839516778,8.10566292277757,2.2698425220726883
midrange,1000000,100,ext,Kamloops-Kelowna,3,100,63.3,KAM-KEL:1;KAM-KEL:2,0.6072021956909884,11.166557073260481,10.296450608658583,8.517707569497244
midrange,1000000,100,ext,Montreal-Ottawa,3,100,66.7,OTT-MON:2;OTT-MON:1,0.46415888336127825,10.778998795523625,9.90785586294756,7.620491828563703
midrange,40,100,paper,Calgary-Edmonton,4,27,75.0,CAL-EDM:1;CAL-EDM:2;CAL-EDM:3,0.0640270900528647,7.273904151905522,6.216694235166315,-4.7987412247068075
midrange,40,100,paper,Calgary-Kamloops,8,27,75.0,KAM-CAL:7;KAM-CAL:6;KAM-CAL:5;KAM-CAL:4;KAM-CAL:3;KAM-CAL:2;KAM-CAL:1,0.0640270900528647,4.6236813418661455,3.182895487635551,-23.486785674495366
midrange,40,100,paper,Calgary-Kelowna,8,14,76.2,KEL-CAL:7;KEL-CAL:6;KEL-CAL:5;KEL-CAL:4;KEL-CAL:3;KEL-CAL:2;KEL-CAL:1,0.030017743045081,3.5308144076089585,2.089864318681953,-32.03606354367555
midrange,40,100,paper,Calgary-Saskatoon,11,27,75.7,CAL-EDM:1;CAL-EDM:2;CAL-EDM:3;Edmonton;EDM-SAS:1;EDM-SAS:2;EDM-SAS:3;EDM-SAS:4;EDM-SAS:5;EDM-SAS:6,0.06044547074134525,2.4536904546511096,0.8895490720148128,-38.16616347323427
midrange,40,100,paper,Edmonton-Kamloops,12,14,75.0,CAL-EDM:3;CAL-EDM:2;CAL-EDM:1;Calgary;KAM-CAL:7;KAM-CAL:6;KAM-CAL:5;KAM-CAL:4;KAM-CAL:3;KAM-CAL:2;KAM-CAL:1,0.03319923187926317,0.8629876070056751,-0.7690902659996443,-53.44315720454265
midrange,40,100,paper,Edmonton-Saskatoon,7,52,75.7,EDM-SAS:1;EDM-SAS:2;EDM-SAS:3;EDM-SAS:4;EDM-SAS:5;EDM-SAS:6,0.11641349920555381,6.1598551387560025,4.786900317244977,-13.027614838023114
midrange,40,100,paper,Kamloops-Kelowna,3,27,63.3,KAM-KEL:1;KAM-KEL:2,0.16394459283656687,9.277588385649226,8.407481921047328,3.722996037763886
midrange,40,100,paper,Kamloops-Vancouver,5,27,72.0,VAN-KAM:4;VAN-KAM:3;VAN-KAM:2;VAN-KAM:1,0.08153869645085443,6.970208819981862,5.781220008640862,-7.776899741125049
midrange,40,100,paper,Kelowna-Vancouver,8,52,72.0,KAM-KEL:2;KAM-KEL:1;Kamloops;VAN-KAM:4;VAN-KAM:3;VAN-KAM:2;VAN-KAM:1,0.15703748946090484,5.9180360078069425,4.6888872563889255,-10.957776046520584
midrange,40,100,paper,Montreal-Ottawa,3,52,66.7,OTT-MON:2;OTT-MON:1,0.24136261934786468,9.835582323889993,8.964439391313928,5.233347787440292
midrange,40,100,paper,Montreal-Toronto,9,27,75.0,OTT-MON:2;OTT-MON:1;Ottawa;TOR-OTT:5;TOR-OTT:4;TOR-OTT:3;TOR-OTT:2;TOR-OTT:1,0.0640270900528647,3.940385967991925,2.6179781377078823,-25.398931219817825
midrange,40,100,paper,Ottawa-Toronto,6,27,75.0,TOR-OTT:5;TOR-OTT:4;TOR-OTT:3;TOR-OTT:2;TOR-OTT:1,0.0640270900528647,5.962869682890386,4.6717717059905235,-14.128687141477732
midrange,40,100,coordinated,Calgary-Edmonton,4,27,75.0,CAL-EDM:1;CAL-EDM:2;CAL-EDM:3,0.0640270900528647,7.273904151905522,6.216694235166315,-4.7987412247068075
midrange,40,100,coordinated,Calgary-Kamloops,8,27,75.0,KAM-CAL:7;KAM-CAL:6;KAM-CAL:5;KAM-CAL:4;KAM-CAL:3;KAM-CAL:2;KAM-CAL:1,0.0640270900528647,4.6236813418661455,3.182895487635551,-23.486785674495366
midrange,40,100,coordinated,Calgary-Saskatoon,11,27,75.7,CAL-EDM:1;CAL-EDM:2;CAL-EDM:3;Edmonton;EDM-SAS:1;EDM-SAS:2;EDM-SAS:3;EDM-SAS:4;EDM-SAS:5;EDM-SAS:6,0.06044547074134525,2.4536904546511096,0.8895490720148128,-38.16616347323427
midrange,40,100,coordinated,Edmonton-Saskatoon,7,52,75.7,EDM-SAS:1;EDM-SAS:2;EDM-SAS:3;EDM-SAS:4;EDM-SAS:5;EDM-SAS:6,0.11641349920555381,6.1598551387560025,4.786900317244977,-13.027614838023114
midrange,40,100,coordinated,Kamloops-Kelowna,3,27,63.3,KAM-KEL:1;KAM-KEL:2,0.16394459283656687,9.277588385649226,8.407481921047328,3.722996037763886
midrange,40,100,coordinated,Kamloops-Vancouver,5,27,72.0,VAN-KAM:4;VAN-KAM:3;VAN-KAM:2;VAN-KAM:1,0.08153869645085443,6.970208819981862,5.781220008640862,-7.776899741125049
midrange,40,100,coordinated,Kelowna-Vancouver,5,52,78.0,VAN-KEL:4;VAN-KEL:3;VAN-KEL:2;VAN-KEL:1,0.09682853110646922,7.218156136033142,6.028330399138352,-6.5955558203011915
midrange,40,100,coordinated,Montreal-Ottawa,3,27,66.7,OTT-MON:2;OTT-MON:1,0.12532289850754513,8.890030107912368,8.018887175336305,2.6388487205231295
midrange,40,100,coordinated,Montreal-Toronto,7,27,77.1,TOR-MON:6;TOR-MON:5;TOR-MON:4;TOR-MON:3;TOR-MON:2;TOR-MON:1,0.05387208250415978,5.04820651803401,3.675075767693187,-20.498691852829698
midrange,40,100,coordinated,Ottawa-Toronto,6,52,75.0,TOR-OTT:5;TOR-OTT:4;TOR-OTT:3;TOR-OTT:2;TOR-OTT:1,0.12331143269440609,6.90842189886801,5.617323921968148,-8.708251577425306
midrange,40,100,ext,Calgary-Edmonton,4,100,75.0,CAL-EDM:1;CAL-EDM:2;CAL-EDM:3,0.23713737056616555,9.162872839516778,8.10566292277757,2.2698425220726883
midrange,40,100,ext,Kamloops-Kelowna,3,100,63.3,KAM-KEL:1;KAM-KEL:2,0.6072021956909884,11.166557073260481,10.296450608658583,8.517707569497244
midrange,40,100,ext,Montreal-Ottawa,3,100,66.7,OTT-MON:2;OTT-MON:1,0.46415888336127825,10.778998795523625,9.90785586294756,7.620491828563703
midrange,30,100,paper,Calgary-Edmonton,4,27,75.0,CAL-EDM:1;CAL-EDM:2;CAL-EDM:3,0.0640270900528647,7.273904151905522,6.216694235166315,-4.7987412247068075
midrange,30,100,paper,Calgary-Saskatoon,11,27,75.7,CAL-EDM:1;CAL-EDM:2;CAL-EDM:3;Edmonton;EDM-SAS:1;EDM-SAS:2;EDM-SAS:3;EDM-SAS:4;EDM-SAS:5;EDM-SAS:6,0.06044547074134525,2.4536904546511096,0.8895490720148128,-38.16616347323427
midrange,30,100,paper,Edmonton-Saskatoon,7,52,75.7,EDM-SAS:1;EDM-SAS:2;EDM-SAS:3;EDM-SAS:4;EDM-SAS:5;EDM-SAS:6,0.11641349920555381,6.1598551387560025,4.786900317244977,-13.027614838023114
midrange,30,100,paper,Kamloops-Kelowna,3,27,63.3,KAM-KEL:1;KAM-KEL:2,0.16394459283656687,9.277588385649226,8.407481921047328,3.722996037763886
midrange,30,100,paper,Kamloops-Vancouver,5,27,72.0,VAN-KAM:4;VAN-KAM:3;VAN-KAM:2;VAN-KAM:1,0.08153869645085443,6.970208819981862,5.781220008640862,-7.776899741125049
midrange,30,100,paper,Kelowna-Vancouver,5,52,78.0,VAN-KEL:4;VAN-KEL:3;VAN-KEL:2;VAN-KEL:1,0.09682853110646922,7.218156136033142,6.028330399138352,-6.5955558203011915
midrange,30,100,paper,Montreal-Ottawa,3,27,66.7,OTT-MON:2;OTT-MON:1,0.12532289850754513,8.890030107912368,8.018887175336305,2.6388487205231295
midrange,30,100,paper,Montreal-Toronto,9,52,75.0,OTT-MON:2;OTT-MON:1;Ottawa;TOR-OTT:5;TOR-OTT:4;TOR-OTT:3;TOR-OTT:2;TOR-OTT:1,0.12331143269440609,4.885938183969548,3.563530353685506,-17.385834210637146
midrange,30,100,paper,Ottawa-Toronto,6,27,75.0,TOR-OTT:5;TOR-OTT:4;TOR-OTT:3;TOR-OTT:2;TOR-OTT:1,0.0640270900528647,5.962869682890386,4.6717717059905235,-14.128687141477732
midrange,30,100,coordinated,Calgary-Edmonton,4,27,75.0,CAL-EDM:1;CAL-EDM:2;CAL-EDM:3,0.0640270900528647,7.273904151905522,6.216694235166315,-4.7987412247068075
midrange,30,100,coordinated,Calgary-Saskatoon,11,27,75.7,CAL-EDM:1;CAL-EDM:2;CAL-EDM:3;Edmonton;EDM-SAS:1;EDM-SAS:2;EDM-SAS:3;EDM-SAS:4;EDM-SAS:5;EDM-SAS:6,0.06044547074134525,2.4536904546511096,0.8895490720148128,-38.16616347323427
midrange,30,100,coordinated,Edmonton-Saskatoon,7,52,75.7,EDM-SAS:1;EDM-SAS:2;EDM-SAS:3;EDM-SAS:4;EDM-SAS:5;EDM-SAS:6,0.11641349920555381,6.1598551387560025,4.786900317244977,-13.027614838023114
midrange,30,100,coordinated,Kamloops-Kelowna,3,27,63.3,KAM-KEL:1;KAM-KEL:2,0.16394459283656687,9.277588385649226,8.407481921047328,3.722996037763886
midrange,30,100,coordinated,Kamloops-Vancouver,5,27,72.0,VAN-KAM:4;VAN-KAM:3;VAN-KAM:2;VAN-KAM:1,0.08153869645085443,6.970208819981862,5.781220008640862,-7.776899741125049
midrange,30,100,coordinated,Kelowna-Vancouver,5,52,78.0,VAN-KEL:4;VAN-KEL:3;VAN-KEL:2;VAN-KEL:1,0.09682853110646922,7.218156136033142,6.028330399138352,-6.5955558203011915
midrange,30,100,coordinated,Montreal-Ottawa,3,27,66.7,OTT-MON:2;OTT-MON:1,0.12532289850754513,8.890030107912368,8.018887175336305,2.6388487205231295
midrange,30,100,coordinated,Montreal-Toronto,9,52,75.0,OTT-MON:2;OTT-MON:1;Ottawa;TOR-OTT:5;TOR-OTT:4;TOR-OTT:3;TOR-OTT:2;TOR-OTT:1,0.12331143269440609,4.885938183969548,3.563530353685506,-17.385834210637146
midrange,30,100,coordinated,Ottawa-Toronto,6,27,75.0,TOR-OTT:5;TOR-OTT:4;TOR-OTT:3;TOR-OTT:2;TOR-OTT:1,0.0640270900528647,5.962869682890386,4.6717717059905235,-14.128687141477732
midrange,30,100,ext,Calgary-Edmonton,4,100,75.0,CAL-EDM:1;CAL-EDM:2;CAL-EDM:3,0.23713737056616555,9.162872839516778,8.10566292277757,2.2698425220726883
midrange,30,100,ext,Kamloops-Kelowna,3,100,63.3,KAM-KEL:1;KAM-KEL:2,0.6072021956909884,11.166557073260481,10.296450608658583,8.517707569497244
midrange,30,100,ext,Montreal-Ottawa,3,100,66.7,OTT-MON:2;OTT-MON:1,0.46415888336127825,10.778998795523625,9.90785586294756,7.620491828563703
midrange,20,100,paper,Calgary-Edmonton,4,100,75.0,CAL-EDM:1;CAL-EDM:2;CAL-EDM:3,0.23713737056616555,9.162872839516778,8.10566292277757,2.2698425220726883
midrange,20,100,paper,Kamloops-Kelowna,3,27,63.3,KAM-KEL:1;KAM-KEL:2,0.16394459283656687,9.277588385649226,8.407481921047328,3.722996037763886
midrange,20,100,paper,Kamloops-Vancouver,5,27,72.0,VAN-KAM:4;VAN-KAM:3;VAN-KAM:2;VAN-KAM:1,0.08153869645085443,6.970208819981862,5.781220008640862,-7.776899741125049
midrange,20,100,paper,Kelowna-Vancouver,8,52,72.0,KAM-KEL:2;KAM-KEL:1;Kamloops;VAN-KAM:4;VAN-KAM:3;VAN-KAM:2;VAN-KAM:1,0.15703748946090484,5.9180360078069425,4.6888872563889255,-10.957776046520584
midrange,20,100,paper,Montreal-Ottawa,3,52,66.7,OTT-MON:2;OTT-MON:1,0.24136261934786468,9.835582323889993,8.964439391313928,5.233347787440292
midrange,20,100,paper,Montreal-Toronto,9,27,75.0,OTT-MON:2;OTT-MON:1;Ottawa;TOR-OTT:5;TOR-OTT:4;TOR-OTT:3;TOR-OTT:2;TOR-OTT:1,0.0640270900528647,3.940385967991925,2.6179781377078823,-25.398931219817825
midrange,20,100,paper,Ottawa-Toronto,6,27,75.0,TOR-OTT:5;TOR-OTT:4;TOR-OTT:3;TOR-OTT:2;TOR-OTT:1,0.0640270900528647,5.962869682890386,4.6717717059905235,-14.128687141477732
midrange,20,100,coordinated,Calgary-Edmonton,4,100,75.0,CAL-EDM:1;CAL-EDM:2;CAL-EDM:3,0.23713737056616555,9.162872839516778,8.10566292277757,2.2698425220726883
midrange,20,100,coordinated,Kamloops-Kelowna,3,27,63.3,KAM-KEL:1;KAM-KEL:2,0.16394459283656687,9.277588385649226,8.407481921047328,3.722996037763886
midrange,20,100,coordinated,Kamloops-Vancouver,5,52,72.0,VAN-KAM:4;VAN-KAM:3;VAN-KAM:2;VAN-KAM:1,0.15703748946090484,7.915761035959486,6.726772224618486,-3.3164229104002994
midrange,20,100,coordinated,Kelowna-Vancouver,8,27,72.0,KAM-KEL:2;KAM-KEL:1;Kamloops;VAN-KAM:4;VAN-KAM:3;VAN-KAM:2;VAN-KAM:1,0.08153869645085443,4.972483791829318,3.743335040411302,-17.938599761216953
midrange,20,100,coordinated,Montreal-Ottawa,3,27,66.7,OTT-MON:2;OTT-MON:1,0.12532289850754513,8.890030107912368,8.018887175336305,2.6388487205231295
midrange,20,100,coordinated,Montreal-Toronto,9,52,75.0,OTT-MON:2;OTT-MON:1;Ottawa;TOR-OTT:5;TOR-OTT:4;TOR-OTT:3;TOR-OTT:2;TOR-OTT:1,0.12331143269440609,4.885938183969548,3.563530353685506,-17.385834210637146
midrange,20,100,coordinated,Ottawa-Toronto,6,27,75.0,TOR-OTT:5;TOR-OTT:4;TOR-OTT:3;TOR-OTT:2;TOR-OTT:1,0.0640270900528647,5.962869682890386,4.6717717059905235,-14.128687141477732
midrange,20,100,ext,Calgary-Edmonton,4,100,75.0,CAL-EDM:1;CAL-EDM:2;CAL-EDM:3,0.23713737056616555,9.162872839516778,8.10566292277757,2.2698425220726883
midrange,20,100,ext,Kamloops-Kelowna,3,100,63.3,KAM-KEL:1;KAM-KEL:2,0.6072021956909884,11.166557073260481,10.296450608658583,8.517707569497244
midrange,20,100,ext,Montreal-Ottawa,3,100,66.7,OTT-MON:2;OTT-MON:1,0.46415888336127825,10.778998795523625,9.90785586294756,7.620491828563703
midrange,15,100,paper,Calgary-Edmonton,4,100,75.0,CAL-EDM:1;CAL-EDM:2;CAL-EDM:3,0.23713737056616555,9.162872839516778,8.10566292277757,2.2698425220726883
midrange,15,100,paper,Kamloops-Kelowna,3,27,63.3,KAM-KEL:1;KAM-KEL:2,0.16394459283656687,9.277588385649226,8.407481921047328,3.722996037763886
midrange,15,100,paper,Kamloops-Vancouver,5,52,72.0,VAN-KAM:4;VAN-KAM:3;VAN-KAM:2;VAN-KAM:1,0.15703748946090484,7.915761035959486,6.726772224618486,-3.3164229104002994
midrange,15,100,paper,Kelowna-Vancouver,5,27,78.0,VAN-KEL:4;VAN-KEL:3;VAN-KEL:2;VAN-KEL:1,0.050276352689897476,6.272603920055517,5.082778183160729,-11.157321096918599
midrange,15,100,paper,Montreal-Ottawa,3,100,66.7,OTT-MON:2;OTT-MON:1,0.46415888336127825,10.778998795523625,9.90785586294756,7.620491828563703
midrange,15,100,coordinated,Calgary-Edmonton,4,100,75.0,CAL-EDM:1;CAL-EDM:2;CAL-EDM:3,0.23713737056616555,9.162872839516778,8.10566292277757,2.2698425220726883
midrange,15,100,coordinated,Kamloops-Kelowna,3,52,63.3,KAM-KEL:1;KAM-KEL:2,0.31574514175931395,10.22314060162685,9.35303413702495,6.247302309227804
midrange,15,100,coordinated,Kamloops-Vancouver,5,27,72.0,VAN-KAM:4;VAN-KAM:3;VAN-KAM:2;VAN-KAM:1,0.08153869645085443,6.970208819981862,5.781220008640862,-7.776899741125049
midrange,15,100,coordinated,Kelowna-Vancouver,5,27,78.0,VAN-KEL:4;VAN-KEL:3;VAN-KEL:2;VAN-KEL:1,0.050276352689897476,6.272603920055517,5.082778183160729,-11.157321096918599
midrange,15,100,coordinated,Montreal-Ottawa,3,100,66.7,OTT-MON:2;OTT-MON:1,0.46415888336127825,10.778998795523625,9.90785586294756,7.620491828563703
midrange,15,100,ext,Calgary-Edmonton,4,100,75.0,CAL-EDM:1;CAL-EDM:2;CAL-EDM:3,0.23713737056616555,9.162872839516778,8.10566292277757,2.2698425220726883
midrange,15,100,ext,Kamloops-Kelowna,3,100,63.3,KAM-KEL:1;KAM-KEL:2,0.6072021956909884,11.166557073260481,10.296450608658583,8.517707569497244
midrange,15,100,ext,Montreal-Ottawa,3,100,66.7,OTT-MON:2;OTT-MON:1,0.46415888336127825,10.778998795523625,9.90785586294756,7.620491828563703
midrange,10,100,paper,Calgary-Edmonton,2,100,150.0,CAL-EDM:2,0.0005623413251903491,1.732643558202339,1.147656290915643,-9.064425776830403
midrange,10,100,paper,Kamloops-Kelowna,3,52,63.3,KAM-KEL:1;KAM-KEL:2,0.31574514175931395,10.22314060162685,9.35303413702495,6.247302309227804
midrange,10,100,paper,Kamloops-Vancouver,5,27,72.0,VAN-KAM:4;VAN-KAM:3;VAN-KAM:2;VAN-KAM:1,0.08153869645085443,6.970208819981862,5.781220008640862,-7.776899741125049
midrange,10,100,paper,Kelowna-Vancouver,8,27,72.0,KAM-KEL:2;KAM-KEL:1;Kamloops;VAN-KAM:4;VAN-KAM:3;VAN-KAM:2;VAN-KAM:1,0.08153869645085443,4.972483791829318,3.743335040411302,-17.938599761216953
midrange,10,100,paper,Montreal-Ottawa,3,100,66.7,OTT-MON:2;OTT-MON:1,0.46415888336127825,10.778998795523625,9.90785586294756,7.620491828563703
midrange,10,100,coordinated,Calgary-Edmonton,2,100,150.0,CAL-EDM:2,0.0005623413251903491,1.732643558202339,1.147656290915643,-9.064425776830403
midrange,10,100,coordinated,Kamloops-Kelowna,3,27,63.3,KAM-KEL:1;KAM-KEL:2,0.16394459283656687,9.277588385649226,8.407481921047328,3.722996037763886
midrange,10,100,coordinated,Kamloops-Vancouver,5,52,72.0,VAN-KAM:4;VAN-KAM:3;VAN-KAM:2;VAN-KAM:1,0.15703748946090484,7.915761035959486,6.726772224618486,-3.3164229104002994
midrange,10,100,coordinated,Kelowna-Vancouver,8,27,72.0,KAM-KEL:2;KAM-KEL:1;Kamloops;VAN-KAM:4;VAN-KAM:3;VAN-KAM:2;VAN-KAM:1,0.08153869645085443,4.972483791829318,3.743335040411302,-17.938599761216953
midrange,10,100,coordinated,Montreal-Ottawa,3,100,66.7,OTT-MON:2;OTT-MON:1,0.46415888336127825,10.778998795523625,9.90785586294756,7.620491828563703
midrange,10,100,ext,Calgary-Edmonton,4,100,75.0,CAL-EDM:1;CAL-EDM:2;CAL-EDM:3,0.23713737056616555,9.162872839516778,8.10566292277757,2.2698425220726883
midrange,10,100,ext,Kamloops-Kelowna,3,100,63.3,KAM-KEL:1;KAM-KEL:2,0.6072021956909884,11.166557073260481,10.296450608658583,8.517707569497244
midrange,10,100,ext,Montreal-Ottawa,3,100,66.7,OTT-MON:2;OTT-MON:1,0.46415888336127825,10.778998795523625,9.90785586294756,7.620491828563703
midrange,6,100,paper,Calgary-Edmonton,4,100,75.0,CAL-EDM:1;CAL-EDM:2;CAL-EDM:3,0.23713737056616555,9.162872839516778,8.10566292277757,2.2698425220726883
midrange,6,100,paper,Kamloops-Kelowna,2,100,126.7,KAM-KEL:1,0.0036869450645195738,4.445551502360351,4.445453751209526,3.3111649064041155
midrange,6,100,paper,Montreal-Ottawa,3,100,66.7,OTT-MON:2;OTT-MON:1,0.46415888336127825,10.778998795523625,9.90785586294756,7.620491828563703
midrange,6,100,coordinated,Calgary-Edmonton,4,100,75.0,CAL-EDM:1;CAL-EDM:2;CAL-EDM:3,0.23713737056616555,9.162872839516778,8.10566292277757,2.2698425220726883
midrange,6,100,coordinated,Kamloops-Kelowna,2,100,126.7,KAM-KEL:2,0.0036869450645195738,4.445551502360351,4.445453751209526,3.3111649064041155
midrange,6,100,coordinated,Montreal-Ottawa,3,100,66.7,OTT-MON:2;OTT-MON:1,0.46415888336127825,10.778998795523625,9.90785586294756,7.620491828563703
midrange,6,100,ext,Kamloops-Kelowna,3,100,63.3,KAM-KEL:1;KAM-KEL:2,0.6072021956909884,11.166557073260481,10.296450608658583,8.517707569497244
midrange,6,100,ext,Montreal-Ottawa,3,100,66.7,OTT-MON:2;OTT-MON:1,0.46415888336127825,10.778998795523625,9.90785586294756,7.620491828563703
projected,1000000,100,paper,Calgary-Edmonton,4,27,75.0,CAL-EDM:1;CAL-EDM:2;CAL-EDM:3,0.0640270900528647,12.399288867945556,11.342078951206348,0.3266434913332261
projected,1000000,100,paper,Calgary-Kamloops,8,27,75.0,KAM-CAL:7;KAM-CAL:6;KAM-CAL:5;KAM-CAL:4;KAM-CAL:3;KAM-CAL:2;KAM-CAL:1,0.0640270900528647,12.07998430502236,10.639198450791765,-16.03048271133915
projected,1000000,100,paper,Calgary-Kelowna,8,14,76.2,KEL-CAL:7;KEL-CAL:6;KEL-CAL:5;KEL-CAL:4;KEL-CAL:3;KEL-CAL:2;KEL-CAL:1,0.030017743045081,10.987117370765173,9.546167281838168,-24.579760580519334
projected,1000000,100,paper,Calgary-Saskatoon,11,14,75.7,CAL-EDM:1;CAL-EDM:2;CAL-EDM:3;Edmonton;EDM-SAS:1;EDM-SAS:2;EDM-SAS:3;EDM-SAS:4;EDM-SAS:5;EDM-SAS:6,0.03134209593995679,10.80984067750282,9.245699294866522,-39.05101165823067
projected,1000000,100,paper,Calgary-Vancouver,13,14,75.0,KAM-CAL:7;KAM-CAL:6;KAM-CAL:5;KAM-CAL:4;KAM-CAL:3;KAM-CAL:2;KAM-CAL:1;Kamloops;VAN-KAM:4;VAN-KAM:3;VAN-KAM:2;VAN-KAM:1,0.03319923187926317,10.73313945438532,9.17346369461714,-46.79418405666793
projected,1000000,100,paper,Edmonton-Kamloops,12,14,75.0,CAL-EDM:3;CAL-EDM:2;CAL-EDM:1;Calgary;KAM-CAL:7;KAM-CAL:6;KAM-CAL:5;KAM-CAL:4;KAM-CAL:3;KAM-CAL:2;KAM-CAL:1,0.03319923187926317,10.813018283154017,9.180940410148699,-43.493126528394306
projected,1000000,100,paper,Edmonton-Kelowna,12,14,76.2,CAL-EDM:3;CAL-EDM:2;CAL-EDM:1;Calgary;KEL-CAL:7;KEL-CAL:6;KEL-CAL:5;KEL-CAL:4;KEL-CAL:3;KEL-CAL:2;KEL-CAL:1,0.030017743045081,10.667683929002695,9.07957086848029,-44.63881106847183
projected,1000000,100,paper,Edmonton-Saskatoon,7,27,75.7,EDM-SAS:1;EDM-SAS:2;EDM-SAS:3;EDM-SAS:4;EDM-SAS:5;EDM-SAS:6,0.06044547074134525,12.076774216672725,10.7038193951617,-12.505259329549341
projected,1000000,100,paper,Edmonton-Vancouver,17,14,75.0,CAL-EDM:3;CAL-EDM:2;CAL-EDM:1;Calgary;KAM-CAL:7;KAM-CAL:6;KAM-CAL:5;KAM-CAL:4;KAM-CAL:3;KAM-CAL:2;KAM-CAL:1;Kamloops;VAN-KAM:4;VAN-KAM:3;VAN-KAM:2;VAN-KAM:1,0.03319923187926317,10.413540909147923,8.711612151877333,-66.85339964809535
projected,1000000,100,paper,Kamloops-Kelowna,3,14,63.3,KAM-KEL:1;KAM-KEL:2,0.08500830739673838,12.88801658820359,12.01791012360169,5.6055603181206575
projected,1000000,100,paper,Kamloops-Saskatoon,19,14,75.7,KAM-CAL:1;KAM-CAL:2;KAM-CAL:3;KAM-CAL:4;KAM-CAL:5;KAM-CAL:6;KAM-CAL:7;Calgary;CAL-EDM:1;CAL-EDM:2;CAL-EDM:3;Edmonton;EDM-SAS:1;EDM-SAS:2;EDM-SAS:3;EDM-SAS:4;EDM-SAS:5;EDM-SAS:6,0.03134209593995679,10.170642849511564,8.396089490017832,-79.16944357860196
projected,1000000,100,paper,Kamloops-Vancouver,5,27,72.0,VAN-KAM:4;VAN-KAM:3;VAN-KAM:2;VAN-KAM:1,0.08153869645085443,12.668277107398097,11.479288296057097,-2.0788314537088133
projected,1000000,100,paper,Kelowna-Saskatoon,16,27,80.0,KEL-CAL:1;KEL-CAL:2;KEL-CAL:3;KEL-CAL:4;KEL-CAL:5;KEL-CAL:6;KEL-CAL:7;Calgary;CAL-SAS:1;CAL-SAS:2;CAL-SAS:3;CAL-SAS:4;CAL-SAS:5;CAL-SAS:6;CAL-SAS:7,0.04279211619645008,10.859648285317652,9.273918172684612,-54.407537898198555
projected,1000000,100,paper,Kelowna-Vancouver,8,27,72.0,KAM-KEL:2;KAM-KEL:1;Kamloops;VAN-KAM:4;VAN-KAM:3;VAN-KAM:2;VAN-KAM:1,0.08153869645085443,12.428786754985534,11.199638003567518,-10.482296798060737
projected,1000000,100,paper,Montreal-Ottawa,3,27,66.7,OTT-MON:2;OTT-MON:1,0.12532289850754513,13.447990890572596,12.57684795799653,7.196809503183356
projected,1000000,100,paper,Montreal-Toronto,9,52,75.0,OTT-MON:2;OTT-MON:1;Ottawa;TOR-OTT:5;TOR-OTT:4;TOR-OTT:3;TOR-OTT:2;TOR-OTT:1,0.12331143269440609,12.945690352459057,11.623282522175014,-9.326082042147638
projected,1000000,100,paper,Ottawa-Toronto,6,27,75.0,TOR-OTT:5;TOR-OTT:4;TOR-OTT:3;TOR-OTT:2;TOR-OTT:1,0.0640270900528647,12.239652522105095,10.948554545205234,-7.851904302263023
projected,1000000,100,paper,Saskatoon-Vancouver,19,14,144.0,CAL-SAS:7;CAL-SAS:6;CAL-SAS:5;CAL-SAS:4;CAL-SAS:3;CAL-SAS:2;CAL-SAS:1;Calgary;KAM-CAL:7;KAM-CAL:6;KAM-CAL:5;KAM-CAL:4;KAM-CAL:3;KAM-CAL:2;KAM-CAL:1;Kamloops;VAN-KAM:3;VAN-KAM:1,0.00012768151750982735,2.231234702730766,1.6461972095053174,-98.84659951853908
projected,1000000,100,coordinated,Calgary-Edmonton,4,27,75.0,CAL-EDM:1;CAL-EDM:2;CAL-EDM:3,0.0640270900528647,12.399288867945556,11.342078951206348,0.3266434913332261
projected,1000000,100,coordinated,Calgary-Kamloops,8,27,75.0,KAM-CAL:7;KAM-CAL:6;KAM-CAL:5;KAM-CAL:4;KAM-CAL:3;KAM-CAL:2;KAM-CAL:1,0.0640270900528647,12.07998430502236,10.639198450791765,-16.03048271133915
projected,1000000,100,coordinated,Calgary-Kelowna,8,14,76.2,KEL-CAL:7;KEL-CAL:6;KEL-CAL:5;KEL-CAL:4;KEL-CAL:3;KEL-CAL:2;KEL-CAL:1,0.030017743045081,10.987117370765173,9.546167281838168,-24.579760580519334
projected,1000000,100,coordinated,Calgary-Saskatoon,11,14,75.7,CAL-EDM:1;CAL-EDM:2;CAL-EDM:3;Edmonton;EDM-SAS:1;EDM-SAS:2;EDM-SAS:3;EDM-SAS:4;EDM-SAS:5;EDM-SAS:6,0.03134209593995679,10.80984067750282,9.245699294866522,-39.05101165823067
projected,1000000,100,coordinated,Calgary-Vancouver,13,14,75.0,KAM-CAL:7;KAM-CAL:6;KAM-CAL:5;KAM-CAL:4;KAM-CAL:3;KAM-CAL:2;KAM-CAL:1;Kamloops;VAN-KAM:4;VAN-KAM:3;VAN-KAM:2;VAN-KAM:1,0.03319923187926317,10.73313945438532,9.17346369461714,-46.79418405666793
projected,1000000,100,coordinated,Edmonton-Kamloops,12,14,75.0,CAL-EDM:3;CAL-EDM:2;CAL-EDM:1;Calgary;KAM-CAL:7;KAM-CAL:6;KAM-CAL:5;KAM-CAL:4;KAM-CAL:3;KAM-CAL:2;KAM-CAL:1,0.03319923187926317,10.813018283154017,9.180940410148699,-43.493126528394306
projected,1000000,100,coordinated,Edmonton-Kelowna,12,14,76.2,CAL-EDM:3;CAL-EDM:2;CAL-EDM:1;Calgary;KEL-CAL:7;KEL-CAL:6;KEL-CAL:5;KEL-CAL:4;KEL-CAL:3;KEL-CAL:2;KEL-CAL:1,0.030017743045081,10.667683929002695,9.07957086848029,-44.63881106847183
projected,1000000,100,coordinated,Edmonton-Saskatoon,7,27,75.7,EDM-SAS:1;EDM-SAS:2;EDM-SAS:3;EDM-SAS:4;EDM-SAS:5;EDM-SAS:6,0.06044547074134525,12.076774216672725,10.7038193951617,-12.505259329549341
projected,1000000,100,coordinated,Edmonton-Vancouver,17,14,75.0,CAL-EDM:3;CAL-EDM:2;CAL-EDM:1;Calgary;KAM-CAL:7;KAM-CAL:6;KAM-CAL:5;KAM-CAL:4;KAM-CAL:3;KAM-CAL:2;KAM-CAL:1;Kamloops;VAN-KAM:4;VAN-KAM:3;VAN-KAM:2;VAN-KAM:1,0.03319923187926317,10.413540909147923,8.711612151877333,-66.85339964809535
projected,1000000,100,coordinated,Kamloops-Kelowna,3,14,63.3,KAM-KEL:1;KAM-KEL:2,0.08500830739673838,12.88801658820359,12.01791012360169,5.6055603181206575
projected,1000000,100,coordinated,Kamloops-Saskatoon,19,14,75.7,KAM-CAL:1;KAM-CAL:2;KAM-CAL:3;KAM-CAL:4;KAM-CAL:5;KAM-CAL:6;KAM-CAL:7;Calgary;CAL-EDM:1;CAL-EDM:2;CAL-EDM:3;Edmonton;EDM-SAS:1;EDM-SAS:2;EDM-SAS:3;EDM-SAS:4;EDM-SAS:5;EDM-SAS:6,0.03134209593995679,10.170642849511564,8.396089490017832,-79.16944357860196
projected,1000000,100,coordinated,Kamloops-Vancouver,5,27,72.0,VAN-KAM:4;VAN-KAM:3;VAN-KAM:2;VAN-KAM:1,0.08153869645085443,12.668277107398097,11.479288296057097,-2.0788314537088133
projected,1000000,100,coordinated,Kelowna-Saskatoon,16,27,80.0,KEL-CAL:1;KEL-CAL:2;KEL-CAL:3;KEL-CAL:4;KEL-CAL:5;KEL-CAL:6;KEL-CAL:7;Calgary;CAL-SAS:1;CAL-SAS:2;CAL-SAS:3;CAL-SAS:4;CAL-SAS:5;CAL-SAS:6;CAL-SAS:7,0.04279211619645008,10.859648285317652,9.273918172684612,-54.407537898198555
projected,1000000,100,coordinated,Kelowna-Vancouver,8,27,72.0,KAM-KEL:2;KAM-KEL:1;Kamloops;VAN-KAM:4;VAN-KAM:3;VAN-KAM:2;VAN-KAM:1,0.08153869645085443,12.428786754985534,11.199638003567518,-10.482296798060737
projected,1000000,100,coordinated,Montreal-Ottawa,3,27,66.7,OTT-MON:2;OTT-MON:1,0.12532289850754513,13.447990890572596,12.57684795799653,7.196809503183356
projected,1000000,100,coordinated,Montreal-Toronto,9,27,75.0,OTT-MON:2;OTT-MON:1;Ottawa;TOR-OTT:5;TOR-OTT:4;TOR-OTT:3;TOR-OTT:2;TOR-OTT:1,0.0640270900528647,12.000138136481432,10.67773030619739,-17.33917905132832
projected,1000000,100,coordinated,Ottawa-Toronto,6,52,75.0,TOR-OTT:5;TOR-OTT:4;TOR-OTT:3;TOR-OTT:2;TOR-OTT:1,0.12331143269440609,13.185204738082719,11.894106761182856,-2.4314687382105977
projected,1000000,100,coordinated,Saskatoon-Vancouver,20,14,144.0,CAL-SAS:7;CAL-SAS:6;CAL-SAS:5;CAL-SAS:4;CAL-SAS:3;CAL-SAS:2;CAL-SAS:1;Calgary;KAM-CAL:7;KAM-CAL:6;KAM-CAL:5;KAM-CAL:4;KAM-CAL:3;KAM-CAL:2;KAM-CAL:1;Kamloops;VAN-KAM:4;VAN-KAM:2;VAN-KAM:1,0.00012768151750982735,2.151296963813545,2.1509869785217517,-95.1756073561661
projected,1000000,100,ext,Calgary-Edmonton,4,100,75.0,CAL-EDM:1;CAL-EDM:2;CAL-EDM:3,0.23713737056616555,14.288257555556811,13.231047638817605,7.395227238112722
projected,1000000,100,ext,Kamloops-Kelowna,3,100,63.3,KAM-KEL:1;KAM-KEL:2,0.6072021956909884,15.724517855920709,14.85441139131881,13.075668352157471
projected,1000000,100,ext,Montreal-Ottawa,3,100,66.7,OTT-MON:2;OTT-MON:1,0.46415888336127825,15.336959578183851,14.465816645607788,12.17845261122393
projected,40,100,paper,Calgary-Edmonton,4,27,75.0,CAL-EDM:1;CAL-EDM:2;CAL-EDM:3,0.0640270900528647,12.399288867945556,11.342078951206348,0.3266434913332261
projected,40,100,paper,Calgary-Kamloops,8,14,75.0,KAM-CAL:7;KAM-CAL:6;KAM-CAL:5;KAM-CAL:4;KAM-CAL:3;KAM-CAL:2;KAM-CAL:1,0.03319923187926317,11.132451724916496,9.691665870685902,-23.434076040441806
projected,40,100,paper,Calgary-Kelowna,8,14,76.2,KEL-CAL:7;KEL-CAL:6;KEL-CAL:5;KEL-CAL:4;KEL-CAL:3;KEL-CAL:2;KEL-CAL:1,0.030017743045081,10.987117370765173,9.546167281838168,-24.579760580519334
projected,40,100,paper,Calgary-Saskatoon,8,27,80.0,CAL-SAS:1;CAL-SAS:2;CAL-SAS:3;CAL-SAS:4;CAL-SAS:5;CAL-SAS:6;CAL-SAS:7,0.04279211619645008,11.498646888417072,10.057292771523251,-20.564036944101826
projected,40,100,paper,Calgary-Vancouver,13,14,75.0,KAM-CAL:7;KAM-CAL:6;KAM-CAL:5;KAM-CAL:4;KAM-CAL:3;KAM-CAL:2;KAM-CAL:1;Kamloops;VAN-KAM:4;VAN-KAM:3;VAN-KAM:2;VAN-KAM:1,0.03319923187926317,10.73313945438532,9.17346369461714,-46.79418405666793
projected,40,100,paper,Edmonton-Kamloops,12,14,75.0,CAL-EDM:3;CAL-EDM:2;CAL-EDM:1;Calgary;KAM-CAL:7;KAM-CAL:6;KAM-CAL:5;KAM-CAL:4;KAM-CAL:3;KAM-CAL:2;KAM-CAL:1,0.03319923187926317,10.813018283154017,9.180940410148699,-43.493126528394306
projected,40,100,paper,Edmonton-Kelowna,12,14,76.2,CAL-EDM:3;CAL-EDM:2;CAL-EDM:1;Calgary;KEL-CAL:7;KEL-CAL:6;KEL-CAL:5;KEL-CAL:4;KEL-CAL:3;KEL-CAL:2;KEL-CAL:1,0.030017743045081,10.667683929002695,9.07957086848029,-44.63881106847183
projected,40,100,paper,Edmonton-Saskatoon,12,14,80.0,CAL-EDM:3;CAL-EDM:2;CAL-EDM:1;Calgary;CAL-SAS:1;CAL-SAS:2;CAL-SAS:3;CAL-SAS:4;CAL-SAS:5;CAL-SAS:6;CAL-SAS:7,0.0221885046944556,10.23168086654873,8.730104616368255,-48.08499969280342
projected,40,100,paper,Edmonton-Vancouver,17,14,75.0,CAL-EDM:3;CAL-EDM:2;CAL-EDM:1;Calgary;KAM-CAL:7;KAM-CAL:6;KAM-CAL:5;KAM-CAL:4;KAM-CAL:3;KAM-CAL:2;KAM-CAL:1;Kamloops;VAN-KAM:4;VAN-KAM:3;VAN-KAM:2;VAN-KAM:1,0.03319923187926317,10.413540909147923,8.711612151877333,-66.85339964809535
projected,40,100,paper,Kamloops-Kelowna,3,27,63.3,KAM-KEL:1;KAM-KEL:2,0.16394459283656687,13.835549168309454,12.965442703707554,8.280956820424112
projected,40,100,paper,Kamloops-Saskatoon,16,14,80.0,KAM-CAL:1;KAM-CAL:2;KAM-CAL:3;KAM-CAL:4;KAM-CAL:5;KAM-CAL:6;KAM-CAL:7;Calgary;CAL-SAS:1;CAL-SAS:2;CAL-SAS:3;CAL-SAS:4;CAL-SAS:5;CAL-SAS:6;CAL-SAS:7,0.0221885046944556,9.912115705211788,8.363751611214953,-68.14418190033038
projected,40,100,paper,Kamloops-Vancouver,5,27,72.0,VAN-KAM:4;VAN-KAM:3;VAN-KAM:2;VAN-KAM:1,0.08153869645085443,12.668277107398097,11.479288296057097,-2.0788314537088133
projected,40,100,paper,Kelowna-Saskatoon,16,14,80.0,KEL-CAL:1;KEL-CAL:2;KEL-CAL:3;KEL-CAL:4;KEL-CAL:5;KEL-CAL:6;KEL-CAL:7;Calgary;CAL-SAS:1;CAL-SAS:2;CAL-SAS:3;CAL-SAS:4;CAL-SAS:5;CAL-SAS:6;CAL-SAS:7,0.0221885046944556,9.912115705211788,8.326385592578747,-69.2898664404079
projected,40,100,paper,Kelowna-Vancouver,8,27,72.0,KAM-KEL:2;KAM-KEL:1;Kamloops;VAN-KAM:4;VAN-KAM:3;VAN-KAM:2;VAN-KAM:1,0.08153869645085443,12.428786754985534,11.199638003567518,-10.482296798060737
projected,40,100,paper,Montreal-Ottawa,3,27,66.7,OTT-MON:2;OTT-MON:1,0.12532289850754513,13.447990890572596,12.57684795799653,7.196809503183356
projected,40,100,paper,Montreal-Toronto,9,52,75.0,OTT-MON:2;OTT-MON:1;Ottawa;TOR-OTT:5;TOR-OTT:4;TOR-OTT:3;TOR-OTT:2;TOR-OTT:1,0.12331143269440609,12.945690352459057,11.623282522175014,-9.326082042147638
projected,40,100,paper,Ottawa-Toronto,6,27,75.0,TOR-OTT:5;TOR-OTT:4;TOR-OTT:3;TOR-OTT:2;TOR-OTT:1,0.0640270900528647,12.239652522105095,10.948554545205234,-7.851904302263023
projected,40,100,paper,Saskatoon-Vancouver,19,14,144.0,CAL-SAS:7;CAL-SAS:6;CAL-SAS:5;CAL-SAS:4;CAL-SAS:3;CAL-SAS:2;CAL-SAS:1;Calgary;KAM-CAL:7;KAM-CAL:6;KAM-CAL:5;KAM-CAL:4;KAM-CAL:3;KAM-CAL:2;KAM-CAL:1;Kamloops;VAN-KAM:3;VAN-KAM:1,0.00012768151750982735,2.231234702730766,1.6461972095053174,-98.84659951853908
projected,40,100,coordinated,Calgary-Edmonton,4,27,75.0,CAL-EDM:1;CAL-EDM:2;CAL-EDM:3,0.0640270900528647,12.399288867945556,11.342078951206348,0.3266434913332261
projected,40,100,coordinated,Calgary-Kamloops,8,14,75.0,KAM-CAL:7;KAM-CAL:6;KAM-CAL:5;KAM-CAL:4;KAM-CAL:3;KAM-CAL:2;KAM-CAL:1,0.03319923187926317,11.132451724916496,9.691665870685902,-23.434076040441806
projected,40,100,coordinated,Calgary-Kelowna,8,14,76.2,KEL-CAL:7;KEL-CAL:6;KEL-CAL:5;KEL-CAL:4;KEL-CAL:3;KEL-CAL:2;KEL-CAL:1,0.030017743045081,10.987117370765173,9.546167281838168,-24.579760580519334
projected,40,100,coordinated,Calgary-Saskatoon,8,27,80.0,CAL-SAS:1;CAL-SAS:2;CAL-SAS:3;CAL-SAS:4;CAL-SAS:5;CAL-SAS:6;CAL-SAS:7,0.04279211619645008,11.498646888417072,10.057292771523251,-20.564036944101826
projected,40,100,coordinated,Calgary-Vancouver,13,14,75.0,KAM-CAL:7;KAM-CAL:6;KAM-CAL:5;KAM-CAL:4;KAM-CAL:3;KAM-CAL:2;KAM-CAL:1;Kamloops;VAN-KAM:4;VAN-KAM:3;VAN-KAM:2;VAN-KAM:1,0.03319923187926317,10.73313945438532,9.17346369461714,-46.79418405666793
projected,40,100,coordinated,Edmonton-Kamloops,12,14,75.0,CAL-EDM:3;CAL-EDM:2;CAL-EDM:1;Calgary;KAM-CAL:7;KAM-CAL:6;KAM-CAL:5;KAM-CAL:4;KAM-CAL:3;KAM-CAL:2;KAM-CAL:1,0.03319923187926317,10.813018283154017,9.180940410148699,-43.493126528394306
projected,40,100,coordinated,Edmonton-Kelowna,12,14,76.2,CAL-EDM:3;CAL-EDM:2;CAL-EDM:1;Calgary;KEL-CAL:7;KEL-CAL:6;KEL-CAL:5;KEL-CAL:4;KEL-CAL:3;KEL-CAL:2;KEL-CAL:1,0.030017743045081,10.667683929002695,9.07957086848029,-44.63881106847183
projected,40,100,coordinated,Edmonton-Saskatoon,12,14,80.0,CAL-EDM:3;CAL-EDM:2;CAL-EDM:1;Calgary;CAL-SAS:1;CAL-SAS:2;CAL-SAS:3;CAL-SAS:4;CAL-SAS:5;CAL-SAS:6;CAL-SAS:7,0.0221885046944556,10.23168086654873,8.730104616368255,-48.08499969280342
projected,40,100,coordinated,Edmonton-Vancouver,17,14,75.0,CAL-EDM:3;CAL-EDM:2;CAL-EDM:1;Calgary;KAM-CAL:7;KAM-CAL:6;KAM-CAL:5;KAM-CAL:4;KAM-CAL:3;KAM-CAL:2;KAM-CAL:1;Kamloops;VAN-KAM:4;VAN-KAM:3;VAN-KAM:2;VAN-KAM:1,0.03319923187926317,10.413540909147923,8.711612151877333,-66.85339964809535
projected,40,100,coordinated,Kamloops-Kelowna,3,27,63.3,KAM-KEL:1;KAM-KEL:2,0.16394459283656687,13.835549168309454,12.965442703707554,8.280956820424112
projected,40,100,coordinated,Kamloops-Saskatoon,16,14,80.0,KAM-CAL:1;KAM-CAL:2;KAM-CAL:3;KAM-CAL:4;KAM-CAL:5;KAM-CAL:6;KAM-CAL:7;Calgary;CAL-SAS:1;CAL-SAS:2;CAL-SAS:3;CAL-SAS:4;CAL-SAS:5;CAL-SAS:6;CAL-SAS:7,0.0221885046944556,9.912115705211788,8.363751611214953,-68.14418190033038
projected,40,100,coordinated,Kamloops-Vancouver,5,27,72.0,VAN-KAM:4;VAN-KAM:3;VAN-KAM:2;VAN-KAM:1,0.08153869645085443,12.668277107398097,11.479288296057097,-2.0788314537088133
projected,40,100,coordinated,Kelowna-Saskatoon,16,14,80.0,KEL-CAL:1;KEL-CAL:2;KEL-CAL:3;KEL-CAL:4;KEL-CAL:5;KEL-CAL:6;KEL-CAL:7;Calgary;CAL-SAS:1;CAL-SAS:2;CAL-SAS:3;CAL-SAS:4;CAL-SAS:5;CAL-SAS:6;CAL-SAS:7,0.0221885046944556,9.912115705211788,8.326385592578747,-69.2898664404079
projected,40,100,coordinated,Kelowna-Vancouver,8,27,72.0,KAM-KEL:2;KAM-KEL:1;Kamloops;VAN-KAM:4;VAN-KAM:3;VAN-KAM:2;VAN-KAM:1,0.08153869645085443,12.428786754985534,11.199638003567518,-10.482296798060737
projected,40,100,coordinated,Montreal-Ottawa,3,27,66.7,OTT-MON:2;OTT-MON:1,0.12532289850754513,13.447990890572596,12.57684795799653,7.196809503183356
projected,40,100,coordinated,Montreal-Toronto,9,27,75.0,OTT-MON:2;OTT-MON:1;Ottawa;TOR-OTT:5;TOR-OTT:4;TOR-OTT:3;TOR-OTT:2;TOR-OTT:1,0.0640270900528647,12.000138136481432,10.67773030619739,-17.33917905132832
projected,40,100,coordinated,Ottawa-Toronto,6,52,75.0,TOR-OTT:5;TOR-OTT:4;TOR-OTT:3;TOR-OTT:2;TOR-OTT:1,0.12331143269440609,13.185204738082719,11.894106761182856,-2.4314687382105977
projected,40,100,coordinated,Saskatoon-Vancouver,20,14,144.0,CAL-SAS:7;CAL-SAS:6;CAL-SAS:5;CAL-SAS:4;CAL-SAS:3;CAL-SAS:2;CAL-SAS:1;Calgary;KAM-CAL:7;KAM-CAL:6;KAM-CAL:5;KAM-CAL:4;KAM-CAL:3;KAM-CAL:2;KAM-CAL:1;Kamloops;VAN-KAM:4;VAN-KAM:3;VAN-KAM:1,0.00012768151750982735,2.151296963813545,2.1509869785217517,-95.1756073561661
projected,40,100,ext,Calgary-Edmonton,4,100,75.0,CAL-EDM:1;CAL-EDM:2;CAL-EDM:3,0.23713737056616555,14.288257555556811,13.231047638817605,7.395227238112722
projected,40,100,ext,Kamloops-Kelowna,3,100,63.3,KAM-KEL:1;KAM-KEL:2,0.6072021956909884,15.724517855920709,14.85441139131881,13.075668352157471
projected,40,100,ext,Montreal-Ottawa,3,100,66.7,OTT-MON:2;OTT-MON:1,0.46415888336127825,15.336959578183851,14.465816645607788,12.17845261122393
projected,30,100,paper,Calgary-Edmonton,4,27,75.0,CAL-EDM:1;CAL-EDM:2;CAL-EDM:3,0.0640270900528647,12.399288867945556,11.342078951206348,0.3266434913332261
projected,30,100,paper,Calgary-Kamloops,8,7,75.0,KAM-CAL:7;KAM-CAL:6;KAM-CAL:5;KAM-CAL:4;KAM-CAL:3;KAM-CAL:2;KAM-CAL:1,0.016599615939631586,10.132451724916496,8.6916658706859,-31.33856801680006
projected,30,100,paper,Calgary-Kelowna,11,14,75.0,KAM-CAL:7;KAM-CAL:6;KAM-CAL:5;KAM-CAL:4;KAM-CAL:3;KAM-CAL:2;KAM-CAL:1;Kamloops;KAM-KEL:1;KAM-KEL:2,0.03319923187926317,10.892888879875002,9.445891327911122,-34.512433779517885
projected,30,100,paper,Calgary-Saskatoon,8,27,80.0,CAL-SAS:1;CAL-SAS:2;CAL-SAS:3;CAL-SAS:4;CAL-SAS:5;CAL-SAS:6;CAL-SAS:7,0.04279211619645008,11.498646888417072,10.057292771523251,-20.564036944101826
projected,30,100,paper,Calgary-Vancouver,13,14,75.0,KAM-CAL:7;KAM-CAL:6;KAM-CAL:5;KAM-CAL:4;KAM-CAL:3;KAM-CAL:2;KAM-CAL:1;Kamloops;VAN-KAM:4;VAN-KAM:3;VAN-KAM:2;VAN-KAM:1,0.03319923187926317,10.73313945438532,9.17346369461714,-46.79418405666793
projected,30,100,paper,Edmonton-Kamloops,12,7,75.0,CAL-EDM:3;CAL-EDM:2;CAL-EDM:1;Calgary;KAM-CAL:7;KAM-CAL:6;KAM-CAL:5;KAM-CAL:4;KAM-CAL:3;KAM-CAL:2;KAM-CAL:1,0.016599615939631586,9.813018283154017,8.180940410148699,-55.34986449293168
projected,30,100,paper,Edmonton-Kelowna,15,14,75.0,CAL-EDM:3;CAL-EDM:2;CAL-EDM:1;Calgary;KAM-CAL:7;KAM-CAL:6;KAM-CAL:5;KAM-CAL:4;KAM-CAL:3;KAM-CAL:2;KAM-CAL:1;Kamloops;KAM-KEL:1;KAM-KEL:2,0.03319923187926317,10.573356919459783,8.938982704129513,-54.57158278612312
projected,30,100,paper,Edmonton-Saskatoon,12,27,80.0,CAL-EDM:3;CAL-EDM:2;CAL-EDM:1;Calgary;CAL-SAS:1;CAL-SAS:2;CAL-SAS:3;CAL-SAS:4;CAL-SAS:5;CAL-SAS:6;CAL-SAS:7,0.04279211619645008,11.179213446654595,9.67763719647412,-36.921290767503585
projected,30,100,paper,Edmonton-Vancouver,17,7,75.0,CAL-EDM:3;CAL-EDM:2;CAL-EDM:1;Calgary;KAM-CAL:7;KAM-CAL:6;KAM-CAL:5;KAM-CAL:4;KAM-CAL:3;KAM-CAL:2;KAM-CAL:1;Kamloops;VAN-KAM:4;VAN-KAM:3;VAN-KAM:2;VAN-KAM:1,0.016599615939631586,9.413540909147923,7.7116121518773335,-83.63418120012935
projected,30,100,paper,Kamloops-Kelowna,3,27,63.3,KAM-KEL:1;KAM-KEL:2,0.16394459283656687,13.835549168309454,12.965442703707554,8.280956820424112
projected,30,100,paper,Kamloops-Saskatoon,16,14,80.0,KAM-CAL:1;KAM-CAL:2;KAM-CAL:3;KAM-CAL:4;KAM-CAL:5;KAM-CAL:6;KAM-CAL:7;Calgary;CAL-SAS:1;CAL-SAS:2;CAL-SAS:3;CAL-SAS:4;CAL-SAS:5;CAL-SAS:6;CAL-SAS:7,0.0221885046944556,9.912115705211788,8.363751611214953,-68.14418190033038
projected,30,100,paper,Kamloops-Vancouver,5,27,72.0,VAN-KAM:4;VAN-KAM:3;VAN-KAM:2;VAN-KAM:1,0.08153869645085443,12.668277107398097,11.479288296057097,-2.0788314537088133
projected,30,100,paper,Kelowna-Saskatoon,19,7,80.0,KAM-KEL:2;KAM-KEL:1;Kamloops;KAM-CAL:1;KAM-CAL:2;KAM-CAL:3;KAM-CAL:4;KAM-CAL:5;KAM-CAL:6;KAM-CAL:7;Calgary;CAL-SAS:1;CAL-SAS:2;CAL-SAS:3;CAL-SAS:4;CAL-SAS:5;CAL-SAS:6;CAL-SAS:7,0.0110942523472278,8.672353635278458,7.123707597514907,-97.97205750958658
projected,30,100,paper,Kelowna-Vancouver,8,27,72.0,KAM-KEL:2;KAM-KEL:1;Kamloops;VAN-KAM:4;VAN-KAM:3;VAN-KAM:2;VAN-KAM:1,0.08153869645085443,12.428786754985534,11.199638003567518,-10.482296798060737
projected,30,100,paper,Montreal-Ottawa,3,27,66.7,OTT-MON:2;OTT-MON:1,0.12532289850754513,13.447990890572596,12.57684795799653,7.196809503183356
projected,30,100,paper,Montreal-Toronto,5,52,150.0,OTT-MON:1;TOR-OTT:5;TOR-OTT:4;TOR-OTT:2,0.00029241748909898153,4.544965624333222,3.867443821186786,-30.87505599436296
projected,30,100,paper,Ottawa-Toronto,3,27,150.0,TOR-OTT:4;TOR-OTT:2,0.00015183215780139426,3.7590339471511207,2.884540378930956,-21.61175244352274
projected,30,100,paper,Saskatoon-Vancouver,19,14,144.0,CAL-SAS:7;CAL-SAS:6;CAL-SAS:5;CAL-SAS:4;CAL-SAS:3;CAL-SAS:2;CAL-SAS:1;Calgary;KAM-CAL:7;KAM-CAL:6;KAM-CAL:5;KAM-CAL:4;KAM-CAL:3;KAM-CAL:2;KAM-CAL:1;Kamloops;VAN-KAM:3;VAN-KAM:2,0.00012768151750982735,2.231234702730766,1.6461972095053174,-98.84659951853908
projected,30,100,coordinated,Calgary-Edmonton,4,27,75.0,CAL-EDM:1;CAL-EDM:2;CAL-EDM:3,0.0640270900528647,12.399288867945556,11.342078951206348,0.3266434913332261
projected,30,100,coordinated,Calgary-Kamloops,8,7,75.0,KAM-CAL:7;KAM-CAL:6;KAM-CAL:5;KAM-CAL:4;KAM-CAL:3;KAM-CAL:2;KAM-CAL:1,0.016599615939631586,10.132451724916496,8.6916658706859,-31.33856801680006
projected,30,100,coordinated,Calgary-Kelowna,11,7,75.0,KAM-CAL:7;KAM-CAL:6;KAM-CAL:5;KAM-CAL:4;KAM-CAL:3;KAM-CAL:2;KAM-CAL:1;Kamloops;KAM-KEL:1;KAM-KEL:2,0.016599615939631586,9.892888879875002,8.445891327911122,-45.32564785291108
projected,30,100,coordinated,Calgary-Saskatoon,8,27,80.0,CAL-SAS:1;CAL-SAS:2;CAL-SAS:3;CAL-SAS:4;CAL-SAS:5;CAL-SAS:6;CAL-SAS:7,0.04279211619645008,11.498646888417072,10.057292771523251,-20.564036944101826
projected,30,100,coordinated,Calgary-Vancouver,13,14,75.0,KAM-CAL:7;KAM-CAL:6;KAM-CAL:5;KAM-CAL:4;KAM-CAL:3;KAM-CAL:2;KAM-CAL:1;Kamloops;VAN-KAM:4;VAN-KAM:3;VAN-KAM:2;VAN-KAM:1,0.03319923187926317,10.73313945438532,9.17346369461714,-46.79418405666793
projected,30,100,coordinated,Edmonton-Kamloops,12,14,75.0,CAL-EDM:3;CAL-EDM:2;CAL-EDM:1;Calgary;KAM-CAL:7;KAM-CAL:6;KAM-CAL:5;KAM-CAL:4;KAM-CAL:3;KAM-CAL:2;KAM-CAL:1,0.03319923187926317,10.813018283154017,9.180940410148699,-43.493126528394306
projected,30,100,coordinated,Edmonton-Kelowna,15,7,75.0,CAL-EDM:3;CAL-EDM:2;CAL-EDM:1;Calgary;KAM-CAL:7;KAM-CAL:6;KAM-CAL:5;KAM-CAL:4;KAM-CAL:3;KAM-CAL:2;KAM-CAL:1;Kamloops;KAM-KEL:1;KAM-KEL:2,0.016599615939631586,9.573356919459783,7.938982704129513,-69.33704284769544
projected,30,100,coordinated,Edmonton-Saskatoon,12,27,80.0,CAL-EDM:3;CAL-EDM:2;CAL-EDM:1;Calgary;CAL-SAS:1;CAL-SAS:2;CAL-SAS:3;CAL-SAS:4;CAL-SAS:5;CAL-SAS:6;CAL-SAS:7,0.04279211619645008,11.179213446654595,9.67763719647412,-36.921290767503585
projected,30,100,coordinated,Edmonton-Vancouver,17,14,75.0,CAL-EDM:3;CAL-EDM:2;CAL-EDM:1;Calgary;KAM-CAL:7;KAM-CAL:6;KAM-CAL:5;KAM-CAL:4;KAM-CAL:3;KAM-CAL:2;KAM-CAL:1;Kamloops;VAN-KAM:4;VAN-KAM:3;VAN-KAM:2;VAN-KAM:1,0.03319923187926317,10.413540909147923,8.711612151877333,-66.85339964809535
projected,30,100,coordinated,Kamloops-Kelowna,3,27,63.3,KAM-KEL:1;KAM-KEL:2,0.16394459283656687,13.835549168309454,12.965442703707554,8.280956820424112
projected,30,100,coordinated,Kamloops-Saskatoon,16,7,80.0,KAM-CAL:1;KAM-CAL:2;KAM-CAL:3;KAM-CAL:4;KAM-CAL:5;KAM-CAL:6;KAM-CAL:7;Calgary;CAL-SAS:1;CAL-SAS:2;CAL-SAS:3;CAL-SAS:4;CAL-SAS:5;CAL-SAS:6;CAL-SAS:7,0.0110942523472278,8.912115705211788,7.363751611214953,-83.98477844858371
projected,30,100,coordinated,Kamloops-Vancouver,5,27,72.0,VAN-KAM:4;VAN-KAM:3;VAN-KAM:2;VAN-KAM:1,0.08153869645085443,12.668277107398097,11.479288296057097,-2.0788314537088133
projected,30,100,coordinated,Kelowna-Saskatoon,19,14,80.0,KAM-KEL:2;KAM-KEL:1;Kamloops;KAM-CAL:1;KAM-CAL:2;KAM-CAL:3;KAM-CAL:4;KAM-CAL:5;KAM-CAL:6;KAM-CAL:7;Calgary;CAL-SAS:1;CAL-SAS:2;CAL-SAS:3;CAL-SAS:4;CAL-SAS:5;CAL-SAS:6;CAL-SAS:7,0.0221885046944556,9.672353635278458,8.123707597514906,-79.2227388642983
projected,30,100,coordinated,Kelowna-Vancouver,8,27,72.0,KAM-KEL:2;KAM-KEL:1;Kamloops;VAN-KAM:4;VAN-KAM:3;VAN-KAM:2;VAN-KAM:1,0.08153869645085443,12.428786754985534,11.199638003567518,-10.482296798060737
projected,30,100,coordinated,Montreal-Ottawa,3,27,66.7,OTT-MON:2;OTT-MON:1,0.12532289850754513,13.447990890572596,12.57684795799653,7.196809503183356
projected,30,100,coordinated,Montreal-Toronto,5,27,150.0,OTT-MON:1;TOR-OTT:5;TOR-OTT:4;TOR-OTT:2,0.00015183215780139426,3.599413408355599,2.9218916052091624,-35.559881004917976
projected,30,100,coordinated,Ottawa-Toronto,4,52,150.0,TOR-OTT:5;TOR-OTT:4;TOR-OTT:2,0.00029241748909898153,4.624779834843853,4.039739456276034,-13.327415049093275
projected,30,100,coordinated,Saskatoon-Vancouver,20,14,144.0,CAL-SAS:7;CAL-SAS:6;CAL-SAS:5;CAL-SAS:4;CAL-SAS:3;CAL-SAS:2;CAL-SAS:1;Calgary;KAM-CAL:7;KAM-CAL:6;KAM-CAL:5;KAM-CAL:4;KAM-CAL:3;KAM-CAL:2;KAM-CAL:1;Kamloops;VAN-KAM:4;VAN-KAM:3;VAN-KAM:2,0.00012768151750982735,2.151296963813545,2.1509869785217517,-95.1756073561661
projected,30,100,ext,Calgary-Edmonton,4,100,75.0,CAL-EDM:1;CAL-EDM:2;CAL-EDM:3,0.23713737056616555,14.288257555556811,13.231047638817605,7.395227238112722
projected,30,100,ext,Kamloops-Kelowna,3,100,63.3,KAM-KEL:1;KAM-KEL:2,0.6072021956909884,15.724517855920709,14.85441139131881,13.075668352157471
projected,30,100,ext,Montreal-Ottawa,3,100,66.7,OTT-MON:2;OTT-MON:1,0.46415888336127825,15.336959578183851,14.465816645607788,12.17845261122393
projected,20,100,paper,Calgary-Edmonton,4,27,75.0,CAL-EDM:1;CAL-EDM:2;CAL-EDM:3,0.0640270900528647,12.399288867945556,11.342078951206348,0.3266434913332261
projected,20,100,paper,Calgary-Kamloops,8,27,75.0,KAM-CAL:7;KAM-CAL:6;KAM-CAL:5;KAM-CAL:4;KAM-CAL:3;KAM-CAL:2;KAM-CAL:1,0.0640270900528647,12.07998430502236,10.639198450791765,-16.03048271133915
projected,20,100,paper,Calgary-Kelowna,11,14,75.0,KAM-CAL:7;KAM-CAL:6;KAM-CAL:5;KAM-CAL:4;KAM-CAL:3;KAM-CAL:2;KAM-CAL:1;Kamloops;KAM-KEL:1;KAM-KEL:2,0.03319923187926317,10.892888879875002,9.445891327911122,-34.512433779517885
projected,20,100,paper,Calgary-Vancouver,13,14,75.0,KAM-CAL:7;KAM-CAL:6;KAM-CAL:5;KAM-CAL:4;KAM-CAL:3;KAM-CAL:2;KAM-CAL:1;Kamloops;VAN-KAM:4;VAN-KAM:3;VAN-KAM:2;VAN-KAM:1,0.03319923187926317,10.73313945438532,9.17346369461714,-46.79418405666793
projected,20,100,paper,Edmonton-Kamloops,12,14,75.0,CAL-EDM:3;CAL-EDM:2;CAL-EDM:1;Calgary;KAM-CAL:7;KAM-CAL:6;KAM-CAL:5;KAM-CAL:4;KAM-CAL:3;KAM-CAL:2;KAM-CAL:1,0.03319923187926317,10.813018283154017,9.180940410148699,-43.493126528394306
projected,20,100,paper,Edmonton-Kelowna,15,14,75.0,CAL-EDM:3;CAL-EDM:2;CAL-EDM:1;Calgary;KAM-CAL:7;KAM-CAL:6;KAM-CAL:5;KAM-CAL:4;KAM-CAL:3;KAM-CAL:2;KAM-CAL:1;Kamloops;KAM-KEL:1;KAM-KEL:2,0.03319923187926317,10.573356919459783,8.938982704129513,-54.57158278612312
projected,20,100,paper,Edmonton-Vancouver,17,14,75.0,CAL-EDM:3;CAL-EDM:2;CAL-EDM:1;Calgary;KAM-CAL:7;KAM-CAL:6;KAM-CAL:5;KAM-CAL:4;KAM-CAL:3;KAM-CAL:2;KAM-CAL:1;Kamloops;VAN-KAM:4;VAN-KAM:3;VAN-KAM:2;VAN-KAM:1,0.03319923187926317,10.413540909147923,8.711612151877333,-66.85339964809535
projected,20,100,paper,Kamloops-Kelowna,3,27,63.3,KAM-KEL:1;KAM-KEL:2,0.16394459283656687,13.835549168309454,12.965442703707554,8.280956820424112
projected,20,100,paper,Kamloops-Vancouver,5,27,72.0,VAN-KAM:4;VAN-KAM:3;VAN-KAM:2;VAN-KAM:1,0.08153869645085443,12.668277107398097,11.479288296057097,-2.0788314537088133
projected,20,100,paper,Kelowna-Vancouver,8,27,72.0,KAM-KEL:2;KAM-KEL:1;Kamloops;VAN-KAM:4;VAN-KAM:3;VAN-KAM:2;VAN-KAM:1,0.08153869645085443,12.428786754985534,11.199638003567518,-10.482296798060737
projected,20,100,paper,Montreal-Ottawa,3,100,66.7,OTT-MON:2;OTT-MON:1,0.46415888336127825,15.336959578183851,14.465816645607788,12.17845261122393
projected,20,100,coordinated,Calgary-Edmonton,4,27,75.0,CAL-EDM:1;CAL-EDM:2;CAL-EDM:3,0.0640270900528647,12.399288867945556,11.342078951206348,0.3266434913332261
projected,20,100,coordinated,Calgary-Kamloops,8,14,75.0,KAM-CAL:7;KAM-CAL:6;KAM-CAL:5;KAM-CAL:4;KAM-CAL:3;KAM-CAL:2;KAM-CAL:1,0.03319923187926317,11.132451724916496,9.691665870685902,-23.434076040441806
projected,20,100,coordinated,Calgary-Kelowna,11,14,75.0,KAM-CAL:7;KAM-CAL:6;KAM-CAL:5;KAM-CAL:4;KAM-CAL:3;KAM-CAL:2;KAM-CAL:1;Kamloops;KAM-KEL:1;KAM-KEL:2,0.03319923187926317,10.892888879875002,9.445891327911122,-34.512433779517885
projected,20,100,coordinated,Calgary-Vancouver,13,14,75.0,KAM-CAL:7;KAM-CAL:6;KAM-CAL:5;KAM-CAL:4;KAM-CAL:3;KAM-CAL:2;KAM-CAL:1;Kamloops;VAN-KAM:4;VAN-KAM:3;VAN-KAM:2;VAN-KAM:1,0.03319923187926317,10.73313945438532,9.17346369461714,-46.79418405666793
projected,20,100,coordinated,Edmonton-Kamloops,12,27,75.0,CAL-EDM:3;CAL-EDM:2;CAL-EDM:1;Calgary;KAM-CAL:7;KAM-CAL:6;KAM-CAL:5;KAM-CAL:4;KAM-CAL:3;KAM-CAL:2;KAM-CAL:1,0.0640270900528647,11.760550863259883,10.128472990254563,-32.38773653474196
projected,20,100,coordinated,Edmonton-Kelowna,15,14,75.0,CAL-EDM:3;CAL-EDM:2;CAL-EDM:1;Calgary;KAM-CAL:7;KAM-CAL:6;KAM-CAL:5;KAM-CAL:4;KAM-CAL:3;KAM-CAL:2;KAM-CAL:1;Kamloops;KAM-KEL:1;KAM-KEL:2,0.03319923187926317,10.573356919459783,8.938982704129513,-54.57158278612312
projected,20,100,coordinated,Edmonton-Vancouver,17,14,75.0,CAL-EDM:3;CAL-EDM:2;CAL-EDM:1;Calgary;KAM-CAL:7;KAM-CAL:6;KAM-CAL:5;KAM-CAL:4;KAM-CAL:3;KAM-CAL:2;KAM-CAL:1;Kamloops;VAN-KAM:4;VAN-KAM:3;VAN-KAM:2;VAN-KAM:1,0.03319923187926317,10.413540909147923,8.711612151877333,-66.85339964809535
projected,20,100,coordinated,Kamloops-Kelowna,3,27,63.3,KAM-KEL:1;KAM-KEL:2,0.16394459283656687,13.835549168309454,12.965442703707554,8.280956820424112
projected,20,100,coordinated,Kamloops-Vancouver,5,27,72.0,VAN-KAM:4;VAN-KAM:3;VAN-KAM:2;VAN-KAM:1,0.08153869645085443,12.668277107398097,11.479288296057097,-2.0788314537088133
projected,20,100,coordinated,Kelowna-Vancouver,8,27,72.0,KAM-KEL:2;KAM-KEL:1;Kamloops;VAN-KAM:4;VAN-KAM:3;VAN-KAM:2;VAN-KAM:1,0.08153869645085443,12.428786754985534,11.199638003567518,-10.482296798060737
projected,20,100,coordinated,Montreal-Ottawa,3,100,66.7,OTT-MON:2;OTT-MON:1,0.46415888336127825,15.336959578183851,14.465816645607788,12.17845261122393
projected,20,100,ext,Calgary-Edmonton,4,100,75.0,CAL-EDM:1;CAL-EDM:2;CAL-EDM:3,0.23713737056616555,14.288257555556811,13.231047638817605,7.395227238112722
projected,20,100,ext,Kamloops-Kelowna,3,100,63.3,KAM-KEL:1;KAM-KEL:2,0.6072021956909884,15.724517855920709,14.85441139131881,13.075668352157471
projected,20,100,ext,Montreal-Ottawa,3,100,66.7,OTT-MON:2;OTT-MON:1,0.46415888336127825,15.336959578183851,14.465816645607788,12.17845261122393
projected,15,100,paper,Calgary-Kamloops,8,27,75.0,KAM-CAL:7;KAM-CAL:6;KAM-CAL:5;KAM-CAL:4;KAM-CAL:3;KAM-CAL:2;KAM-CAL:1,0.0640270900528647,12.07998430502236,10.639198450791765,-16.03048271133915
projected,15,100,paper,Calgary-Kelowna,11,27,75.0,KAM-CAL:7;KAM-CAL:6;KAM-CAL:5;KAM-CAL:4;KAM-CAL:3;KAM-CAL:2;KAM-CAL:1;Kamloops;KAM-KEL:1;KAM-KEL:2,0.0640270900528647,11.840421459980865,10.393423908016986,-24.434020421147967
projected,15,100,paper,Calgary-Vancouver,13,27,75.0,KAM-CAL:7;KAM-CAL:6;KAM-CAL:5;KAM-CAL:4;KAM-CAL:3;KAM-CAL:2;KAM-CAL:1;Kamloops;VAN-KAM:4;VAN-KAM:3;VAN-KAM:2;VAN-KAM:1,0.0640270900528647,11.680672034491185,10.120996274723005,-34.79327496716261
projected,15,100,paper,Kamloops-Kelowna,3,27,63.3,KAM-KEL:1;KAM-KEL:2,0.16394459283656687,13.835549168309454,12.965442703707554,8.280956820424112
projected,15,100,paper,Kamloops-Vancouver,5,27,72.0,VAN-KAM:4;VAN-KAM:3;VAN-KAM:2;VAN-KAM:1,0.08153869645085443,12.668277107398097,11.479288296057097,-2.0788314537088133
projected,15,100,paper,Kelowna-Vancouver,8,27,72.0,KAM-KEL:2;KAM-KEL:1;Kamloops;VAN-KAM:4;VAN-KAM:3;VAN-KAM:2;VAN-KAM:1,0.08153869645085443,12.428786754985534,11.199638003567518,-10.482296798060737
projected,15,100,paper,Montreal-Ottawa,2,100,133.3,OTT-MON:2,0.002154434690031887,7.665592511784692,7.6655026481496025,6.23781532360965
projected,15,100,coordinated,Calgary-Kamloops,8,27,75.0,KAM-CAL:7;KAM-CAL:6;KAM-CAL:5;KAM-CAL:4;KAM-CAL:3;KAM-CAL:2;KAM-CAL:1,0.0640270900528647,12.07998430502236,10.639198450791765,-16.03048271133915
projected,15,100,coordinated,Calgary-Kelowna,11,27,75.0,KAM-CAL:7;KAM-CAL:6;KAM-CAL:5;KAM-CAL:4;KAM-CAL:3;KAM-CAL:2;KAM-CAL:1;Kamloops;KAM-KEL:1;KAM-KEL:2,0.0640270900528647,11.840421459980865,10.393423908016986,-24.434020421147967
projected,15,100,coordinated,Calgary-Vancouver,13,27,75.0,KAM-CAL:7;KAM-CAL:6;KAM-CAL:5;KAM-CAL:4;KAM-CAL:3;KAM-CAL:2;KAM-CAL:1;Kamloops;VAN-KAM:4;VAN-KAM:3;VAN-KAM:2;VAN-KAM:1,0.0640270900528647,11.680672034491185,10.120996274723005,-34.79327496716261
projected,15,100,coordinated,Kamloops-Kelowna,3,27,63.3,KAM-KEL:1;KAM-KEL:2,0.16394459283656687,13.835549168309454,12.965442703707554,8.280956820424112
projected,15,100,coordinated,Kamloops-Vancouver,5,27,72.0,VAN-KAM:4;VAN-KAM:3;VAN-KAM:2;VAN-KAM:1,0.08153869645085443,12.668277107398097,11.479288296057097,-2.0788314537088133
projected,15,100,coordinated,Kelowna-Vancouver,8,27,72.0,KAM-KEL:2;KAM-KEL:1;Kamloops;VAN-KAM:4;VAN-KAM:3;VAN-KAM:2;VAN-KAM:1,0.08153869645085443,12.428786754985534,11.199638003567518,-10.482296798060737
projected,15,100,coordinated,Montreal-Ottawa,2,100,133.3,OTT-MON:2,0.002154434690031887,7.665592511784692,7.6655026481496025,6.23781532360965
projected,15,100,ext,Calgary-Edmonton,4,100,75.0,CAL-EDM:1;CAL-EDM:2;CAL-EDM:3,0.23713737056616555,14.288257555556811,13.231047638817605,7.395227238112722
projected,15,100,ext,Kamloops-Kelowna,3,100,63.3,KAM-KEL:1;KAM-KEL:2,0.6072021956909884,15.724517855920709,14.85441139131881,13.075668352157471
projected,15,100,ext,Montreal-Ottawa,3,100,66.7,OTT-MON:2;OTT-MON:1,0.46415888336127825,15.336959578183851,14.465816645607788,12.17845261122393
projected,10,100,paper,Calgary-Edmonton,2,100,150.0,CAL-EDM:2,0.0005623413251903491,5.727801123100395,5.142813855813699,-5.0692682119323464
projected,10,100,paper,Kamloops-Kelowna,3,27,63.3,KAM-KEL:1;KAM-KEL:2,0.16394459283656687,13.835549168309454,12.965442703707554,8.280956820424112
projected,10,100,paper,Kamloops-Vancouver,5,52,72.0,VAN-KAM:4;VAN-KAM:3;VAN-KAM:2;VAN-KAM:1,0.15703748946090484,13.613829323375722,12.424840512034722,2.3816453770159365
projected,10,100,paper,Kelowna-Vancouver,8,27,72.0,KAM-KEL:2;KAM-KEL:1;Kamloops;VAN-KAM:4;VAN-KAM:3;VAN-KAM:2;VAN-KAM:1,0.08153869645085443,12.428786754985534,11.199638003567518,-10.482296798060737
projected,10,100,paper,Montreal-Ottawa,3,100,66.7,OTT-MON:2;OTT-MON:1,0.46415888336127825,15.336959578183851,14.465816645607788,12.17845261122393
projected,10,100,coordinated,Calgary-Edmonton,2,100,150.0,CAL-EDM:2,0.0005623413251903491,5.727801123100395,5.142813855813699,-5.0692682119323464
projected,10,100,coordinated,Kamloops-Kelowna,3,52,63.3,KAM-KEL:1;KAM-KEL:2,0.31574514175931395,14.781101384287076,13.910994919685177,10.80526309188803
projected,10,100,coordinated,Kamloops-Vancouver,5,27,72.0,VAN-KAM:4;VAN-KAM:3;VAN-KAM:2;VAN-KAM:1,0.08153869645085443,12.668277107398097,11.479288296057097,-2.0788314537088133
projected,10,100,coordinated,Kelowna-Vancouver,8,27,72.0,KAM-KEL:2;KAM-KEL:1;Kamloops;VAN-KAM:4;VAN-KAM:3;VAN-KAM:2;VAN-KAM:1,0.08153869645085443,12.428786754985534,11.199638003567518,-10.482296798060737
projected,10,100,coordinated,Montreal-Ottawa,3,100,66.7,OTT-MON:2;OTT-MON:1,0.46415888336127825,15.336959578183851,14.465816645607788,12.17845261122393
projected,10,100,ext,Calgary-Edmonton,4,100,75.0,CAL-EDM:1;CAL-EDM:2;CAL-EDM:3,0.23713737056616555,14.288257555556811,13.231047638817605,7.395227238112722
projected,10,100,ext,Kamloops-Kelowna,3,100,63.3,KAM-KEL:1;KAM-KEL:2,0.6072021956909884,15.724517855920709,14.85441139131881,13.075668352157471
projected,10,100,ext,Montreal-Ottawa,3,100,66.7,OTT-MON:2;OTT-MON:1,0.46415888336127825,15.336959578183851,14.465816645607788,12.17845261122393
projected,6,100,paper,Kamloops-Kelowna,3,27,63.3,KAM-KEL:1;KAM-KEL:2,0.16394459283656687,13.835549168309454,12.965442703707554,8.280956820424112
projected,6,100,paper,Kamloops-Vancouver,3,27,144.0,VAN-KAM:4;VAN-KAM:2,0.0002462429266260956,4.456638847077467,3.8716036459593663,-11.204029335456328
projected,6,100,paper,Kelowna-Vancouver,4,52,144.0,KAM-KEL:1;VAN-KAM:4;VAN-KAM:2,0.000474245636465073,5.322384734770199,4.650788977846663,-24.783596087843605
projected,6,100,paper,Montreal-Ottawa,3,100,66.7,OTT-MON:2;OTT-MON:1,0.46415888336127825,15.336959578183851,14.465816645607788,12.17845261122393
projected,6,100,coordinated,Calgary-Edmonton,4,100,75.0,CAL-EDM:1;CAL-EDM:2;CAL-EDM:3,0.23713737056616555,14.288257555556811,13.231047638817605,7.395227238112722
projected,6,100,coordinated,Kamloops-Kelowna,2,100,126.7,KAM-KEL:2,0.0036869450645195738,8.440709067258407,8.440611316107583,7.306322471302172
projected,6,100,coordinated,Montreal-Ottawa,3,100,66.7,OTT-MON:2;OTT-MON:1,0.46415888336127825,15.336959578183851,14.465816645607788,12.17845261122393
projected,6,100,ext,Calgary-Edmonton,4,100,75.0,CAL-EDM:1;CAL-EDM:2;CAL-EDM:3,0.23713737056616555,14.288257555556811,13.231047638817605,7.395227238112722
projected,6,100,ext,Kamloops-Kelowna,2,100,126.7,KAM-KEL:2,0.0036869450645195738,8.440709067258407,8.440611316107583,7.306322471302172
projected,6,100,ext,Montreal-Ottawa,3,100,66.7,OTT-MON:2;OTT-MON:1,0.46415888336127825,15.336959578183851,14.465816645607788,12.17845261122393
