point,source,generation_rate_hz,t2_s,link_fidelity,swap_success,budget,memories,statuses_ok,base_paper_served,base_paper_repeaters,base_coord_served,base_coord_repeaters,unreachable_storage_heralded,median_wait_over_t2_storage_heralded,base_coord_kind,base_coord_d_served,base_coord_d_repeaters,base_coord_site_jaccard,base_coord_pairs_path_differs,base_coord_pairs_width_differs,base_coord_d_mean_hops,base_coord_d_mean_width,base_coord_d_mean_worst_link_km,wait_paper_storage_heralded_kind,wait_paper_storage_heralded_served,wait_paper_storage_heralded_repeaters,wait_paper_storage_heralded_d_served,wait_paper_storage_heralded_d_repeaters,wait_paper_storage_heralded_site_jaccard,wait_paper_storage_heralded_pairs_path_differs,wait_paper_storage_heralded_pairs_width_differs,wait_paper_storage_heralded_d_mean_hops,wait_paper_storage_heralded_d_mean_width,wait_paper_storage_heralded_d_mean_worst_link_km,wait_coord_storage_heralded_kind,wait_coord_storage_heralded_served,wait_coord_storage_heralded_repeaters,wait_coord_storage_heralded_d_served,wait_coord_storage_heralded_d_repeaters,wait_coord_storage_heralded_site_jaccard,wait_coord_storage_heralded_pairs_path_differs,wait_coord_storage_heralded_pairs_width_differs,wait_coord_storage_heralded_d_mean_hops,wait_coord_storage_heralded_d_mean_width,wait_coord_storage_heralded_d_mean_worst_link_km
midrange,midrange,20000.0,0.01,0.96,0.7,1000000,2048,1,14,55,14,55,3,0.6216197381572377,identical,0,0,1.0,0,0,0.0,0.0,0.0,served_and_memory,12,54,-2,-1,0.9818181818181818,0,6,0.0,21.333333333333332,0.0,served_and_memory,12,54,-2,-1,0.9818181818181818,0,5,0.0,42.666666666666664,0.0
midrange,midrange,20000.0,0.01,0.96,0.7,20,2048,1,9,20,9,20,2,0.6021161867148183,identical,0,0,1.0,0,0,0.0,0.0,0.0,served_and_memory,7,18,-2,-2,0.46153846153846156,0,4,0.0,307.2,0.0,served_and_memory,7,18,-2,-2,0.46153846153846156,0,4,0.0,307.2,0.0
midrange,midrange,20000.0,0.01,0.96,0.7,10,2048,1,5,10,5,10,1,0.4084323541920988,identical,0,0,1.0,0,0,0.0,0.0,0.0,served_set_only,4,9,-1,-1,0.9,0,0,0.0,0.0,0.0,served_set_only,4,9,-1,-1,0.9,0,0,0.0,0.0,0.0
projected,projected,200000.0,0.1,0.998,0.95,1000000,2048,1,18,47,18,47,1,0.0842660494975295,routing,0,0,1.0,3,0,-0.16666666666666666,0.0,0.20833333333333334,routing,17,47,-1,0,1.0,3,6,-0.17647058823529413,30.11764705882353,0.22058823529411764,routing,17,47,-1,0,1.0,3,6,-0.17647058823529413,30.11764705882353,0.22058823529411764
projected,projected,200000.0,0.1,0.998,0.95,20,2048,1,11,20,11,20,0,0.09199523324219631,memory_only,0,0,1.0,0,6,0.0,0.0,0.0,memory_only,11,20,0,0,1.0,0,6,0.0,0.0,0.0,memory_only,11,20,0,0,1.0,0,6,0.0,0.0,0.0
projected,projected,200000.0,0.1,0.998,0.95,10,2048,1,5,10,5,10,1,0.04084323541920988,identical,0,0,1.0,0,0,0.0,0.0,0.0,routing,5,10,0,0,0.6666666666666666,2,0,0.0,0.0,11.666666666666663,routing,5,10,0,0,0.6666666666666666,2,0,0.0,0.0,11.666666666666663
lhs000,lhs,16902.270239971855,0.001250530864611733,0.9422723118434982,0.5935851288295675,1000000,2048,1,0,0,0,0,0,,identical,0,0,1.0,0,0,,,,identical,0,0,0,0,1.0,0,0,,,,identical,0,0,0,0,1.0,0,0,,,
lhs000,lhs,16902.270239971855,0.001250530864611733,0.9422723118434982,0.5935851288295675,20,2048,1,0,0,0,0,0,,identical,0,0,1.0,0,0,,,,identical,0,0,0,0,1.0,0,0,,,,identical,0,0,0,0,1.0,0,0,,,
lhs000,lhs,16902.270239971855,0.001250530864611733,0.9422723118434982,0.5935851288295675,10,2048,1,0,0,0,0,0,,identical,0,0,1.0,0,0,,,,identical,0,0,0,0,1.0,0,0,,,,identical,0,0,0,0,1.0,0,0,,,
lhs001,lhs,28926.950711125424,0.059796059746219134,0.9253501635141934,0.6758579795561722,1000000,2048,1,11,53,11,53,0,0.08703574536638073,identical,0,0,1.0,0,0,0.0,0.0,0.0,identical,11,53,0,0,1.0,0,0,0.0,0.0,0.0,identical,11,53,0,0,1.0,0,0,0.0,0.0,0.0
lhs001,lhs,28926.950711125424,0.059796059746219134,0.9253501635141934,0.6758579795561722,20,2048,1,7,18,7,18,0,0.06830422538299837,identical,0,0,1.0,0,0,0.0,0.0,0.0,identical,7,18,0,0,1.0,0,0,0.0,0.0,0.0,identical,7,18,0,0,1.0,0,0,0.0,0.0,0.0
lhs001,lhs,28926.950711125424,0.059796059746219134,0.9253501635141934,0.6758579795561722,10,2048,1,5,10,5,10,1,0.06830422538299837,identical,0,0,1.0,0,0,0.0,0.0,0.0,served_set_only,4,9,-1,-1,0.9,0,0,0.0,0.0,0.0,served_set_only,4,9,-1,-1,0.9,0,0,0.0,0.0,0.0
lhs002,lhs,188743.03638420507,0.008630848694359726,0.991096155290906,0.6789837928954555,1000000,2048,1,11,53,11,53,1,0.6029991735790592,identical,0,0,1.0,0,0,0.0,0.0,0.0,served_and_memory,10,46,-1,-7,0.8679245283018868,0,1,0.0,51.2,0.0,served_and_memory,10,46,-1,-7,0.8679245283018868,0,1,0.0,51.2,0.0
lhs002,lhs,188743.03638420507,0.008630848694359726,0.991096155290906,0.6789837928954555,20,2048,1,9,20,9,20,3,0.6976326524045106,identical,0,0,1.0,0,0,0.0,0.0,0.0,routing,7,18,-2,-2,0.7272727272727273,1,1,0.2857142857142857,146.28571428571428,-10.714285714285714,routing,7,18,-2,-2,0.7272727272727273,1,1,0.2857142857142857,146.28571428571428,-10.714285714285714
lhs002,lhs,188743.03638420507,0.008630848694359726,0.991096155290906,0.6789837928954555,10,2048,1,5,10,5,10,1,0.47322386089216234,identical,0,0,1.0,0,0,0.0,0.0,0.0,routing,5,10,0,0,0.6666666666666666,2,0,0.0,0.0,11.666666666666663,routing,5,10,0,0,0.6666666666666666,2,0,0.0,0.0,11.666666666666663
lhs003,lhs,7154.664332429424,0.019798995959387958,0.9216574466771971,0.6308487947157452,1000000,2048,1,11,53,11,53,0,0.26286154311360843,identical,0,0,1.0,0,0,0.0,0.0,0.0,identical,11,53,0,0,1.0,0,0,0.0,0.0,0.0,identical,11,53,0,0,1.0,0,0,0.0,0.0,0.0
lhs003,lhs,7154.664332429424,0.019798995959387958,0.9216574466771971,0.6308487947157452,20,2048,1,7,18,6,20,0,0.20628942751939658,routing,-1,2,0.7272727272727273,1,0,-0.5,0.0,1.0,identical,7,18,0,0,1.0,0,0,0.0,0.0,0.0,routing,6,20,-1,2,0.7272727272727273,1,0,-0.5,0.0,1.0
lhs003,lhs,7154.664332429424,0.019798995959387958,0.9216574466771971,0.6308487947157452,10,2048,1,5,10,5,10,1,0.20628942751939658,identical,0,0,1.0,0,0,0.0,0.0,0.0,served_set_only,4,9,-1,-1,0.9,0,0,0.0,0.0,0.0,served_set_only,4,9,-1,-1,0.9,0,0,0.0,0.0,0.0
lhs004,lhs,21388.829803114437,0.005703579387976283,0.9971927589351323,0.8312279175819102,1000000,2048,1,8,32,8,32,2,0.7745798093245676,identical,0,0,1.0,0,0,0.0,0.0,0.0,served_and_memory,6,20,-2,-12,0.625,0,1,0.0,170.66666666666666,0.0,served_and_memory,6,20,-2,-12,0.625,0,1,0.0,170.66666666666666,0.0
lhs004,lhs,21388.829803114437,0.005703579387976283,0.9971927589351323,0.8312279175819102,20,2048,1,7,20,7,20,3,0.7160983067108966,identical,0,0,1.0,0,0,0.0,0.0,0.0,routing,6,20,-1,0,0.48148148148148145,2,0,0.0,0.0,-11.5,routing,6,20,-1,0,0.48148148148148145,2,0,0.0,0.0,-11.5
lhs004,lhs,21388.829803114437,0.005703579387976283,0.9971927589351323,0.8312279175819102,10,2048,1,5,10,5,10,2,0.7160983067108966,identical,0,0,1.0,0,0,0.0,0.0,0.0,routing,3,7,-2,-3,0.4166666666666667,1,1,0.6666666666666666,341.3333333333333,-25.0,routing,3,7,-2,-3,0.4166666666666667,1,1,0.6666666666666666,341.3333333333333,-25.0
lhs005,lhs,116317.40255939386,0.0028763018154118365,0.9320865651419203,0.7623614185023557,1000000,2048,1,2,4,2,4,0,0.7094379112085565,identical,0,0,1.0,0,0,0.0,0.0,0.0,identical,2,4,0,0,1.0,0,0,0.0,0.0,0.0,identical,2,4,0,0,1.0,0,0,0.0,0.0,0.0
lhs005,lhs,116317.40255939386,0.0028763018154118365,0.9320865651419203,0.7623614185023557,20,2048,1,2,4,2,4,0,0.7094379112085565,identical,0,0,1.0,0,0,0.0,0.0,0.0,identical,2,4,0,0,1.0,0,0,0.0,0.0,0.0,identical,2,4,0,0,1.0,0,0,0.0,0.0,0.0
lhs005,lhs,116317.40255939386,0.0028763018154118365,0.9320865651419203,0.7623614185023557,10,2048,1,2,4,2,4,0,0.7094379112085565,identical,0,0,1.0,0,0,0.0,0.0,0.0,identical,2,4,0,0,1.0,0,0,0.0,0.0,0.0,identical,2,4,0,0,1.0,0,0,0.0,0.0,0.0
lhs006,lhs,25441.39356668445,0.05776947567384565,0.9478515414140215,0.8862496524180132,1000000,2048,1,17,56,14,55,3,0.1549988277879161,served_and_memory,-3,-1,0.9821428571428571,0,5,0.0,91.42857142857143,0.0,served_and_memory,14,55,-3,-1,0.9821428571428571,0,5,0.0,91.42857142857143,0.0,served_and_memory,14,55,-3,-1,0.9821428571428571,0,5,0.0,91.42857142857143,0.0
lhs006,lhs,25441.39356668445,0.05776947567384565,0.9478515414140215,0.8862496524180132,20,2048,1,11,20,10,20,1,0.13155323937881103,served_and_memory,-1,0,1.0,0,2,0.0,0.0,0.0,served_and_memory,10,20,-1,0,1.0,0,6,0.0,0.0,0.0,served_and_memory,10,20,-1,0,1.0,0,4,0.0,-25.6,0.0
lhs006,lhs,25441.39356668445,0.05776947567384565,0.9478515414140215,0.8862496524180132,10,2048,1,5,10,5,10,1,0.07070037410379527,identical,0,0,1.0,0,0,0.0,0.0,0.0,served_set_only,4,9,-1,-1,0.9,0,0,0.0,0.0,0.0,served_set_only,4,9,-1,-1,0.9,0,0,0.0,0.0,0.0
lhs007,lhs,5831.210679018215,0.09012415922016286,0.9797240453235749,0.813052546408922,1000000,2048,1,17,55,17,55,0,0.09935405876569163,identical,0,0,1.0,0,0,0.0,0.0,0.0,identical,17,55,0,0,1.0,0,0,0.0,0.0,0.0,identical,17,55,0,0,1.0,0,0,0.0,0.0,0.0
lhs007,lhs,5831.210679018215,0.09012415922016286,0.9797240453235749,0.813052546408922,20,2048,1,11,20,11,20,0,0.10207610704856912,memory_only,0,0,1.0,0,6,0.0,0.0,0.0,memory_only,11,20,0,0,1.0,0,6,0.0,0.0,0.0,identical,11,20,0,0,1.0,0,0,0.0,0.0,0.0
lhs007,lhs,5831.210679018215,0.09012415922016286,0.9797240453235749,0.813052546408922,10,2048,1,5,10,5,10,1,0.04531885320498203,identical,0,0,1.0,0,0,0.0,0.0,0.0,served_set_only,4,9,-1,-1,0.9,0,0,0.0,0.0,0.0,served_set_only,4,9,-1,-1,0.9,0,0,0.0,0.0,0.0
lhs008,lhs,9988.07115221235,0.04060842995576627,0.9551495869745595,0.5987019236958324,1000000,2048,1,14,55,11,53,0,0.15307652594162152,served_and_memory,-3,-2,0.9636363636363636,0,3,0.0,93.0909090909091,0.0,memory_only,14,55,0,0,1.0,0,6,0.0,0.0,0.0,served_and_memory,11,53,-3,-2,0.9636363636363636,0,3,0.0,93.0909090909091,0.0
lhs008,lhs,9988.07115221235,0.04060842995576627,0.9551495869745595,0.5987019236958324,20,2048,1,7,18,7,18,0,0.10057821852186695,identical,0,0,1.0,0,0,0.0,0.0,0.0,identical,7,18,0,0,1.0,0,0,0.0,0.0,0.0,identical,7,18,0,0,1.0,0,0,0.0,0.0,0.0
lhs008,lhs,9988.07115221235,0.04060842995576627,0.9551495869745595,0.5987019236958324,10,2048,1,5,10,5,10,1,0.10057821852186695,identical,0,0,1.0,0,0,0.0,0.0,0.0,served_set_only,4,9,-1,-1,0.9,0,0,0.0,0.0,0.0,served_set_only,4,9,-1,-1,0.9,0,0,0.0,0.0,0.0
lhs009,lhs,47273.87396323909,0.01081912743819176,0.9365086454311904,0.7239106558523658,1000000,2048,1,14,55,13,54,3,0.5745562585416142,served_and_memory,-1,-1,0.9818181818181818,0,7,0.0,39.38461538461539,0.0,served_and_memory,12,54,-2,-1,0.9818181818181818,0,6,0.0,21.333333333333332,0.0,served_and_memory,11,53,-3,-2,0.9636363636363636,0,3,0.0,93.0909090909091,0.0
lhs009,lhs,47273.87396323909,0.01081912743819176,0.9365086454311904,0.7239106558523658,20,2048,1,7,18,7,18,0,0.37750951407626787,identical,0,0,1.0,0,0,0.0,0.0,0.0,identical,7,18,0,0,1.0,0,0,0.0,0.0,0.0,identical,7,18,0,0,1.0,0,0,0.0,0.0,0.0
lhs009,lhs,47273.87396323909,0.01081912743819176,0.9365086454311904,0.7239106558523658,10,2048,1,5,10,5,10,1,0.37750951407626787,identical,0,0,1.0,0,0,0.0,0.0,0.0,routing,5,10,0,0,0.6666666666666666,2,0,0.0,0.0,11.666666666666663,routing,5,10,0,0,0.6666666666666666,2,0,0.0,0.0,11.666666666666663
