backend,check,setting,hardware,budget,rate_model,width_grid,status,utility,served_pairs,n_repeaters,sites,n_model_vars,mip_gap,solve_s
gurobi,max_hops,12,midrange,1000000,paper,log8,optimal,70.80619843888178,12,54,CAL-EDM:1;CAL-EDM:2;CAL-EDM:3;CAL-SAS:1;CAL-SAS:2;CAL-SAS:3;CAL-SAS:4;CAL-SAS:5;CAL-SAS:6;CAL-SAS:7;Calgary;EDM-SAS:1;EDM-SAS:2;EDM-SAS:3;EDM-SAS:4;EDM-SAS:5;EDM-SAS:6;KAM-CAL:1;KAM-CAL:2;KAM-CAL:3;KAM-CAL:4;KAM-CAL:5;KAM-CAL:6;KAM-CAL:7;KAM-KEL:1;KAM-KEL:2;KEL-CAL:1;KEL-CAL:2;KEL-CAL:3;KEL-CAL:4;KEL-CAL:5;KEL-CAL:6;KEL-CAL:7;OTT-MON:1;OTT-MON:2;TOR-MON:1;TOR-MON:2;TOR-MON:3;TOR-MON:4;TOR-MON:5;TOR-MON:6;TOR-OTT:1;TOR-OTT:2;TOR-OTT:3;TOR-OTT:4;TOR-OTT:5;VAN-KAM:1;VAN-KAM:2;VAN-KAM:3;VAN-KAM:4;VAN-KEL:1;VAN-KEL:2;VAN-KEL:3;VAN-KEL:4,2572,0.0,0.2582288000266999
gurobi,max_hops,12,midrange,1000000,coordinated,log8,optimal,56.405663360920016,11,53,CAL-EDM:1;CAL-EDM:2;CAL-EDM:3;CAL-SAS:1;CAL-SAS:2;CAL-SAS:3;CAL-SAS:4;CAL-SAS:5;CAL-SAS:6;CAL-SAS:7;EDM-SAS:1;EDM-SAS:2;EDM-SAS:3;EDM-SAS:4;EDM-SAS:5;EDM-SAS:6;KAM-CAL:1;KAM-CAL:2;KAM-CAL:3;KAM-CAL:4;KAM-CAL:5;KAM-CAL:6;KAM-CAL:7;KAM-KEL:1;KAM-KEL:2;KEL-CAL:1;KEL-CAL:2;KEL-CAL:3;KEL-CAL:4;KEL-CAL:5;KEL-CAL:6;KEL-CAL:7;OTT-MON:1;OTT-MON:2;TOR-MON:1;TOR-MON:2;TOR-MON:3;TOR-MON:4;TOR-MON:5;TOR-MON:6;TOR-OTT:1;TOR-OTT:2;TOR-OTT:3;TOR-OTT:4;TOR-OTT:5;VAN-KAM:1;VAN-KAM:2;VAN-KAM:3;VAN-KAM:4;VAN-KEL:1;VAN-KEL:2;VAN-KEL:3;VAN-KEL:4,2572,0.0,2.235843899892643
gurobi,max_hops,12,midrange,20,paper,log8,optimal,51.06754402772711,7,18,CAL-EDM:1;CAL-EDM:2;CAL-EDM:3;KAM-KEL:1;KAM-KEL:2;Kamloops;OTT-MON:1;OTT-MON:2;Ottawa;TOR-OTT:1;TOR-OTT:2;TOR-OTT:3;TOR-OTT:4;TOR-OTT:5;VAN-KAM:1;VAN-KAM:2;VAN-KAM:3;VAN-KAM:4,2572,0.0,1.3548570000566542
gurobi,max_hops,12,midrange,20,coordinated,log8,optimal,43.23744134386702,7,18,CAL-EDM:1;CAL-EDM:2;CAL-EDM:3;KAM-KEL:1;KAM-KEL:2;Kamloops;OTT-MON:1;OTT-MON:2;Ottawa;TOR-OTT:1;TOR-OTT:2;TOR-OTT:3;TOR-OTT:4;TOR-OTT:5;VAN-KAM:1;VAN-KAM:2;VAN-KAM:3;VAN-KAM:4,2572,0.0,2.3818280999548733
gurobi,max_hops,12,midrange,10,paper,log8,optimal,34.677475567163995,5,10,CAL-EDM:2;KAM-KEL:1;KAM-KEL:2;Kamloops;OTT-MON:1;OTT-MON:2;VAN-KAM:1;VAN-KAM:2;VAN-KAM:3;VAN-KAM:4,2572,0.0,1.1777910999953747
gurobi,max_hops,12,midrange,10,coordinated,log8,optimal,29.933101339940322,5,10,CAL-EDM:2;KAM-KEL:1;KAM-KEL:2;Kamloops;OTT-MON:1;OTT-MON:2;VAN-KAM:1;VAN-KAM:2;VAN-KAM:3;VAN-KAM:4,2572,0.0,3.957280900096521
gurobi,max_hops,12,projected,1000000,paper,log8,optimal,168.62918017336978,18,47,CAL-EDM:1;CAL-EDM:2;CAL-EDM:3;CAL-SAS:1;CAL-SAS:2;CAL-SAS:3;CAL-SAS:4;CAL-SAS:5;CAL-SAS:6;CAL-SAS:7;Calgary;EDM-SAS:1;EDM-SAS:2;EDM-SAS:3;EDM-SAS:4;EDM-SAS:5;EDM-SAS:6;Edmonton;KAM-CAL:1;KAM-CAL:2;KAM-CAL:3;KAM-CAL:4;KAM-CAL:5;KAM-CAL:6;KAM-CAL:7;KAM-KEL:1;KAM-KEL:2;KEL-CAL:1;KEL-CAL:2;KEL-CAL:3;KEL-CAL:4;KEL-CAL:5;KEL-CAL:6;KEL-CAL:7;Kamloops;OTT-MON:1;OTT-MON:2;Ottawa;TOR-OTT:1;TOR-OTT:2;TOR-OTT:3;TOR-OTT:4;TOR-OTT:5;VAN-KAM:1;VAN-KAM:2;VAN-KAM:3;VAN-KAM:4,4076,0.0,0.39882809994742274
gurobi,max_hops,12,projected,1000000,coordinated,log8,optimal,147.2256726884829,17,47,CAL-EDM:1;CAL-EDM:2;CAL-EDM:3;CAL-SAS:1;CAL-SAS:2;CAL-SAS:3;CAL-SAS:4;CAL-SAS:5;CAL-SAS:6;CAL-SAS:7;Calgary;EDM-SAS:1;EDM-SAS:2;EDM-SAS:3;EDM-SAS:4;EDM-SAS:5;EDM-SAS:6;Edmonton;KAM-CAL:1;KAM-CAL:2;KAM-CAL:3;KAM-CAL:4;KAM-CAL:5;KAM-CAL:6;KAM-CAL:7;KAM-KEL:1;KAM-KEL:2;KEL-CAL:1;KEL-CAL:2;KEL-CAL:3;KEL-CAL:4;KEL-CAL:5;KEL-CAL:6;KEL-CAL:7;Kamloops;OTT-MON:1;OTT-MON:2;Ottawa;TOR-OTT:1;TOR-OTT:2;TOR-OTT:3;TOR-OTT:4;TOR-OTT:5;VAN-KAM:1;VAN-KAM:2;VAN-KAM:3;VAN-KAM:4,4076,0.0,2.3629056999925524
gurobi,max_hops,12,projected,20,paper,log8,optimal,109.96518541894103,11,20,CAL-EDM:1;CAL-EDM:2;CAL-EDM:3;Calgary;KAM-CAL:1;KAM-CAL:2;KAM-CAL:3;KAM-CAL:4;KAM-CAL:5;KAM-CAL:6;KAM-CAL:7;KAM-KEL:1;KAM-KEL:2;Kamloops;OTT-MON:1;OTT-MON:2;VAN-KAM:1;VAN-KAM:2;VAN-KAM:3;VAN-KAM:4,4076,0.0,1.8406551000662148
gurobi,max_hops,12,projected,20,coordinated,log8,optimal,97.66607068089326,11,20,CAL-EDM:1;CAL-EDM:2;CAL-EDM:3;Calgary;KAM-CAL:1;KAM-CAL:2;KAM-CAL:3;KAM-CAL:4;KAM-CAL:5;KAM-CAL:6;KAM-CAL:7;KAM-KEL:1;KAM-KEL:2;Kamloops;OTT-MON:1;OTT-MON:2;VAN-KAM:1;VAN-KAM:2;VAN-KAM:3;VAN-KAM:4,4076,0.0,4.908365099923685
gurobi,max_hops,12,projected,10,paper,log8,optimal,60.94292594795495,5,10,CAL-EDM:2;KAM-KEL:1;KAM-KEL:2;Kamloops;OTT-MON:1;OTT-MON:2;VAN-KAM:1;VAN-KAM:2;VAN-KAM:3;VAN-KAM:4,4076,0.0,1.774702100083232
gurobi,max_hops,12,projected,10,coordinated,log8,optimal,56.198551720731274,5,10,CAL-EDM:2;KAM-KEL:1;KAM-KEL:2;Kamloops;OTT-MON:1;OTT-MON:2;VAN-KAM:1;VAN-KAM:2;VAN-KAM:3;VAN-KAM:4,4076,0.0,5.2775741999503225
gurobi,max_hops,16,midrange,1000000,paper,log8,optimal,70.80619843888178,12,54,CAL-EDM:1;CAL-EDM:2;CAL-EDM:3;CAL-SAS:1;CAL-SAS:2;CAL-SAS:3;CAL-SAS:4;CAL-SAS:5;CAL-SAS:6;CAL-SAS:7;Calgary;EDM-SAS:1;EDM-SAS:2;EDM-SAS:3;EDM-SAS:4;EDM-SAS:5;EDM-SAS:6;KAM-CAL:1;KAM-CAL:2;KAM-CAL:3;KAM-CAL:4;KAM-CAL:5;KAM-CAL:6;KAM-CAL:7;KAM-KEL:1;KAM-KEL:2;KEL-CAL:1;KEL-CAL:2;KEL-CAL:3;KEL-CAL:4;KEL-CAL:5;KEL-CAL:6;KEL-CAL:7;OTT-MON:1;OTT-MON:2;TOR-MON:1;TOR-MON:2;TOR-MON:3;TOR-MON:4;TOR-MON:5;TOR-MON:6;TOR-OTT:1;TOR-OTT:2;TOR-OTT:3;TOR-OTT:4;TOR-OTT:5;VAN-KAM:1;VAN-KAM:2;VAN-KAM:3;VAN-KAM:4;VAN-KEL:1;VAN-KEL:2;VAN-KEL:3;VAN-KEL:4,2437,0.0,0.3887455998919904
gurobi,max_hops,16,midrange,1000000,coordinated,log8,optimal,56.405663360920016,11,53,CAL-EDM:1;CAL-EDM:2;CAL-EDM:3;CAL-SAS:1;CAL-SAS:2;CAL-SAS:3;CAL-SAS:4;CAL-SAS:5;CAL-SAS:6;CAL-SAS:7;EDM-SAS:1;EDM-SAS:2;EDM-SAS:3;EDM-SAS:4;EDM-SAS:5;EDM-SAS:6;KAM-CAL:1;KAM-CAL:2;KAM-CAL:3;KAM-CAL:4;KAM-CAL:5;KAM-CAL:6;KAM-CAL:7;KAM-KEL:1;KAM-KEL:2;KEL-CAL:1;KEL-CAL:2;KEL-CAL:3;KEL-CAL:4;KEL-CAL:5;KEL-CAL:6;KEL-CAL:7;OTT-MON:1;OTT-MON:2;TOR-MON:1;TOR-MON:2;TOR-MON:3;TOR-MON:4;TOR-MON:5;TOR-MON:6;TOR-OTT:1;TOR-OTT:2;TOR-OTT:3;TOR-OTT:4;TOR-OTT:5;VAN-KAM:1;VAN-KAM:2;VAN-KAM:3;VAN-KAM:4;VAN-KEL:1;VAN-KEL:2;VAN-KEL:3;VAN-KEL:4,2437,0.0,2.4573542999569327
gurobi,max_hops,16,midrange,20,paper,log8,optimal,51.06754402772711,7,18,CAL-EDM:1;CAL-EDM:2;CAL-EDM:3;KAM-KEL:1;KAM-KEL:2;Kamloops;OTT-MON:1;OTT-MON:2;Ottawa;TOR-OTT:1;TOR-OTT:2;TOR-OTT:3;TOR-OTT:4;TOR-OTT:5;VAN-KAM:1;VAN-KAM:2;VAN-KAM:3;VAN-KAM:4,2437,0.0,0.7730594000313431
gurobi,max_hops,16,midrange,20,coordinated,log8,optimal,43.23744134386702,7,18,CAL-EDM:1;CAL-EDM:2;CAL-EDM:3;KAM-KEL:1;KAM-KEL:2;Kamloops;OTT-MON:1;OTT-MON:2;Ottawa;TOR-OTT:1;TOR-OTT:2;TOR-OTT:3;TOR-OTT:4;TOR-OTT:5;VAN-KAM:1;VAN-KAM:2;VAN-KAM:3;VAN-KAM:4,2437,0.0,3.493485600221902
gurobi,max_hops,16,midrange,10,paper,log8,optimal,34.677475567163995,5,10,CAL-EDM:2;KAM-KEL:1;KAM-KEL:2;Kamloops;OTT-MON:1;OTT-MON:2;VAN-KAM:1;VAN-KAM:2;VAN-KAM:3;VAN-KAM:4,2437,0.0,0.532520400127396
gurobi,max_hops,16,midrange,10,coordinated,log8,optimal,29.933101339940322,5,10,CAL-EDM:2;KAM-KEL:1;KAM-KEL:2;Kamloops;OTT-MON:1;OTT-MON:2;VAN-KAM:1;VAN-KAM:2;VAN-KAM:3;VAN-KAM:4,2437,0.0,2.221570400055498
gurobi,max_hops,16,projected,1000000,paper,log8,optimal,192.4347865103412,18,47,CAL-EDM:1;CAL-EDM:2;CAL-EDM:3;CAL-SAS:1;CAL-SAS:2;CAL-SAS:3;CAL-SAS:4;CAL-SAS:5;CAL-SAS:6;CAL-SAS:7;Calgary;EDM-SAS:1;EDM-SAS:2;EDM-SAS:3;EDM-SAS:4;EDM-SAS:5;EDM-SAS:6;Edmonton;KAM-CAL:1;KAM-CAL:2;KAM-CAL:3;KAM-CAL:4;KAM-CAL:5;KAM-CAL:6;KAM-CAL:7;KAM-KEL:1;KAM-KEL:2;KEL-CAL:1;KEL-CAL:2;KEL-CAL:3;KEL-CAL:4;KEL-CAL:5;KEL-CAL:6;KEL-CAL:7;Kamloops;OTT-MON:1;OTT-MON:2;Ottawa;TOR-OTT:1;TOR-OTT:2;TOR-OTT:3;TOR-OTT:4;TOR-OTT:5;VAN-KAM:1;VAN-KAM:2;VAN-KAM:3;VAN-KAM:4,4366,0.0,1.084882800001651
gurobi,max_hops,16,projected,1000000,coordinated,log8,optimal,169.81246190101788,17,47,CAL-EDM:1;CAL-EDM:2;CAL-EDM:3;CAL-SAS:1;CAL-SAS:2;CAL-SAS:3;CAL-SAS:4;CAL-SAS:5;CAL-SAS:6;CAL-SAS:7;Calgary;EDM-SAS:1;EDM-SAS:2;EDM-SAS:3;EDM-SAS:4;EDM-SAS:5;EDM-SAS:6;Edmonton;KAM-CAL:1;KAM-CAL:2;KAM-CAL:3;KAM-CAL:4;KAM-CAL:5;KAM-CAL:6;KAM-CAL:7;KAM-KEL:1;KAM-KEL:2;KEL-CAL:1;KEL-CAL:2;KEL-CAL:3;KEL-CAL:4;KEL-CAL:5;KEL-CAL:6;KEL-CAL:7;Kamloops;OTT-MON:1;OTT-MON:2;Ottawa;TOR-OTT:1;TOR-OTT:2;TOR-OTT:3;TOR-OTT:4;TOR-OTT:5;VAN-KAM:1;VAN-KAM:2;VAN-KAM:3;VAN-KAM:4,4366,0.0,3.2497972999699414
gurobi,max_hops,16,projected,20,paper,log8,optimal,124.31214988902578,11,20,CAL-EDM:1;CAL-EDM:2;CAL-EDM:3;Calgary;KAM-CAL:1;KAM-CAL:2;KAM-CAL:3;KAM-CAL:4;KAM-CAL:5;KAM-CAL:6;KAM-CAL:7;KAM-KEL:1;KAM-KEL:2;Kamloops;OTT-MON:1;OTT-MON:2;VAN-KAM:1;VAN-KAM:2;VAN-KAM:3;VAN-KAM:4,4366,0.0,7.837825100170448
gurobi,max_hops,16,projected,20,coordinated,log8,optimal,111.30154117631534,11,20,CAL-EDM:1;CAL-EDM:2;CAL-EDM:3;Calgary;KAM-CAL:1;KAM-CAL:2;KAM-CAL:3;KAM-CAL:4;KAM-CAL:5;KAM-CAL:6;KAM-CAL:7;KAM-KEL:1;KAM-KEL:2;Kamloops;OTT-MON:1;OTT-MON:2;VAN-KAM:1;VAN-KAM:2;VAN-KAM:3;VAN-KAM:4,4366,0.0,4.783777399919927
gurobi,max_hops,16,projected,10,paper,log8,optimal,60.94292594795495,5,10,CAL-EDM:2;KAM-KEL:1;KAM-KEL:2;Kamloops;OTT-MON:1;OTT-MON:2;VAN-KAM:1;VAN-KAM:2;VAN-KAM:3;VAN-KAM:4,4366,0.0,1.5802694999147207
gurobi,max_hops,16,projected,10,coordinated,log8,optimal,56.198551720731274,5,10,CAL-EDM:2;KAM-KEL:1;KAM-KEL:2;Kamloops;OTT-MON:1;OTT-MON:2;VAN-KAM:1;VAN-KAM:2;VAN-KAM:3;VAN-KAM:4,4366,0.0,7.021308399969712
gurobi,max_hops,20,midrange,1000000,paper,log8,optimal,70.80619843888178,12,54,CAL-EDM:1;CAL-EDM:2;CAL-EDM:3;CAL-SAS:1;CAL-SAS:2;CAL-SAS:3;CAL-SAS:4;CAL-SAS:5;CAL-SAS:6;CAL-SAS:7;Calgary;EDM-SAS:1;EDM-SAS:2;EDM-SAS:3;EDM-SAS:4;EDM-SAS:5;EDM-SAS:6;KAM-CAL:1;KAM-CAL:2;KAM-CAL:3;KAM-CAL:4;KAM-CAL:5;KAM-CAL:6;KAM-CAL:7;KAM-KEL:1;KAM-KEL:2;KEL-CAL:1;KEL-CAL:2;KEL-CAL:3;KEL-CAL:4;KEL-CAL:5;KEL-CAL:6;KEL-CAL:7;OTT-MON:1;OTT-MON:2;TOR-MON:1;TOR-MON:2;TOR-MON:3;TOR-MON:4;TOR-MON:5;TOR-MON:6;TOR-OTT:1;TOR-OTT:2;TOR-OTT:3;TOR-OTT:4;TOR-OTT:5;VAN-KAM:1;VAN-KAM:2;VAN-KAM:3;VAN-KAM:4;VAN-KEL:1;VAN-KEL:2;VAN-KEL:3;VAN-KEL:4,2421,0.0,0.42462039995007217
gurobi,max_hops,20,midrange,1000000,coordinated,log8,optimal,56.405663360920016,11,53,CAL-EDM:1;CAL-EDM:2;CAL-EDM:3;CAL-SAS:1;CAL-SAS:2;CAL-SAS:3;CAL-SAS:4;CAL-SAS:5;CAL-SAS:6;CAL-SAS:7;EDM-SAS:1;EDM-SAS:2;EDM-SAS:3;EDM-SAS:4;EDM-SAS:5;EDM-SAS:6;KAM-CAL:1;KAM-CAL:2;KAM-CAL:3;KAM-CAL:4;KAM-CAL:5;KAM-CAL:6;KAM-CAL:7;KAM-KEL:1;KAM-KEL:2;KEL-CAL:1;KEL-CAL:2;KEL-CAL:3;KEL-CAL:4;KEL-CAL:5;KEL-CAL:6;KEL-CAL:7;OTT-MON:1;OTT-MON:2;TOR-MON:1;TOR-MON:2;TOR-MON:3;TOR-MON:4;TOR-MON:5;TOR-MON:6;TOR-OTT:1;TOR-OTT:2;TOR-OTT:3;TOR-OTT:4;TOR-OTT:5;VAN-KAM:1;VAN-KAM:2;VAN-KAM:3;VAN-KAM:4;VAN-KEL:1;VAN-KEL:2;VAN-KEL:3;VAN-KEL:4,2421,0.0,1.0871513998135924
gurobi,max_hops,20,midrange,20,paper,log8,optimal,51.06754402772711,7,18,CAL-EDM:1;CAL-EDM:2;CAL-EDM:3;KAM-KEL:1;KAM-KEL:2;Kamloops;OTT-MON:1;OTT-MON:2;Ottawa;TOR-OTT:1;TOR-OTT:2;TOR-OTT:3;TOR-OTT:4;TOR-OTT:5;VAN-KAM:1;VAN-KAM:2;VAN-KAM:3;VAN-KAM:4,2421,0.0,0.5328423001337796
gurobi,max_hops,20,midrange,20,coordinated,log8,optimal,43.23744134386702,7,18,CAL-EDM:1;CAL-EDM:2;CAL-EDM:3;KAM-KEL:1;KAM-KEL:2;Kamloops;OTT-MON:1;OTT-MON:2;Ottawa;TOR-OTT:1;TOR-OTT:2;TOR-OTT:3;TOR-OTT:4;TOR-OTT:5;VAN-KAM:1;VAN-KAM:2;VAN-KAM:3;VAN-KAM:4,2421,0.0,3.2082110999617726
gurobi,max_hops,20,midrange,10,paper,log8,optimal,34.677475567163995,5,10,CAL-EDM:2;KAM-KEL:1;KAM-KEL:2;Kamloops;OTT-MON:1;OTT-MON:2;VAN-KAM:1;VAN-KAM:2;VAN-KAM:3;VAN-KAM:4,2421,0.0,0.7440101001411676
gurobi,max_hops,20,midrange,10,coordinated,log8,optimal,29.933101339940322,5,10,CAL-EDM:2;KAM-KEL:1;KAM-KEL:2;Kamloops;OTT-MON:1;OTT-MON:2;VAN-KAM:1;VAN-KAM:2;VAN-KAM:3;VAN-KAM:4,2421,0.0,1.3097838000394404
gurobi,max_hops,20,projected,1000000,paper,log8,optimal,200.86032806688252,18,47,CAL-EDM:1;CAL-EDM:2;CAL-EDM:3;CAL-SAS:1;CAL-SAS:2;CAL-SAS:3;CAL-SAS:4;CAL-SAS:5;CAL-SAS:6;CAL-SAS:7;Calgary;EDM-SAS:1;EDM-SAS:2;EDM-SAS:3;EDM-SAS:4;EDM-SAS:5;EDM-SAS:6;Edmonton;KAM-CAL:1;KAM-CAL:2;KAM-CAL:3;KAM-CAL:4;KAM-CAL:5;KAM-CAL:6;KAM-CAL:7;KAM-KEL:1;KAM-KEL:2;KEL-CAL:1;KEL-CAL:2;KEL-CAL:3;KEL-CAL:4;KEL-CAL:5;KEL-CAL:6;KEL-CAL:7;Kamloops;OTT-MON:1;OTT-MON:2;Ottawa;TOR-OTT:1;TOR-OTT:2;TOR-OTT:3;TOR-OTT:4;TOR-OTT:5;VAN-KAM:1;VAN-KAM:2;VAN-KAM:3;VAN-KAM:4,4454,0.0,1.7407863000407815
gurobi,max_hops,20,projected,1000000,coordinated,log8,optimal,177.28906658881525,18,47,CAL-EDM:1;CAL-EDM:2;CAL-EDM:3;CAL-SAS:1;CAL-SAS:2;CAL-SAS:3;CAL-SAS:4;CAL-SAS:5;CAL-SAS:6;CAL-SAS:7;Calgary;EDM-SAS:1;EDM-SAS:2;EDM-SAS:3;EDM-SAS:4;EDM-SAS:5;EDM-SAS:6;Edmonton;KAM-CAL:1;KAM-CAL:2;KAM-CAL:3;KAM-CAL:4;KAM-CAL:5;KAM-CAL:6;KAM-CAL:7;KAM-KEL:1;KAM-KEL:2;KEL-CAL:1;KEL-CAL:2;KEL-CAL:3;KEL-CAL:4;KEL-CAL:5;KEL-CAL:6;KEL-CAL:7;Kamloops;OTT-MON:1;OTT-MON:2;Ottawa;TOR-OTT:1;TOR-OTT:2;TOR-OTT:3;TOR-OTT:4;TOR-OTT:5;VAN-KAM:1;VAN-KAM:2;VAN-KAM:3;VAN-KAM:4,4454,0.0,2.6736494000069797
gurobi,max_hops,20,projected,20,paper,log8,optimal,132.17479022786688,11,20,CAL-EDM:1;CAL-EDM:2;CAL-EDM:3;Calgary;KAM-CAL:1;KAM-CAL:2;KAM-CAL:3;KAM-CAL:4;KAM-CAL:5;KAM-CAL:6;KAM-CAL:7;KAM-KEL:1;KAM-KEL:2;Kamloops;OTT-MON:1;OTT-MON:2;VAN-KAM:1;VAN-KAM:2;VAN-KAM:3;VAN-KAM:4,4454,0.0,4.1527134999632835
gurobi,max_hops,20,projected,20,coordinated,log8,optimal,117.54235475541655,11,20,CAL-EDM:1;CAL-EDM:2;CAL-EDM:3;Calgary;KAM-CAL:1;KAM-CAL:2;KAM-CAL:3;KAM-CAL:4;KAM-CAL:5;KAM-CAL:6;KAM-CAL:7;KAM-KEL:1;KAM-KEL:2;Kamloops;OTT-MON:1;OTT-MON:2;VAN-KAM:1;VAN-KAM:2;VAN-KAM:3;VAN-KAM:4,4454,0.0,13.621542599983513
gurobi,max_hops,20,projected,10,paper,log8,optimal,60.94292594795495,5,10,CAL-EDM:2;KAM-KEL:1;KAM-KEL:2;Kamloops;OTT-MON:1;OTT-MON:2;VAN-KAM:1;VAN-KAM:2;VAN-KAM:3;VAN-KAM:4,4454,0.0,2.261614200193435
gurobi,max_hops,20,projected,10,coordinated,log8,optimal,56.198551720731274,5,10,CAL-EDM:2;KAM-KEL:1;KAM-KEL:2;Kamloops;OTT-MON:1;OTT-MON:2;VAN-KAM:1;VAN-KAM:2;VAN-KAM:3;VAN-KAM:4,4454,0.0,4.351180800003931
gurobi,max_hops,24,midrange,1000000,paper,log8,optimal,70.80619843888178,12,54,CAL-EDM:1;CAL-EDM:2;CAL-EDM:3;CAL-SAS:1;CAL-SAS:2;CAL-SAS:3;CAL-SAS:4;CAL-SAS:5;CAL-SAS:6;CAL-SAS:7;Calgary;EDM-SAS:1;EDM-SAS:2;EDM-SAS:3;EDM-SAS:4;EDM-SAS:5;EDM-SAS:6;KAM-CAL:1;KAM-CAL:2;KAM-CAL:3;KAM-CAL:4;KAM-CAL:5;KAM-CAL:6;KAM-CAL:7;KAM-KEL:1;KAM-KEL:2;KEL-CAL:1;KEL-CAL:2;KEL-CAL:3;KEL-CAL:4;KEL-CAL:5;KEL-CAL:6;KEL-CAL:7;OTT-MON:1;OTT-MON:2;TOR-MON:1;TOR-MON:2;TOR-MON:3;TOR-MON:4;TOR-MON:5;TOR-MON:6;TOR-OTT:1;TOR-OTT:2;TOR-OTT:3;TOR-OTT:4;TOR-OTT:5;VAN-KAM:1;VAN-KAM:2;VAN-KAM:3;VAN-KAM:4;VAN-KEL:1;VAN-KEL:2;VAN-KEL:3;VAN-KEL:4,2405,0.0,0.26874430011957884
gurobi,max_hops,24,midrange,1000000,coordinated,log8,optimal,56.405663360920016,11,53,CAL-EDM:1;CAL-EDM:2;CAL-EDM:3;CAL-SAS:1;CAL-SAS:2;CAL-SAS:3;CAL-SAS:4;CAL-SAS:5;CAL-SAS:6;CAL-SAS:7;EDM-SAS:1;EDM-SAS:2;EDM-SAS:3;EDM-SAS:4;EDM-SAS:5;EDM-SAS:6;KAM-CAL:1;KAM-CAL:2;KAM-CAL:3;KAM-CAL:4;KAM-CAL:5;KAM-CAL:6;KAM-CAL:7;KAM-KEL:1;KAM-KEL:2;KEL-CAL:1;KEL-CAL:2;KEL-CAL:3;KEL-CAL:4;KEL-CAL:5;KEL-CAL:6;KEL-CAL:7;OTT-MON:1;OTT-MON:2;TOR-MON:1;TOR-MON:2;TOR-MON:3;TOR-MON:4;TOR-MON:5;TOR-MON:6;TOR-OTT:1;TOR-OTT:2;TOR-OTT:3;TOR-OTT:4;TOR-OTT:5;VAN-KAM:1;VAN-KAM:2;VAN-KAM:3;VAN-KAM:4;VAN-KEL:1;VAN-KEL:2;VAN-KEL:3;VAN-KEL:4,2405,0.0,1.832825600169599
gurobi,max_hops,24,midrange,20,paper,log8,optimal,51.06754402772711,7,18,CAL-EDM:1;CAL-EDM:2;CAL-EDM:3;KAM-KEL:1;KAM-KEL:2;Kamloops;OTT-MON:1;OTT-MON:2;Ottawa;TOR-OTT:1;TOR-OTT:2;TOR-OTT:3;TOR-OTT:4;TOR-OTT:5;VAN-KAM:1;VAN-KAM:2;VAN-KAM:3;VAN-KAM:4,2405,0.0,0.8086993000470102
gurobi,max_hops,24,midrange,20,coordinated,log8,optimal,43.23744134386702,7,18,CAL-EDM:1;CAL-EDM:2;CAL-EDM:3;KAM-KEL:1;KAM-KEL:2;Kamloops;OTT-MON:1;OTT-MON:2;Ottawa;TOR-OTT:1;TOR-OTT:2;TOR-OTT:3;TOR-OTT:4;TOR-OTT:5;VAN-KAM:1;VAN-KAM:2;VAN-KAM:3;VAN-KAM:4,2405,0.0,2.4092210999224335
gurobi,max_hops,24,midrange,10,paper,log8,optimal,34.677475567163995,5,10,CAL-EDM:2;KAM-KEL:1;KAM-KEL:2;Kamloops;OTT-MON:1;OTT-MON:2;VAN-KAM:1;VAN-KAM:2;VAN-KAM:3;VAN-KAM:4,2405,0.0,0.5140047001186758
gurobi,max_hops,24,midrange,10,coordinated,log8,optimal,29.933101339940322,5,10,CAL-EDM:2;KAM-KEL:1;KAM-KEL:2;Kamloops;OTT-MON:1;OTT-MON:2;VAN-KAM:1;VAN-KAM:2;VAN-KAM:3;VAN-KAM:4,2405,0.0,1.8752959999255836
gurobi,max_hops,24,projected,1000000,paper,log8,optimal,208.1415629179176,18,47,CAL-EDM:1;CAL-EDM:2;CAL-EDM:3;CAL-SAS:1;CAL-SAS:2;CAL-SAS:3;CAL-SAS:4;CAL-SAS:5;CAL-SAS:6;CAL-SAS:7;Calgary;EDM-SAS:1;EDM-SAS:2;EDM-SAS:3;EDM-SAS:4;EDM-SAS:5;EDM-SAS:6;Edmonton;KAM-CAL:1;KAM-CAL:2;KAM-CAL:3;KAM-CAL:4;KAM-CAL:5;KAM-CAL:6;KAM-CAL:7;KAM-KEL:1;KAM-KEL:2;KEL-CAL:1;KEL-CAL:2;KEL-CAL:3;KEL-CAL:4;KEL-CAL:5;KEL-CAL:6;KEL-CAL:7;Kamloops;OTT-MON:1;OTT-MON:2;Ottawa;TOR-OTT:1;TOR-OTT:2;TOR-OTT:3;TOR-OTT:4;TOR-OTT:5;VAN-KAM:1;VAN-KAM:2;VAN-KAM:3;VAN-KAM:4,4454,0.0,0.6764034000225365
gurobi,max_hops,24,projected,1000000,coordinated,log8,optimal,183.08429594365035,18,47,CAL-EDM:1;CAL-EDM:2;CAL-EDM:3;CAL-SAS:1;CAL-SAS:2;CAL-SAS:3;CAL-SAS:4;CAL-SAS:5;CAL-SAS:6;CAL-SAS:7;Calgary;EDM-SAS:1;EDM-SAS:2;EDM-SAS:3;EDM-SAS:4;EDM-SAS:5;EDM-SAS:6;Edmonton;KAM-CAL:1;KAM-CAL:2;KAM-CAL:3;KAM-CAL:4;KAM-CAL:5;KAM-CAL:6;KAM-CAL:7;KAM-KEL:1;KAM-KEL:2;KEL-CAL:1;KEL-CAL:2;KEL-CAL:3;KEL-CAL:4;KEL-CAL:5;KEL-CAL:6;KEL-CAL:7;Kamloops;OTT-MON:1;OTT-MON:2;Ottawa;TOR-OTT:1;TOR-OTT:2;TOR-OTT:3;TOR-OTT:4;TOR-OTT:5;VAN-KAM:1;VAN-KAM:2;VAN-KAM:3;VAN-KAM:4,4454,0.0,5.091318599879742
gurobi,max_hops,24,projected,20,paper,log8,optimal,132.17479022786688,11,20,CAL-EDM:1;CAL-EDM:2;CAL-EDM:3;Calgary;KAM-CAL:1;KAM-CAL:2;KAM-CAL:3;KAM-CAL:4;KAM-CAL:5;KAM-CAL:6;KAM-CAL:7;KAM-KEL:1;KAM-KEL:2;Kamloops;OTT-MON:1;OTT-MON:2;VAN-KAM:1;VAN-KAM:2;VAN-KAM:3;VAN-KAM:4,4454,0.0,10.501414299942553
gurobi,max_hops,24,projected,20,coordinated,log8,optimal,117.54235333962188,11,20,CAL-EDM:1;CAL-EDM:2;CAL-EDM:3;Calgary;KAM-CAL:1;KAM-CAL:2;KAM-CAL:3;KAM-CAL:4;KAM-CAL:5;KAM-CAL:6;KAM-CAL:7;KAM-KEL:1;KAM-KEL:2;Kamloops;OTT-MON:1;OTT-MON:2;VAN-KAM:1;VAN-KAM:2;VAN-KAM:3;VAN-KAM:4,4454,0.0,13.215935199987143
gurobi,max_hops,24,projected,10,paper,log8,optimal,60.94292594795495,5,10,CAL-EDM:2;KAM-KEL:1;KAM-KEL:2;Kamloops;OTT-MON:1;OTT-MON:2;VAN-KAM:1;VAN-KAM:2;VAN-KAM:3;VAN-KAM:4,4454,0.0,1.5945200000423938
gurobi,max_hops,24,projected,10,coordinated,log8,optimal,56.198551720731274,5,10,CAL-EDM:2;KAM-KEL:1;KAM-KEL:2;Kamloops;OTT-MON:1;OTT-MON:2;VAN-KAM:1;VAN-KAM:2;VAN-KAM:3;VAN-KAM:4,4454,0.0,4.623331600101665
gurobi,max_hops,30,midrange,1000000,paper,log8,optimal,70.80619843888178,12,54,CAL-EDM:1;CAL-EDM:2;CAL-EDM:3;CAL-SAS:1;CAL-SAS:2;CAL-SAS:3;CAL-SAS:4;CAL-SAS:5;CAL-SAS:6;CAL-SAS:7;Calgary;EDM-SAS:1;EDM-SAS:2;EDM-SAS:3;EDM-SAS:4;EDM-SAS:5;EDM-SAS:6;KAM-CAL:1;KAM-CAL:2;KAM-CAL:3;KAM-CAL:4;KAM-CAL:5;KAM-CAL:6;KAM-CAL:7;KAM-KEL:1;KAM-KEL:2;KEL-CAL:1;KEL-CAL:2;KEL-CAL:3;KEL-CAL:4;KEL-CAL:5;KEL-CAL:6;KEL-CAL:7;OTT-MON:1;OTT-MON:2;TOR-MON:1;TOR-MON:2;TOR-MON:3;TOR-MON:4;TOR-MON:5;TOR-MON:6;TOR-OTT:1;TOR-OTT:2;TOR-OTT:3;TOR-OTT:4;TOR-OTT:5;VAN-KAM:1;VAN-KAM:2;VAN-KAM:3;VAN-KAM:4;VAN-KEL:1;VAN-KEL:2;VAN-KEL:3;VAN-KEL:4,2405,0.0,0.23905680002644658
gurobi,max_hops,30,midrange,1000000,coordinated,log8,optimal,56.405663360920016,11,53,CAL-EDM:1;CAL-EDM:2;CAL-EDM:3;CAL-SAS:1;CAL-SAS:2;CAL-SAS:3;CAL-SAS:4;CAL-SAS:5;CAL-SAS:6;CAL-SAS:7;EDM-SAS:1;EDM-SAS:2;EDM-SAS:3;EDM-SAS:4;EDM-SAS:5;EDM-SAS:6;KAM-CAL:1;KAM-CAL:2;KAM-CAL:3;KAM-CAL:4;KAM-CAL:5;KAM-CAL:6;KAM-CAL:7;KAM-KEL:1;KAM-KEL:2;KEL-CAL:1;KEL-CAL:2;KEL-CAL:3;KEL-CAL:4;KEL-CAL:5;KEL-CAL:6;KEL-CAL:7;OTT-MON:1;OTT-MON:2;TOR-MON:1;TOR-MON:2;TOR-MON:3;TOR-MON:4;TOR-MON:5;TOR-MON:6;TOR-OTT:1;TOR-OTT:2;TOR-OTT:3;TOR-OTT:4;TOR-OTT:5;VAN-KAM:1;VAN-KAM:2;VAN-KAM:3;VAN-KAM:4;VAN-KEL:1;VAN-KEL:2;VAN-KEL:3;VAN-KEL:4,2405,0.0,1.2039671998936683
gurobi,max_hops,30,midrange,20,paper,log8,optimal,51.06754402772711,7,18,CAL-EDM:1;CAL-EDM:2;CAL-EDM:3;KAM-KEL:1;KAM-KEL:2;Kamloops;OTT-MON:1;OTT-MON:2;Ottawa;TOR-OTT:1;TOR-OTT:2;TOR-OTT:3;TOR-OTT:4;TOR-OTT:5;VAN-KAM:1;VAN-KAM:2;VAN-KAM:3;VAN-KAM:4,2405,0.0,0.8579416999127716
gurobi,max_hops,30,midrange,20,coordinated,log8,optimal,43.23744134386702,7,18,CAL-EDM:1;CAL-EDM:2;CAL-EDM:3;KAM-KEL:1;KAM-KEL:2;Kamloops;OTT-MON:1;OTT-MON:2;Ottawa;TOR-OTT:1;TOR-OTT:2;TOR-OTT:3;TOR-OTT:4;TOR-OTT:5;VAN-KAM:1;VAN-KAM:2;VAN-KAM:3;VAN-KAM:4,2405,0.0,2.8335784999653697
gurobi,max_hops,30,midrange,10,paper,log8,optimal,34.677475567163995,5,10,CAL-EDM:2;KAM-KEL:1;KAM-KEL:2;Kamloops;OTT-MON:1;OTT-MON:2;VAN-KAM:1;VAN-KAM:2;VAN-KAM:3;VAN-KAM:4,2405,0.0,0.8312541001942009
gurobi,max_hops,30,midrange,10,coordinated,log8,optimal,29.933101339940322,5,10,CAL-EDM:2;KAM-KEL:1;KAM-KEL:2;Kamloops;OTT-MON:1;OTT-MON:2;VAN-KAM:1;VAN-KAM:2;VAN-KAM:3;VAN-KAM:4,2405,0.0,2.7832041000947356
gurobi,max_hops,30,projected,1000000,paper,log8,optimal,208.14156291791758,18,52,CAL-EDM:1;CAL-EDM:2;CAL-EDM:3;CAL-SAS:1;CAL-SAS:2;CAL-SAS:3;CAL-SAS:4;CAL-SAS:5;CAL-SAS:6;CAL-SAS:7;Calgary;EDM-SAS:1;EDM-SAS:2;EDM-SAS:3;EDM-SAS:4;EDM-SAS:5;EDM-SAS:6;Edmonton;KAM-CAL:1;KAM-CAL:2;KAM-CAL:3;KAM-CAL:4;KAM-CAL:5;KAM-CAL:6;KAM-CAL:7;KAM-KEL:1;KAM-KEL:2;KEL-CAL:1;KEL-CAL:2;KEL-CAL:3;KEL-CAL:4;KEL-CAL:5;KEL-CAL:6;KEL-CAL:7;Kamloops;Kelowna;OTT-MON:1;OTT-MON:2;Ottawa;TOR-OTT:1;TOR-OTT:2;TOR-OTT:3;TOR-OTT:4;TOR-OTT:5;VAN-KAM:1;VAN-KAM:2;VAN-KAM:3;VAN-KAM:4;VAN-KEL:1;VAN-KEL:2;VAN-KEL:3;VAN-KEL:4,4462,0.0,0.9015246001072228
gurobi,max_hops,30,projected,1000000,coordinated,log8,optimal,183.08429594365035,18,47,CAL-EDM:1;CAL-EDM:2;CAL-EDM:3;CAL-SAS:1;CAL-SAS:2;CAL-SAS:3;CAL-SAS:4;CAL-SAS:5;CAL-SAS:6;CAL-SAS:7;Calgary;EDM-SAS:1;EDM-SAS:2;EDM-SAS:3;EDM-SAS:4;EDM-SAS:5;EDM-SAS:6;Edmonton;KAM-CAL:1;KAM-CAL:2;KAM-CAL:3;KAM-CAL:4;KAM-CAL:5;KAM-CAL:6;KAM-CAL:7;KAM-KEL:1;KAM-KEL:2;KEL-CAL:1;KEL-CAL:2;KEL-CAL:3;KEL-CAL:4;KEL-CAL:5;KEL-CAL:6;KEL-CAL:7;Kamloops;OTT-MON:1;OTT-MON:2;Ottawa;TOR-OTT:1;TOR-OTT:2;TOR-OTT:3;TOR-OTT:4;TOR-OTT:5;VAN-KAM:1;VAN-KAM:2;VAN-KAM:3;VAN-KAM:4,4462,0.0,3.5552477000746876
gurobi,max_hops,30,projected,20,paper,log8,optimal,132.17479022786688,11,20,CAL-EDM:1;CAL-EDM:2;CAL-EDM:3;Calgary;KAM-CAL:1;KAM-CAL:2;KAM-CAL:3;KAM-CAL:4;KAM-CAL:5;KAM-CAL:6;KAM-CAL:7;KAM-KEL:1;KAM-KEL:2;Kamloops;OTT-MON:1;OTT-MON:2;VAN-KAM:1;VAN-KAM:2;VAN-KAM:3;VAN-KAM:4,4462,0.0,10.774330199928954
gurobi,max_hops,30,projected,20,coordinated,log8,optimal,117.54235333962188,11,20,CAL-EDM:1;CAL-EDM:2;CAL-EDM:3;Calgary;KAM-CAL:1;KAM-CAL:2;KAM-CAL:3;KAM-CAL:4;KAM-CAL:5;KAM-CAL:6;KAM-CAL:7;KAM-KEL:1;KAM-KEL:2;Kamloops;OTT-MON:1;OTT-MON:2;VAN-KAM:1;VAN-KAM:2;VAN-KAM:3;VAN-KAM:4,4462,0.0,12.385842300020158
gurobi,max_hops,30,projected,10,paper,log8,optimal,60.94292594795495,5,10,CAL-EDM:2;KAM-KEL:1;KAM-KEL:2;Kamloops;OTT-MON:1;OTT-MON:2;VAN-KAM:1;VAN-KAM:2;VAN-KAM:3;VAN-KAM:4,4462,0.0,3.030571299837902
gurobi,max_hops,30,projected,10,coordinated,log8,optimal,56.198551720731274,5,10,CAL-EDM:2;KAM-KEL:1;KAM-KEL:2;Kamloops;OTT-MON:1;OTT-MON:2;VAN-KAM:1;VAN-KAM:2;VAN-KAM:3;VAN-KAM:4,4462,0.0,7.319805799983442
gurobi,max_link_km,200.0,midrange,1000000,paper,log8,optimal,70.80619843888178,12,54,CAL-EDM:1;CAL-EDM:2;CAL-EDM:3;CAL-SAS:1;CAL-SAS:2;CAL-SAS:3;CAL-SAS:4;CAL-SAS:5;CAL-SAS:6;CAL-SAS:7;Calgary;EDM-SAS:1;EDM-SAS:2;EDM-SAS:3;EDM-SAS:4;EDM-SAS:5;EDM-SAS:6;KAM-CAL:1;KAM-CAL:2;KAM-CAL:3;KAM-CAL:4;KAM-CAL:5;KAM-CAL:6;KAM-CAL:7;KAM-KEL:1;KAM-KEL:2;KEL-CAL:1;KEL-CAL:2;KEL-CAL:3;KEL-CAL:4;KEL-CAL:5;KEL-CAL:6;KEL-CAL:7;OTT-MON:1;OTT-MON:2;TOR-MON:1;TOR-MON:2;TOR-MON:3;TOR-MON:4;TOR-MON:5;TOR-MON:6;TOR-OTT:1;TOR-OTT:2;TOR-OTT:3;TOR-OTT:4;TOR-OTT:5;VAN-KAM:1;VAN-KAM:2;VAN-KAM:3;VAN-KAM:4;VAN-KEL:1;VAN-KEL:2;VAN-KEL:3;VAN-KEL:4,1637,0.0,0.2970424999948591
gurobi,max_link_km,200.0,midrange,1000000,coordinated,log8,optimal,56.405663360920016,11,53,CAL-EDM:1;CAL-EDM:2;CAL-EDM:3;CAL-SAS:1;CAL-SAS:2;CAL-SAS:3;CAL-SAS:4;CAL-SAS:5;CAL-SAS:6;CAL-SAS:7;EDM-SAS:1;EDM-SAS:2;EDM-SAS:3;EDM-SAS:4;EDM-SAS:5;EDM-SAS:6;KAM-CAL:1;KAM-CAL:2;KAM-CAL:3;KAM-CAL:4;KAM-CAL:5;KAM-CAL:6;KAM-CAL:7;KAM-KEL:1;KAM-KEL:2;KEL-CAL:1;KEL-CAL:2;KEL-CAL:3;KEL-CAL:4;KEL-CAL:5;KEL-CAL:6;KEL-CAL:7;OTT-MON:1;OTT-MON:2;TOR-MON:1;TOR-MON:2;TOR-MON:3;TOR-MON:4;TOR-MON:5;TOR-MON:6;TOR-OTT:1;TOR-OTT:2;TOR-OTT:3;TOR-OTT:4;TOR-OTT:5;VAN-KAM:1;VAN-KAM:2;VAN-KAM:3;VAN-KAM:4;VAN-KEL:1;VAN-KEL:2;VAN-KEL:3;VAN-KEL:4,1637,0.0,1.3349510000552982
gurobi,max_link_km,200.0,midrange,20,paper,log8,optimal,51.06754402772711,7,18,CAL-EDM:1;CAL-EDM:2;CAL-EDM:3;KAM-KEL:1;KAM-KEL:2;Kamloops;OTT-MON:1;OTT-MON:2;Ottawa;TOR-OTT:1;TOR-OTT:2;TOR-OTT:3;TOR-OTT:4;TOR-OTT:5;VAN-KAM:1;VAN-KAM:2;VAN-KAM:3;VAN-KAM:4,1637,0.0,0.9177542000543326
gurobi,max_link_km,200.0,midrange,20,coordinated,log8,optimal,43.23744134386702,7,18,CAL-EDM:1;CAL-EDM:2;CAL-EDM:3;KAM-KEL:1;KAM-KEL:2;Kamloops;OTT-MON:1;OTT-MON:2;Ottawa;TOR-OTT:1;TOR-OTT:2;TOR-OTT:3;TOR-OTT:4;TOR-OTT:5;VAN-KAM:1;VAN-KAM:2;VAN-KAM:3;VAN-KAM:4,1637,0.0,1.4397394000552595
gurobi,max_link_km,200.0,midrange,10,paper,log8,optimal,34.677475567163995,5,10,CAL-EDM:2;KAM-KEL:1;KAM-KEL:2;Kamloops;OTT-MON:1;OTT-MON:2;VAN-KAM:1;VAN-KAM:2;VAN-KAM:3;VAN-KAM:4,1637,0.0,0.5999002999160439
gurobi,max_link_km,200.0,midrange,10,coordinated,log8,optimal,29.933101339940322,5,10,CAL-EDM:2;KAM-KEL:1;KAM-KEL:2;Kamloops;OTT-MON:1;OTT-MON:2;VAN-KAM:1;VAN-KAM:2;VAN-KAM:3;VAN-KAM:4,1637,0.0,2.135711799841374
gurobi,max_link_km,200.0,projected,1000000,paper,log8,optimal,200.86032806688254,18,47,CAL-EDM:1;CAL-EDM:2;CAL-EDM:3;CAL-SAS:1;CAL-SAS:2;CAL-SAS:3;CAL-SAS:4;CAL-SAS:5;CAL-SAS:6;CAL-SAS:7;Calgary;EDM-SAS:1;EDM-SAS:2;EDM-SAS:3;EDM-SAS:4;EDM-SAS:5;EDM-SAS:6;Edmonton;KAM-CAL:1;KAM-CAL:2;KAM-CAL:3;KAM-CAL:4;KAM-CAL:5;KAM-CAL:6;KAM-CAL:7;KAM-KEL:1;KAM-KEL:2;KEL-CAL:1;KEL-CAL:2;KEL-CAL:3;KEL-CAL:4;KEL-CAL:5;KEL-CAL:6;KEL-CAL:7;Kamloops;OTT-MON:1;OTT-MON:2;Ottawa;TOR-OTT:1;TOR-OTT:2;TOR-OTT:3;TOR-OTT:4;TOR-OTT:5;VAN-KAM:1;VAN-KAM:2;VAN-KAM:3;VAN-KAM:4,2998,0.0,1.0279853001702577
gurobi,max_link_km,200.0,projected,1000000,coordinated,log8,optimal,177.28906658881525,18,47,CAL-EDM:1;CAL-EDM:2;CAL-EDM:3;CAL-SAS:1;CAL-SAS:2;CAL-SAS:3;CAL-SAS:4;CAL-SAS:5;CAL-SAS:6;CAL-SAS:7;Calgary;EDM-SAS:1;EDM-SAS:2;EDM-SAS:3;EDM-SAS:4;EDM-SAS:5;EDM-SAS:6;Edmonton;KAM-CAL:1;KAM-CAL:2;KAM-CAL:3;KAM-CAL:4;KAM-CAL:5;KAM-CAL:6;KAM-CAL:7;KAM-KEL:1;KAM-KEL:2;KEL-CAL:1;KEL-CAL:2;KEL-CAL:3;KEL-CAL:4;KEL-CAL:5;KEL-CAL:6;KEL-CAL:7;Kamloops;OTT-MON:1;OTT-MON:2;Ottawa;TOR-OTT:1;TOR-OTT:2;TOR-OTT:3;TOR-OTT:4;TOR-OTT:5;VAN-KAM:1;VAN-KAM:2;VAN-KAM:3;VAN-KAM:4,2998,0.0,4.185445300070569
gurobi,max_link_km,200.0,projected,20,paper,log8,optimal,132.17479022786688,11,20,CAL-EDM:1;CAL-EDM:2;CAL-EDM:3;Calgary;KAM-CAL:1;KAM-CAL:2;KAM-CAL:3;KAM-CAL:4;KAM-CAL:5;KAM-CAL:6;KAM-CAL:7;KAM-KEL:1;KAM-KEL:2;Kamloops;OTT-MON:1;OTT-MON:2;VAN-KAM:1;VAN-KAM:2;VAN-KAM:3;VAN-KAM:4,2998,0.0,6.136805800022557
gurobi,max_link_km,200.0,projected,20,coordinated,log8,optimal,117.54235333962188,11,20,CAL-EDM:1;CAL-EDM:2;CAL-EDM:3;Calgary;KAM-CAL:1;KAM-CAL:2;KAM-CAL:3;KAM-CAL:4;KAM-CAL:5;KAM-CAL:6;KAM-CAL:7;KAM-KEL:1;KAM-KEL:2;Kamloops;OTT-MON:1;OTT-MON:2;VAN-KAM:1;VAN-KAM:2;VAN-KAM:3;VAN-KAM:4,2998,0.0,9.663657499942929
gurobi,max_link_km,200.0,projected,10,paper,log8,optimal,60.94292594795495,5,10,CAL-EDM:2;KAM-KEL:1;KAM-KEL:2;Kamloops;OTT-MON:1;OTT-MON:2;VAN-KAM:1;VAN-KAM:2;VAN-KAM:3;VAN-KAM:4,2998,0.0,3.323000800097361
gurobi,max_link_km,200.0,projected,10,coordinated,log8,optimal,56.198551720731274,5,10,CAL-EDM:2;KAM-KEL:1;KAM-KEL:2;Kamloops;OTT-MON:1;OTT-MON:2;VAN-KAM:1;VAN-KAM:2;VAN-KAM:3;VAN-KAM:4,2998,0.0,6.833381999982521
gurobi,max_link_km,300.0,midrange,1000000,paper,log8,optimal,70.80619843888178,12,54,CAL-EDM:1;CAL-EDM:2;CAL-EDM:3;CAL-SAS:1;CAL-SAS:2;CAL-SAS:3;CAL-SAS:4;CAL-SAS:5;CAL-SAS:6;CAL-SAS:7;Calgary;EDM-SAS:1;EDM-SAS:2;EDM-SAS:3;EDM-SAS:4;EDM-SAS:5;EDM-SAS:6;KAM-CAL:1;KAM-CAL:2;KAM-CAL:3;KAM-CAL:4;KAM-CAL:5;KAM-CAL:6;KAM-CAL:7;KAM-KEL:1;KAM-KEL:2;KEL-CAL:1;KEL-CAL:2;KEL-CAL:3;KEL-CAL:4;KEL-CAL:5;KEL-CAL:6;KEL-CAL:7;OTT-MON:1;OTT-MON:2;TOR-MON:1;TOR-MON:2;TOR-MON:3;TOR-MON:4;TOR-MON:5;TOR-MON:6;TOR-OTT:1;TOR-OTT:2;TOR-OTT:3;TOR-OTT:4;TOR-OTT:5;VAN-KAM:1;VAN-KAM:2;VAN-KAM:3;VAN-KAM:4;VAN-KEL:1;VAN-KEL:2;VAN-KEL:3;VAN-KEL:4,2421,0.0,0.5346570999827236
gurobi,max_link_km,300.0,midrange,1000000,coordinated,log8,optimal,56.405663360920016,11,53,CAL-EDM:1;CAL-EDM:2;CAL-EDM:3;CAL-SAS:1;CAL-SAS:2;CAL-SAS:3;CAL-SAS:4;CAL-SAS:5;CAL-SAS:6;CAL-SAS:7;EDM-SAS:1;EDM-SAS:2;EDM-SAS:3;EDM-SAS:4;EDM-SAS:5;EDM-SAS:6;KAM-CAL:1;KAM-CAL:2;KAM-CAL:3;KAM-CAL:4;KAM-CAL:5;KAM-CAL:6;KAM-CAL:7;KAM-KEL:1;KAM-KEL:2;KEL-CAL:1;KEL-CAL:2;KEL-CAL:3;KEL-CAL:4;KEL-CAL:5;KEL-CAL:6;KEL-CAL:7;OTT-MON:1;OTT-MON:2;TOR-MON:1;TOR-MON:2;TOR-MON:3;TOR-MON:4;TOR-MON:5;TOR-MON:6;TOR-OTT:1;TOR-OTT:2;TOR-OTT:3;TOR-OTT:4;TOR-OTT:5;VAN-KAM:1;VAN-KAM:2;VAN-KAM:3;VAN-KAM:4;VAN-KEL:1;VAN-KEL:2;VAN-KEL:3;VAN-KEL:4,2421,0.0,2.4751932001672685
gurobi,max_link_km,300.0,midrange,20,paper,log8,optimal,51.06754402772711,7,18,CAL-EDM:1;CAL-EDM:2;CAL-EDM:3;KAM-KEL:1;KAM-KEL:2;Kamloops;OTT-MON:1;OTT-MON:2;Ottawa;TOR-OTT:1;TOR-OTT:2;TOR-OTT:3;TOR-OTT:4;TOR-OTT:5;VAN-KAM:1;VAN-KAM:2;VAN-KAM:3;VAN-KAM:4,2421,0.0,1.1300668001640588
gurobi,max_link_km,300.0,midrange,20,coordinated,log8,optimal,43.23744134386702,7,18,CAL-EDM:1;CAL-EDM:2;CAL-EDM:3;KAM-KEL:1;KAM-KEL:2;Kamloops;OTT-MON:1;OTT-MON:2;Ottawa;TOR-OTT:1;TOR-OTT:2;TOR-OTT:3;TOR-OTT:4;TOR-OTT:5;VAN-KAM:1;VAN-KAM:2;VAN-KAM:3;VAN-KAM:4,2421,0.0,1.9113484998233616
gurobi,max_link_km,300.0,midrange,10,paper,log8,optimal,34.677475567163995,5,10,CAL-EDM:2;KAM-KEL:1;KAM-KEL:2;Kamloops;OTT-MON:1;OTT-MON:2;VAN-KAM:1;VAN-KAM:2;VAN-KAM:3;VAN-KAM:4,2421,0.0,0.7656394999939948
gurobi,max_link_km,300.0,midrange,10,coordinated,log8,optimal,29.933101339940322,5,10,CAL-EDM:2;KAM-KEL:1;KAM-KEL:2;Kamloops;OTT-MON:1;OTT-MON:2;VAN-KAM:1;VAN-KAM:2;VAN-KAM:3;VAN-KAM:4,2421,0.0,2.400017000036314
gurobi,max_link_km,300.0,projected,1000000,paper,log8,optimal,200.86032806688252,18,47,CAL-EDM:1;CAL-EDM:2;CAL-EDM:3;CAL-SAS:1;CAL-SAS:2;CAL-SAS:3;CAL-SAS:4;CAL-SAS:5;CAL-SAS:6;CAL-SAS:7;Calgary;EDM-SAS:1;EDM-SAS:2;EDM-SAS:3;EDM-SAS:4;EDM-SAS:5;EDM-SAS:6;Edmonton;KAM-CAL:1;KAM-CAL:2;KAM-CAL:3;KAM-CAL:4;KAM-CAL:5;KAM-CAL:6;KAM-CAL:7;KAM-KEL:1;KAM-KEL:2;KEL-CAL:1;KEL-CAL:2;KEL-CAL:3;KEL-CAL:4;KEL-CAL:5;KEL-CAL:6;KEL-CAL:7;Kamloops;OTT-MON:1;OTT-MON:2;Ottawa;TOR-OTT:1;TOR-OTT:2;TOR-OTT:3;TOR-OTT:4;TOR-OTT:5;VAN-KAM:1;VAN-KAM:2;VAN-KAM:3;VAN-KAM:4,4454,0.0,1.1825613998807967
gurobi,max_link_km,300.0,projected,1000000,coordinated,log8,optimal,177.28906658881525,18,47,CAL-EDM:1;CAL-EDM:2;CAL-EDM:3;CAL-SAS:1;CAL-SAS:2;CAL-SAS:3;CAL-SAS:4;CAL-SAS:5;CAL-SAS:6;CAL-SAS:7;Calgary;EDM-SAS:1;EDM-SAS:2;EDM-SAS:3;EDM-SAS:4;EDM-SAS:5;EDM-SAS:6;Edmonton;KAM-CAL:1;KAM-CAL:2;KAM-CAL:3;KAM-CAL:4;KAM-CAL:5;KAM-CAL:6;KAM-CAL:7;KAM-KEL:1;KAM-KEL:2;KEL-CAL:1;KEL-CAL:2;KEL-CAL:3;KEL-CAL:4;KEL-CAL:5;KEL-CAL:6;KEL-CAL:7;Kamloops;OTT-MON:1;OTT-MON:2;Ottawa;TOR-OTT:1;TOR-OTT:2;TOR-OTT:3;TOR-OTT:4;TOR-OTT:5;VAN-KAM:1;VAN-KAM:2;VAN-KAM:3;VAN-KAM:4,4454,0.0,6.440165200037882
gurobi,max_link_km,300.0,projected,20,paper,log8,optimal,132.17479022786688,11,20,CAL-EDM:1;CAL-EDM:2;CAL-EDM:3;Calgary;KAM-CAL:1;KAM-CAL:2;KAM-CAL:3;KAM-CAL:4;KAM-CAL:5;KAM-CAL:6;KAM-CAL:7;KAM-KEL:1;KAM-KEL:2;Kamloops;OTT-MON:1;OTT-MON:2;VAN-KAM:1;VAN-KAM:2;VAN-KAM:3;VAN-KAM:4,4454,0.0,2.7691621999256313
gurobi,max_link_km,300.0,projected,20,coordinated,log8,optimal,117.54235475541655,11,20,CAL-EDM:1;CAL-EDM:2;CAL-EDM:3;Calgary;KAM-CAL:1;KAM-CAL:2;KAM-CAL:3;KAM-CAL:4;KAM-CAL:5;KAM-CAL:6;KAM-CAL:7;KAM-KEL:1;KAM-KEL:2;Kamloops;OTT-MON:1;OTT-MON:2;VAN-KAM:1;VAN-KAM:2;VAN-KAM:3;VAN-KAM:4,4454,0.0,12.250619299942628
gurobi,max_link_km,300.0,projected,10,paper,log8,optimal,60.94292594795495,5,10,CAL-EDM:2;KAM-KEL:1;KAM-KEL:2;Kamloops;OTT-MON:1;OTT-MON:2;VAN-KAM:1;VAN-KAM:2;VAN-KAM:3;VAN-KAM:4,4454,0.0,1.752398299984634
gurobi,max_link_km,300.0,projected,10,coordinated,log8,optimal,56.198551720731274,5,10,CAL-EDM:2;KAM-KEL:1;KAM-KEL:2;Kamloops;OTT-MON:1;OTT-MON:2;VAN-KAM:1;VAN-KAM:2;VAN-KAM:3;VAN-KAM:4,4454,0.0,7.775850600097328
gurobi,max_link_km,400.0,midrange,1000000,paper,log8,optimal,70.80619843888178,12,54,CAL-EDM:1;CAL-EDM:2;CAL-EDM:3;CAL-SAS:1;CAL-SAS:2;CAL-SAS:3;CAL-SAS:4;CAL-SAS:5;CAL-SAS:6;CAL-SAS:7;Calgary;EDM-SAS:1;EDM-SAS:2;EDM-SAS:3;EDM-SAS:4;EDM-SAS:5;EDM-SAS:6;KAM-CAL:1;KAM-CAL:2;KAM-CAL:3;KAM-CAL:4;KAM-CAL:5;KAM-CAL:6;KAM-CAL:7;KAM-KEL:1;KAM-KEL:2;KEL-CAL:1;KEL-CAL:2;KEL-CAL:3;KEL-CAL:4;KEL-CAL:5;KEL-CAL:6;KEL-CAL:7;OTT-MON:1;OTT-MON:2;TOR-MON:1;TOR-MON:2;TOR-MON:3;TOR-MON:4;TOR-MON:5;TOR-MON:6;TOR-OTT:1;TOR-OTT:2;TOR-OTT:3;TOR-OTT:4;TOR-OTT:5;VAN-KAM:1;VAN-KAM:2;VAN-KAM:3;VAN-KAM:4;VAN-KEL:1;VAN-KEL:2;VAN-KEL:3;VAN-KEL:4,2733,0.0,0.28638399997726083
gurobi,max_link_km,400.0,midrange,1000000,coordinated,log8,optimal,56.405663360920016,11,53,CAL-EDM:1;CAL-EDM:2;CAL-EDM:3;CAL-SAS:1;CAL-SAS:2;CAL-SAS:3;CAL-SAS:4;CAL-SAS:5;CAL-SAS:6;CAL-SAS:7;EDM-SAS:1;EDM-SAS:2;EDM-SAS:3;EDM-SAS:4;EDM-SAS:5;EDM-SAS:6;KAM-CAL:1;KAM-CAL:2;KAM-CAL:3;KAM-CAL:4;KAM-CAL:5;KAM-CAL:6;KAM-CAL:7;KAM-KEL:1;KAM-KEL:2;KEL-CAL:1;KEL-CAL:2;KEL-CAL:3;KEL-CAL:4;KEL-CAL:5;KEL-CAL:6;KEL-CAL:7;OTT-MON:1;OTT-MON:2;TOR-MON:1;TOR-MON:2;TOR-MON:3;TOR-MON:4;TOR-MON:5;TOR-MON:6;TOR-OTT:1;TOR-OTT:2;TOR-OTT:3;TOR-OTT:4;TOR-OTT:5;VAN-KAM:1;VAN-KAM:2;VAN-KAM:3;VAN-KAM:4;VAN-KEL:1;VAN-KEL:2;VAN-KEL:3;VAN-KEL:4,2733,0.0,1.3965352000668645
gurobi,max_link_km,400.0,midrange,20,paper,log8,optimal,51.06754402772711,7,18,CAL-EDM:1;CAL-EDM:2;CAL-EDM:3;KAM-KEL:1;KAM-KEL:2;Kamloops;OTT-MON:1;OTT-MON:2;Ottawa;TOR-OTT:1;TOR-OTT:2;TOR-OTT:3;TOR-OTT:4;TOR-OTT:5;VAN-KAM:1;VAN-KAM:2;VAN-KAM:3;VAN-KAM:4,2733,0.0,0.6896133001428097
gurobi,max_link_km,400.0,midrange,20,coordinated,log8,optimal,43.23744134386702,7,18,CAL-EDM:1;CAL-EDM:2;CAL-EDM:3;KAM-KEL:1;KAM-KEL:2;Kamloops;OTT-MON:1;OTT-MON:2;Ottawa;TOR-OTT:1;TOR-OTT:2;TOR-OTT:3;TOR-OTT:4;TOR-OTT:5;VAN-KAM:1;VAN-KAM:2;VAN-KAM:3;VAN-KAM:4,2733,0.0,1.7723712001461536
gurobi,max_link_km,400.0,midrange,10,paper,log8,optimal,34.677475567163995,5,10,CAL-EDM:2;KAM-KEL:1;KAM-KEL:2;Kamloops;OTT-MON:1;OTT-MON:2;VAN-KAM:1;VAN-KAM:2;VAN-KAM:3;VAN-KAM:4,2733,0.0,0.3857673997990787
gurobi,max_link_km,400.0,midrange,10,coordinated,log8,optimal,29.933101339940322,5,10,CAL-EDM:2;KAM-KEL:1;KAM-KEL:2;Kamloops;OTT-MON:1;OTT-MON:2;VAN-KAM:1;VAN-KAM:2;VAN-KAM:3;VAN-KAM:4,2733,0.0,1.493900500005111
gurobi,max_link_km,400.0,projected,1000000,paper,log8,optimal,200.86032806688252,18,47,CAL-EDM:1;CAL-EDM:2;CAL-EDM:3;CAL-SAS:1;CAL-SAS:2;CAL-SAS:3;CAL-SAS:4;CAL-SAS:5;CAL-SAS:6;CAL-SAS:7;Calgary;EDM-SAS:1;EDM-SAS:2;EDM-SAS:3;EDM-SAS:4;EDM-SAS:5;EDM-SAS:6;Edmonton;KAM-CAL:1;KAM-CAL:2;KAM-CAL:3;KAM-CAL:4;KAM-CAL:5;KAM-CAL:6;KAM-CAL:7;KAM-KEL:1;KAM-KEL:2;KEL-CAL:1;KEL-CAL:2;KEL-CAL:3;KEL-CAL:4;KEL-CAL:5;KEL-CAL:6;KEL-CAL:7;Kamloops;OTT-MON:1;OTT-MON:2;Ottawa;TOR-OTT:1;TOR-OTT:2;TOR-OTT:3;TOR-OTT:4;TOR-OTT:5;VAN-KAM:1;VAN-KAM:2;VAN-KAM:3;VAN-KAM:4,5038,0.0,0.6341796000488102
gurobi,max_link_km,400.0,projected,1000000,coordinated,log8,optimal,177.28906658881525,18,47,CAL-EDM:1;CAL-EDM:2;CAL-EDM:3;CAL-SAS:1;CAL-SAS:2;CAL-SAS:3;CAL-SAS:4;CAL-SAS:5;CAL-SAS:6;CAL-SAS:7;Calgary;EDM-SAS:1;EDM-SAS:2;EDM-SAS:3;EDM-SAS:4;EDM-SAS:5;EDM-SAS:6;Edmonton;KAM-CAL:1;KAM-CAL:2;KAM-CAL:3;KAM-CAL:4;KAM-CAL:5;KAM-CAL:6;KAM-CAL:7;KAM-KEL:1;KAM-KEL:2;KEL-CAL:1;KEL-CAL:2;KEL-CAL:3;KEL-CAL:4;KEL-CAL:5;KEL-CAL:6;KEL-CAL:7;Kamloops;OTT-MON:1;OTT-MON:2;Ottawa;TOR-OTT:1;TOR-OTT:2;TOR-OTT:3;TOR-OTT:4;TOR-OTT:5;VAN-KAM:1;VAN-KAM:2;VAN-KAM:3;VAN-KAM:4,5038,0.0,5.373383899917826
gurobi,max_link_km,400.0,projected,20,paper,log8,optimal,132.17479022786688,11,20,CAL-EDM:1;CAL-EDM:2;CAL-EDM:3;Calgary;KAM-CAL:1;KAM-CAL:2;KAM-CAL:3;KAM-CAL:4;KAM-CAL:5;KAM-CAL:6;KAM-CAL:7;KAM-KEL:1;KAM-KEL:2;Kamloops;OTT-MON:1;OTT-MON:2;VAN-KAM:1;VAN-KAM:2;VAN-KAM:3;VAN-KAM:4,5038,0.0,3.0495791998691857
gurobi,max_link_km,400.0,projected,20,coordinated,log8,optimal,117.54235475541655,11,20,CAL-EDM:1;CAL-EDM:2;CAL-EDM:3;Calgary;KAM-CAL:1;KAM-CAL:2;KAM-CAL:3;KAM-CAL:4;KAM-CAL:5;KAM-CAL:6;KAM-CAL:7;KAM-KEL:1;KAM-KEL:2;Kamloops;OTT-MON:1;OTT-MON:2;VAN-KAM:1;VAN-KAM:2;VAN-KAM:3;VAN-KAM:4,5038,0.0,6.79492719983682
gurobi,max_link_km,400.0,projected,10,paper,log8,optimal,60.94292594795495,5,10,CAL-EDM:2;KAM-KEL:1;KAM-KEL:2;Kamloops;OTT-MON:1;OTT-MON:2;VAN-KAM:1;VAN-KAM:2;VAN-KAM:3;VAN-KAM:4,5038,0.0,2.8618635998573154
gurobi,max_link_km,400.0,projected,10,coordinated,log8,optimal,56.198551720731274,5,10,CAL-EDM:2;KAM-KEL:1;KAM-KEL:2;Kamloops;OTT-MON:1;OTT-MON:2;VAN-KAM:1;VAN-KAM:2;VAN-KAM:3;VAN-KAM:4,5038,0.0,3.534156500129029
gurobi,max_link_km,500.0,midrange,1000000,paper,log8,optimal,70.80619843888178,12,54,CAL-EDM:1;CAL-EDM:2;CAL-EDM:3;CAL-SAS:1;CAL-SAS:2;CAL-SAS:3;CAL-SAS:4;CAL-SAS:5;CAL-SAS:6;CAL-SAS:7;Calgary;EDM-SAS:1;EDM-SAS:2;EDM-SAS:3;EDM-SAS:4;EDM-SAS:5;EDM-SAS:6;KAM-CAL:1;KAM-CAL:2;KAM-CAL:3;KAM-CAL:4;KAM-CAL:5;KAM-CAL:6;KAM-CAL:7;KAM-KEL:1;KAM-KEL:2;KEL-CAL:1;KEL-CAL:2;KEL-CAL:3;KEL-CAL:4;KEL-CAL:5;KEL-CAL:6;KEL-CAL:7;OTT-MON:1;OTT-MON:2;TOR-MON:1;TOR-MON:2;TOR-MON:3;TOR-MON:4;TOR-MON:5;TOR-MON:6;TOR-OTT:1;TOR-OTT:2;TOR-OTT:3;TOR-OTT:4;TOR-OTT:5;VAN-KAM:1;VAN-KAM:2;VAN-KAM:3;VAN-KAM:4;VAN-KEL:1;VAN-KEL:2;VAN-KEL:3;VAN-KEL:4,2829,0.0,0.5151916001923382
gurobi,max_link_km,500.0,midrange,1000000,coordinated,log8,optimal,56.405663360920016,11,53,CAL-EDM:1;CAL-EDM:2;CAL-EDM:3;CAL-SAS:1;CAL-SAS:2;CAL-SAS:3;CAL-SAS:4;CAL-SAS:5;CAL-SAS:6;CAL-SAS:7;EDM-SAS:1;EDM-SAS:2;EDM-SAS:3;EDM-SAS:4;EDM-SAS:5;EDM-SAS:6;KAM-CAL:1;KAM-CAL:2;KAM-CAL:3;KAM-CAL:4;KAM-CAL:5;KAM-CAL:6;KAM-CAL:7;KAM-KEL:1;KAM-KEL:2;KEL-CAL:1;KEL-CAL:2;KEL-CAL:3;KEL-CAL:4;KEL-CAL:5;KEL-CAL:6;KEL-CAL:7;OTT-MON:1;OTT-MON:2;TOR-MON:1;TOR-MON:2;TOR-MON:3;TOR-MON:4;TOR-MON:5;TOR-MON:6;TOR-OTT:1;TOR-OTT:2;TOR-OTT:3;TOR-OTT:4;TOR-OTT:5;VAN-KAM:1;VAN-KAM:2;VAN-KAM:3;VAN-KAM:4;VAN-KEL:1;VAN-KEL:2;VAN-KEL:3;VAN-KEL:4,2829,0.0,2.8370656000915915
gurobi,max_link_km,500.0,midrange,20,paper,log8,optimal,51.06754402772711,7,18,CAL-EDM:1;CAL-EDM:2;CAL-EDM:3;KAM-KEL:1;KAM-KEL:2;Kamloops;OTT-MON:1;OTT-MON:2;Ottawa;TOR-OTT:1;TOR-OTT:2;TOR-OTT:3;TOR-OTT:4;TOR-OTT:5;VAN-KAM:1;VAN-KAM:2;VAN-KAM:3;VAN-KAM:4,2829,0.0,1.0985852000303566
gurobi,max_link_km,500.0,midrange,20,coordinated,log8,optimal,43.23744134386702,7,18,CAL-EDM:1;CAL-EDM:2;CAL-EDM:3;KAM-KEL:1;KAM-KEL:2;Kamloops;OTT-MON:1;OTT-MON:2;Ottawa;TOR-OTT:1;TOR-OTT:2;TOR-OTT:3;TOR-OTT:4;TOR-OTT:5;VAN-KAM:1;VAN-KAM:2;VAN-KAM:3;VAN-KAM:4,2829,0.0,1.8437049998901784
gurobi,max_link_km,500.0,midrange,10,paper,log8,optimal,34.677475567163995,5,10,CAL-EDM:2;KAM-KEL:1;KAM-KEL:2;Kamloops;OTT-MON:1;OTT-MON:2;VAN-KAM:1;VAN-KAM:2;VAN-KAM:3;VAN-KAM:4,2829,0.0,0.6211603002157062
gurobi,max_link_km,500.0,midrange,10,coordinated,log8,optimal,29.933101339940322,5,10,CAL-EDM:2;KAM-KEL:1;KAM-KEL:2;Kamloops;OTT-MON:1;OTT-MON:2;VAN-KAM:1;VAN-KAM:2;VAN-KAM:3;VAN-KAM:4,2829,0.0,1.3119874000549316
gurobi,max_link_km,500.0,projected,1000000,paper,log8,optimal,200.86032806688252,18,47,CAL-EDM:1;CAL-EDM:2;CAL-EDM:3;CAL-SAS:1;CAL-SAS:2;CAL-SAS:3;CAL-SAS:4;CAL-SAS:5;CAL-SAS:6;CAL-SAS:7;Calgary;EDM-SAS:1;EDM-SAS:2;EDM-SAS:3;EDM-SAS:4;EDM-SAS:5;EDM-SAS:6;Edmonton;KAM-CAL:1;KAM-CAL:2;KAM-CAL:3;KAM-CAL:4;KAM-CAL:5;KAM-CAL:6;KAM-CAL:7;KAM-KEL:1;KAM-KEL:2;KEL-CAL:1;KEL-CAL:2;KEL-CAL:3;KEL-CAL:4;KEL-CAL:5;KEL-CAL:6;KEL-CAL:7;Kamloops;OTT-MON:1;OTT-MON:2;Ottawa;TOR-OTT:1;TOR-OTT:2;TOR-OTT:3;TOR-OTT:4;TOR-OTT:5;VAN-KAM:1;VAN-KAM:2;VAN-KAM:3;VAN-KAM:4,5286,0.0,1.331898300210014
gurobi,max_link_km,500.0,projected,1000000,coordinated,log8,optimal,177.28906658881525,18,47,CAL-EDM:1;CAL-EDM:2;CAL-EDM:3;CAL-SAS:1;CAL-SAS:2;CAL-SAS:3;CAL-SAS:4;CAL-SAS:5;CAL-SAS:6;CAL-SAS:7;Calgary;EDM-SAS:1;EDM-SAS:2;EDM-SAS:3;EDM-SAS:4;EDM-SAS:5;EDM-SAS:6;Edmonton;KAM-CAL:1;KAM-CAL:2;KAM-CAL:3;KAM-CAL:4;KAM-CAL:5;KAM-CAL:6;KAM-CAL:7;KAM-KEL:1;KAM-KEL:2;KEL-CAL:1;KEL-CAL:2;KEL-CAL:3;KEL-CAL:4;KEL-CAL:5;KEL-CAL:6;KEL-CAL:7;Kamloops;OTT-MON:1;OTT-MON:2;Ottawa;TOR-OTT:1;TOR-OTT:2;TOR-OTT:3;TOR-OTT:4;TOR-OTT:5;VAN-KAM:1;VAN-KAM:2;VAN-KAM:3;VAN-KAM:4,5286,0.0,3.191476699896157
gurobi,max_link_km,500.0,projected,20,paper,log8,optimal,132.17479022786688,11,20,CAL-EDM:1;CAL-EDM:2;CAL-EDM:3;Calgary;KAM-CAL:1;KAM-CAL:2;KAM-CAL:3;KAM-CAL:4;KAM-CAL:5;KAM-CAL:6;KAM-CAL:7;KAM-KEL:1;KAM-KEL:2;Kamloops;OTT-MON:1;OTT-MON:2;VAN-KAM:1;VAN-KAM:2;VAN-KAM:3;VAN-KAM:4,5286,0.0,6.175334299914539
gurobi,max_link_km,500.0,projected,20,coordinated,log8,optimal,117.54235475541655,11,20,CAL-EDM:1;CAL-EDM:2;CAL-EDM:3;Calgary;KAM-CAL:1;KAM-CAL:2;KAM-CAL:3;KAM-CAL:4;KAM-CAL:5;KAM-CAL:6;KAM-CAL:7;KAM-KEL:1;KAM-KEL:2;Kamloops;OTT-MON:1;OTT-MON:2;VAN-KAM:1;VAN-KAM:2;VAN-KAM:3;VAN-KAM:4,5286,0.0,8.134109399979934
gurobi,max_link_km,500.0,projected,10,paper,log8,optimal,60.94292594795495,5,10,CAL-EDM:2;KAM-KEL:1;KAM-KEL:2;Kamloops;OTT-MON:1;OTT-MON:2;VAN-KAM:1;VAN-KAM:2;VAN-KAM:3;VAN-KAM:4,5286,0.0,1.2934113000519574
gurobi,max_link_km,500.0,projected,10,coordinated,log8,optimal,56.198551720731274,5,10,CAL-EDM:2;KAM-KEL:1;KAM-KEL:2;Kamloops;OTT-MON:1;OTT-MON:2;VAN-KAM:1;VAN-KAM:2;VAN-KAM:3;VAN-KAM:4,5286,0.0,5.387120099971071
gurobi,max_link_km,600.0,midrange,1000000,paper,log8,optimal,70.80619843888178,12,54,CAL-EDM:1;CAL-EDM:2;CAL-EDM:3;CAL-SAS:1;CAL-SAS:2;CAL-SAS:3;CAL-SAS:4;CAL-SAS:5;CAL-SAS:6;CAL-SAS:7;Calgary;EDM-SAS:1;EDM-SAS:2;EDM-SAS:3;EDM-SAS:4;EDM-SAS:5;EDM-SAS:6;KAM-CAL:1;KAM-CAL:2;KAM-CAL:3;KAM-CAL:4;KAM-CAL:5;KAM-CAL:6;KAM-CAL:7;KAM-KEL:1;KAM-KEL:2;KEL-CAL:1;KEL-CAL:2;KEL-CAL:3;KEL-CAL:4;KEL-CAL:5;KEL-CAL:6;KEL-CAL:7;OTT-MON:1;OTT-MON:2;TOR-MON:1;TOR-MON:2;TOR-MON:3;TOR-MON:4;TOR-MON:5;TOR-MON:6;TOR-OTT:1;TOR-OTT:2;TOR-OTT:3;TOR-OTT:4;TOR-OTT:5;VAN-KAM:1;VAN-KAM:2;VAN-KAM:3;VAN-KAM:4;VAN-KEL:1;VAN-KEL:2;VAN-KEL:3;VAN-KEL:4,2909,0.0,0.5113471001386642
gurobi,max_link_km,600.0,midrange,1000000,coordinated,log8,optimal,56.405663360920016,11,53,CAL-EDM:1;CAL-EDM:2;CAL-EDM:3;CAL-SAS:1;CAL-SAS:2;CAL-SAS:3;CAL-SAS:4;CAL-SAS:5;CAL-SAS:6;CAL-SAS:7;EDM-SAS:1;EDM-SAS:2;EDM-SAS:3;EDM-SAS:4;EDM-SAS:5;EDM-SAS:6;KAM-CAL:1;KAM-CAL:2;KAM-CAL:3;KAM-CAL:4;KAM-CAL:5;KAM-CAL:6;KAM-CAL:7;KAM-KEL:1;KAM-KEL:2;KEL-CAL:1;KEL-CAL:2;KEL-CAL:3;KEL-CAL:4;KEL-CAL:5;KEL-CAL:6;KEL-CAL:7;OTT-MON:1;OTT-MON:2;TOR-MON:1;TOR-MON:2;TOR-MON:3;TOR-MON:4;TOR-MON:5;TOR-MON:6;TOR-OTT:1;TOR-OTT:2;TOR-OTT:3;TOR-OTT:4;TOR-OTT:5;VAN-KAM:1;VAN-KAM:2;VAN-KAM:3;VAN-KAM:4;VAN-KEL:1;VAN-KEL:2;VAN-KEL:3;VAN-KEL:4,2909,0.0,2.897126100026071
gurobi,max_link_km,600.0,midrange,20,paper,log8,optimal,51.06754402772711,7,18,CAL-EDM:1;CAL-EDM:2;CAL-EDM:3;KAM-KEL:1;KAM-KEL:2;Kamloops;OTT-MON:1;OTT-MON:2;Ottawa;TOR-OTT:1;TOR-OTT:2;TOR-OTT:3;TOR-OTT:4;TOR-OTT:5;VAN-KAM:1;VAN-KAM:2;VAN-KAM:3;VAN-KAM:4,2909,0.0,0.475119800074026
gurobi,max_link_km,600.0,midrange,20,coordinated,log8,optimal,43.23744134386702,7,18,CAL-EDM:1;CAL-EDM:2;CAL-EDM:3;KAM-KEL:1;KAM-KEL:2;Kamloops;OTT-MON:1;OTT-MON:2;Ottawa;TOR-OTT:1;TOR-OTT:2;TOR-OTT:3;TOR-OTT:4;TOR-OTT:5;VAN-KAM:1;VAN-KAM:2;VAN-KAM:3;VAN-KAM:4,2909,0.0,2.1603194000199437
gurobi,max_link_km,600.0,midrange,10,paper,log8,optimal,34.677475567163995,5,10,CAL-EDM:2;KAM-KEL:1;KAM-KEL:2;Kamloops;OTT-MON:1;OTT-MON:2;VAN-KAM:1;VAN-KAM:2;VAN-KAM:3;VAN-KAM:4,2909,0.0,0.49787079985253513
gurobi,max_link_km,600.0,midrange,10,coordinated,log8,optimal,29.933101339940322,5,10,CAL-EDM:2;KAM-KEL:1;KAM-KEL:2;Kamloops;OTT-MON:1;OTT-MON:2;VAN-KAM:1;VAN-KAM:2;VAN-KAM:3;VAN-KAM:4,2909,0.0,2.24158320017159
gurobi,max_link_km,600.0,projected,1000000,paper,log8,optimal,200.86032806688252,18,47,CAL-EDM:1;CAL-EDM:2;CAL-EDM:3;CAL-SAS:1;CAL-SAS:2;CAL-SAS:3;CAL-SAS:4;CAL-SAS:5;CAL-SAS:6;CAL-SAS:7;Calgary;EDM-SAS:1;EDM-SAS:2;EDM-SAS:3;EDM-SAS:4;EDM-SAS:5;EDM-SAS:6;Edmonton;KAM-CAL:1;KAM-CAL:2;KAM-CAL:3;KAM-CAL:4;KAM-CAL:5;KAM-CAL:6;KAM-CAL:7;KAM-KEL:1;KAM-KEL:2;KEL-CAL:1;KEL-CAL:2;KEL-CAL:3;KEL-CAL:4;KEL-CAL:5;KEL-CAL:6;KEL-CAL:7;Kamloops;OTT-MON:1;OTT-MON:2;Ottawa;TOR-OTT:1;TOR-OTT:2;TOR-OTT:3;TOR-OTT:4;TOR-OTT:5;VAN-KAM:1;VAN-KAM:2;VAN-KAM:3;VAN-KAM:4,5446,0.0,0.996138600166887
gurobi,max_link_km,600.0,projected,1000000,coordinated,log8,optimal,177.28906658881525,18,47,CAL-EDM:1;CAL-EDM:2;CAL-EDM:3;CAL-SAS:1;CAL-SAS:2;CAL-SAS:3;CAL-SAS:4;CAL-SAS:5;CAL-SAS:6;CAL-SAS:7;Calgary;EDM-SAS:1;EDM-SAS:2;EDM-SAS:3;EDM-SAS:4;EDM-SAS:5;EDM-SAS:6;Edmonton;KAM-CAL:1;KAM-CAL:2;KAM-CAL:3;KAM-CAL:4;KAM-CAL:5;KAM-CAL:6;KAM-CAL:7;KAM-KEL:1;KAM-KEL:2;KEL-CAL:1;KEL-CAL:2;KEL-CAL:3;KEL-CAL:4;KEL-CAL:5;KEL-CAL:6;KEL-CAL:7;Kamloops;OTT-MON:1;OTT-MON:2;Ottawa;TOR-OTT:1;TOR-OTT:2;TOR-OTT:3;TOR-OTT:4;TOR-OTT:5;VAN-KAM:1;VAN-KAM:2;VAN-KAM:3;VAN-KAM:4,5446,0.0,4.479819000000134
gurobi,max_link_km,600.0,projected,20,paper,log8,optimal,132.17479022786688,11,20,CAL-EDM:1;CAL-EDM:2;CAL-EDM:3;Calgary;KAM-CAL:1;KAM-CAL:2;KAM-CAL:3;KAM-CAL:4;KAM-CAL:5;KAM-CAL:6;KAM-CAL:7;KAM-KEL:1;KAM-KEL:2;Kamloops;OTT-MON:1;OTT-MON:2;VAN-KAM:1;VAN-KAM:2;VAN-KAM:3;VAN-KAM:4,5446,0.0,5.826387299923226
gurobi,max_link_km,600.0,projected,20,coordinated,log8,optimal,117.54235475541655,11,20,CAL-EDM:1;CAL-EDM:2;CAL-EDM:3;Calgary;KAM-CAL:1;KAM-CAL:2;KAM-CAL:3;KAM-CAL:4;KAM-CAL:5;KAM-CAL:6;KAM-CAL:7;KAM-KEL:1;KAM-KEL:2;Kamloops;OTT-MON:1;OTT-MON:2;VAN-KAM:1;VAN-KAM:2;VAN-KAM:3;VAN-KAM:4,5446,0.0,9.056189100025222
gurobi,max_link_km,600.0,projected,10,paper,log8,optimal,60.94292594795495,5,10,CAL-EDM:2;KAM-KEL:1;KAM-KEL:2;Kamloops;OTT-MON:1;OTT-MON:2;VAN-KAM:1;VAN-KAM:2;VAN-KAM:3;VAN-KAM:4,5446,0.0,1.6199429999105632
gurobi,max_link_km,600.0,projected,10,coordinated,log8,optimal,56.198551720731274,5,10,CAL-EDM:2;KAM-KEL:1;KAM-KEL:2;Kamloops;OTT-MON:1;OTT-MON:2;VAN-KAM:1;VAN-KAM:2;VAN-KAM:3;VAN-KAM:4,5446,0.0,8.163303000153974
gurobi,width_grid,log8,midrange,1000000,paper,log8,optimal,70.80619843888178,12,54,CAL-EDM:1;CAL-EDM:2;CAL-EDM:3;CAL-SAS:1;CAL-SAS:2;CAL-SAS:3;CAL-SAS:4;CAL-SAS:5;CAL-SAS:6;CAL-SAS:7;Calgary;EDM-SAS:1;EDM-SAS:2;EDM-SAS:3;EDM-SAS:4;EDM-SAS:5;EDM-SAS:6;KAM-CAL:1;KAM-CAL:2;KAM-CAL:3;KAM-CAL:4;KAM-CAL:5;KAM-CAL:6;KAM-CAL:7;KAM-KEL:1;KAM-KEL:2;KEL-CAL:1;KEL-CAL:2;KEL-CAL:3;KEL-CAL:4;KEL-CAL:5;KEL-CAL:6;KEL-CAL:7;OTT-MON:1;OTT-MON:2;TOR-MON:1;TOR-MON:2;TOR-MON:3;TOR-MON:4;TOR-MON:5;TOR-MON:6;TOR-OTT:1;TOR-OTT:2;TOR-OTT:3;TOR-OTT:4;TOR-OTT:5;VAN-KAM:1;VAN-KAM:2;VAN-KAM:3;VAN-KAM:4;VAN-KEL:1;VAN-KEL:2;VAN-KEL:3;VAN-KEL:4,2421,0.0,0.21754550002515316
gurobi,width_grid,log8,midrange,1000000,coordinated,log8,optimal,56.405663360920016,11,53,CAL-EDM:1;CAL-EDM:2;CAL-EDM:3;CAL-SAS:1;CAL-SAS:2;CAL-SAS:3;CAL-SAS:4;CAL-SAS:5;CAL-SAS:6;CAL-SAS:7;EDM-SAS:1;EDM-SAS:2;EDM-SAS:3;EDM-SAS:4;EDM-SAS:5;EDM-SAS:6;KAM-CAL:1;KAM-CAL:2;KAM-CAL:3;KAM-CAL:4;KAM-CAL:5;KAM-CAL:6;KAM-CAL:7;KAM-KEL:1;KAM-KEL:2;KEL-CAL:1;KEL-CAL:2;KEL-CAL:3;KEL-CAL:4;KEL-CAL:5;KEL-CAL:6;KEL-CAL:7;OTT-MON:1;OTT-MON:2;TOR-MON:1;TOR-MON:2;TOR-MON:3;TOR-MON:4;TOR-MON:5;TOR-MON:6;TOR-OTT:1;TOR-OTT:2;TOR-OTT:3;TOR-OTT:4;TOR-OTT:5;VAN-KAM:1;VAN-KAM:2;VAN-KAM:3;VAN-KAM:4;VAN-KEL:1;VAN-KEL:2;VAN-KEL:3;VAN-KEL:4,2421,0.0,0.9603768000379205
gurobi,width_grid,log8,midrange,1000000,ext,log8,optimal,18.408041920133634,3,7,CAL-EDM:1;CAL-EDM:2;CAL-EDM:3;KAM-KEL:1;KAM-KEL:2;OTT-MON:1;OTT-MON:2,2421,0.0,21.678118999814615
gurobi,width_grid,log8,midrange,20,paper,log8,optimal,51.06754402772711,7,18,CAL-EDM:1;CAL-EDM:2;CAL-EDM:3;KAM-KEL:1;KAM-KEL:2;Kamloops;OTT-MON:1;OTT-MON:2;Ottawa;TOR-OTT:1;TOR-OTT:2;TOR-OTT:3;TOR-OTT:4;TOR-OTT:5;VAN-KAM:1;VAN-KAM:2;VAN-KAM:3;VAN-KAM:4,2421,0.0,0.39867440005764365
gurobi,width_grid,log8,midrange,20,coordinated,log8,optimal,43.23744134386702,7,18,CAL-EDM:1;CAL-EDM:2;CAL-EDM:3;KAM-KEL:1;KAM-KEL:2;Kamloops;OTT-MON:1;OTT-MON:2;Ottawa;TOR-OTT:1;TOR-OTT:2;TOR-OTT:3;TOR-OTT:4;TOR-OTT:5;VAN-KAM:1;VAN-KAM:2;VAN-KAM:3;VAN-KAM:4,2421,0.0,1.681423099944368
gurobi,width_grid,log8,midrange,20,ext,log8,optimal,18.408041920133634,3,7,CAL-EDM:1;CAL-EDM:2;CAL-EDM:3;KAM-KEL:1;KAM-KEL:2;OTT-MON:1;OTT-MON:2,2421,0.0,23.83951610000804
gurobi,width_grid,log8,midrange,10,paper,log8,optimal,34.677475567163995,5,10,CAL-EDM:2;KAM-KEL:1;KAM-KEL:2;Kamloops;OTT-MON:1;OTT-MON:2;VAN-KAM:1;VAN-KAM:2;VAN-KAM:3;VAN-KAM:4,2421,0.0,0.34346759994514287
gurobi,width_grid,log8,midrange,10,coordinated,log8,optimal,29.933101339940322,5,10,CAL-EDM:2;KAM-KEL:1;KAM-KEL:2;Kamloops;OTT-MON:1;OTT-MON:2;VAN-KAM:1;VAN-KAM:2;VAN-KAM:3;VAN-KAM:4,2421,0.0,1.6241858000867069
gurobi,width_grid,log8,midrange,10,ext,log8,optimal,18.408041920133634,3,7,CAL-EDM:1;CAL-EDM:2;CAL-EDM:3;KAM-KEL:1;KAM-KEL:2;OTT-MON:1;OTT-MON:2,2421,0.0,20.542030200129375
gurobi,width_grid,log8,projected,1000000,paper,log8,optimal,200.86032806688252,18,47,CAL-EDM:1;CAL-EDM:2;CAL-EDM:3;CAL-SAS:1;CAL-SAS:2;CAL-SAS:3;CAL-SAS:4;CAL-SAS:5;CAL-SAS:6;CAL-SAS:7;Calgary;EDM-SAS:1;EDM-SAS:2;EDM-SAS:3;EDM-SAS:4;EDM-SAS:5;EDM-SAS:6;Edmonton;KAM-CAL:1;KAM-CAL:2;KAM-CAL:3;KAM-CAL:4;KAM-CAL:5;KAM-CAL:6;KAM-CAL:7;KAM-KEL:1;KAM-KEL:2;KEL-CAL:1;KEL-CAL:2;KEL-CAL:3;KEL-CAL:4;KEL-CAL:5;KEL-CAL:6;KEL-CAL:7;Kamloops;OTT-MON:1;OTT-MON:2;Ottawa;TOR-OTT:1;TOR-OTT:2;TOR-OTT:3;TOR-OTT:4;TOR-OTT:5;VAN-KAM:1;VAN-KAM:2;VAN-KAM:3;VAN-KAM:4,4454,0.0,0.6764990999363363
gurobi,width_grid,log8,projected,1000000,coordinated,log8,optimal,177.28906658881525,18,47,CAL-EDM:1;CAL-EDM:2;CAL-EDM:3;CAL-SAS:1;CAL-SAS:2;CAL-SAS:3;CAL-SAS:4;CAL-SAS:5;CAL-SAS:6;CAL-SAS:7;Calgary;EDM-SAS:1;EDM-SAS:2;EDM-SAS:3;EDM-SAS:4;EDM-SAS:5;EDM-SAS:6;Edmonton;KAM-CAL:1;KAM-CAL:2;KAM-CAL:3;KAM-CAL:4;KAM-CAL:5;KAM-CAL:6;KAM-CAL:7;KAM-KEL:1;KAM-KEL:2;KEL-CAL:1;KEL-CAL:2;KEL-CAL:3;KEL-CAL:4;KEL-CAL:5;KEL-CAL:6;KEL-CAL:7;Kamloops;OTT-MON:1;OTT-MON:2;Ottawa;TOR-OTT:1;TOR-OTT:2;TOR-OTT:3;TOR-OTT:4;TOR-OTT:5;VAN-KAM:1;VAN-KAM:2;VAN-KAM:3;VAN-KAM:4,4454,0.0,2.8140551999676973
gurobi,width_grid,log8,projected,1000000,ext,log8,optimal,32.64934820149412,3,7,CAL-EDM:1;CAL-EDM:2;CAL-EDM:3;KAM-KEL:1;KAM-KEL:2;OTT-MON:1;OTT-MON:2,4454,0.0,30.80862700007856
gurobi,width_grid,log8,projected,20,paper,log8,optimal,132.17479022786688,11,20,CAL-EDM:1;CAL-EDM:2;CAL-EDM:3;Calgary;KAM-CAL:1;KAM-CAL:2;KAM-CAL:3;KAM-CAL:4;KAM-CAL:5;KAM-CAL:6;KAM-CAL:7;KAM-KEL:1;KAM-KEL:2;Kamloops;OTT-MON:1;OTT-MON:2;VAN-KAM:1;VAN-KAM:2;VAN-KAM:3;VAN-KAM:4,4454,0.0,4.063457699958235
gurobi,width_grid,log8,projected,20,coordinated,log8,optimal,117.54235475541655,11,20,CAL-EDM:1;CAL-EDM:2;CAL-EDM:3;Calgary;KAM-CAL:1;KAM-CAL:2;KAM-CAL:3;KAM-CAL:4;KAM-CAL:5;KAM-CAL:6;KAM-CAL:7;KAM-KEL:1;KAM-KEL:2;Kamloops;OTT-MON:1;OTT-MON:2;VAN-KAM:1;VAN-KAM:2;VAN-KAM:3;VAN-KAM:4,4454,0.0,7.897201200015843
gurobi,width_grid,log8,projected,20,ext,log8,optimal,32.64934820149412,3,7,CAL-EDM:1;CAL-EDM:2;CAL-EDM:3;KAM-KEL:1;KAM-KEL:2;OTT-MON:1;OTT-MON:2,4454,0.0,43.223530099960044
gurobi,width_grid,log8,projected,10,paper,log8,optimal,60.94292594795495,5,10,CAL-EDM:2;KAM-KEL:1;KAM-KEL:2;Kamloops;OTT-MON:1;OTT-MON:2;VAN-KAM:1;VAN-KAM:2;VAN-KAM:3;VAN-KAM:4,4454,0.0,1.8813847000710666
gurobi,width_grid,log8,projected,10,coordinated,log8,optimal,56.198551720731274,5,10,CAL-EDM:2;KAM-KEL:1;KAM-KEL:2;Kamloops;OTT-MON:1;OTT-MON:2;VAN-KAM:1;VAN-KAM:2;VAN-KAM:3;VAN-KAM:4,4454,0.0,7.305052200099453
gurobi,width_grid,log8,projected,10,ext,log8,optimal,32.64934820149412,3,7,CAL-EDM:1;CAL-EDM:2;CAL-EDM:3;KAM-KEL:1;KAM-KEL:2;OTT-MON:1;OTT-MON:2,4454,0.0,13.362977199954912
gurobi,width_grid,log16,midrange,1000000,paper,log16,optimal,73.24043780203259,13,54,CAL-EDM:1;CAL-EDM:2;CAL-EDM:3;CAL-SAS:1;CAL-SAS:2;CAL-SAS:3;CAL-SAS:4;CAL-SAS:5;CAL-SAS:6;CAL-SAS:7;Calgary;EDM-SAS:1;EDM-SAS:2;EDM-SAS:3;EDM-SAS:4;EDM-SAS:5;EDM-SAS:6;KAM-CAL:1;KAM-CAL:2;KAM-CAL:3;KAM-CAL:4;KAM-CAL:5;KAM-CAL:6;KAM-CAL:7;KAM-KEL:1;KAM-KEL:2;KEL-CAL:1;KEL-CAL:2;KEL-CAL:3;KEL-CAL:4;KEL-CAL:5;KEL-CAL:6;KEL-CAL:7;OTT-MON:1;OTT-MON:2;TOR-MON:1;TOR-MON:2;TOR-MON:3;TOR-MON:4;TOR-MON:5;TOR-MON:6;TOR-OTT:1;TOR-OTT:2;TOR-OTT:3;TOR-OTT:4;TOR-OTT:5;VAN-KAM:1;VAN-KAM:2;VAN-KAM:3;VAN-KAM:4;VAN-KEL:1;VAN-KEL:2;VAN-KEL:3;VAN-KEL:4,4191,0.0,0.6027943000663072
gurobi,width_grid,log16,midrange,1000000,coordinated,log16,optimal,58.59349689358958,11,53,CAL-EDM:1;CAL-EDM:2;CAL-EDM:3;CAL-SAS:1;CAL-SAS:2;CAL-SAS:3;CAL-SAS:4;CAL-SAS:5;CAL-SAS:6;CAL-SAS:7;EDM-SAS:1;EDM-SAS:2;EDM-SAS:3;EDM-SAS:4;EDM-SAS:5;EDM-SAS:6;KAM-CAL:1;KAM-CAL:2;KAM-CAL:3;KAM-CAL:4;KAM-CAL:5;KAM-CAL:6;KAM-CAL:7;KAM-KEL:1;KAM-KEL:2;KEL-CAL:1;KEL-CAL:2;KEL-CAL:3;KEL-CAL:4;KEL-CAL:5;KEL-CAL:6;KEL-CAL:7;OTT-MON:1;OTT-MON:2;TOR-MON:1;TOR-MON:2;TOR-MON:3;TOR-MON:4;TOR-MON:5;TOR-MON:6;TOR-OTT:1;TOR-OTT:2;TOR-OTT:3;TOR-OTT:4;TOR-OTT:5;VAN-KAM:1;VAN-KAM:2;VAN-KAM:3;VAN-KAM:4;VAN-KEL:1;VAN-KEL:2;VAN-KEL:3;VAN-KEL:4,4191,0.0,3.6621304999571294
gurobi,width_grid,log16,midrange,1000000,ext,log16,optimal,18.408041920133634,3,7,CAL-EDM:1;CAL-EDM:2;CAL-EDM:3;KAM-KEL:1;KAM-KEL:2;OTT-MON:1;OTT-MON:2,4191,0.0,9.769604199798778
gurobi,width_grid,log16,midrange,20,paper,log16,optimal,53.444601966667435,7,18,CAL-EDM:1;CAL-EDM:2;CAL-EDM:3;KAM-KEL:1;KAM-KEL:2;Kamloops;OTT-MON:1;OTT-MON:2;Ottawa;TOR-OTT:1;TOR-OTT:2;TOR-OTT:3;TOR-OTT:4;TOR-OTT:5;VAN-KAM:1;VAN-KAM:2;VAN-KAM:3;VAN-KAM:4,4191,0.0,2.652425699867308
gurobi,width_grid,log16,midrange,20,coordinated,log16,optimal,45.614499282807344,7,18,CAL-EDM:1;CAL-EDM:2;CAL-EDM:3;KAM-KEL:1;KAM-KEL:2;Kamloops;OTT-MON:1;OTT-MON:2;Ottawa;TOR-OTT:1;TOR-OTT:2;TOR-OTT:3;TOR-OTT:4;TOR-OTT:5;VAN-KAM:1;VAN-KAM:2;VAN-KAM:3;VAN-KAM:4,4191,0.0,4.66245980001986
gurobi,width_grid,log16,midrange,20,ext,log16,optimal,18.408041920133634,3,7,CAL-EDM:1;CAL-EDM:2;CAL-EDM:3;KAM-KEL:1;KAM-KEL:2;OTT-MON:1;OTT-MON:2,4191,0.0,10.278588199988008
gurobi,width_grid,log16,midrange,10,paper,log16,optimal,35.86600453663416,5,10,CAL-EDM:2;KAM-KEL:1;KAM-KEL:2;Kamloops;OTT-MON:1;OTT-MON:2;VAN-KAM:1;VAN-KAM:2;VAN-KAM:3;VAN-KAM:4,4191,0.0,1.115464299917221
gurobi,width_grid,log16,midrange,10,coordinated,log16,optimal,31.121630309410477,5,10,CAL-EDM:2;KAM-KEL:1;KAM-KEL:2;Kamloops;OTT-MON:1;OTT-MON:2;VAN-KAM:1;VAN-KAM:2;VAN-KAM:3;VAN-KAM:4,4191,0.0,2.5545371000189334
gurobi,width_grid,log16,midrange,10,ext,log16,optimal,18.408041920133634,3,7,CAL-EDM:1;CAL-EDM:2;CAL-EDM:3;KAM-KEL:1;KAM-KEL:2;OTT-MON:1;OTT-MON:2,4191,0.0,11.79679169994779
gurobi,width_grid,log16,projected,1000000,paper,log16,optimal,203.00793066399532,18,47,CAL-EDM:1;CAL-EDM:2;CAL-EDM:3;CAL-SAS:1;CAL-SAS:2;CAL-SAS:3;CAL-SAS:4;CAL-SAS:5;CAL-SAS:6;CAL-SAS:7;Calgary;EDM-SAS:1;EDM-SAS:2;EDM-SAS:3;EDM-SAS:4;EDM-SAS:5;EDM-SAS:6;Edmonton;KAM-CAL:1;KAM-CAL:2;KAM-CAL:3;KAM-CAL:4;KAM-CAL:5;KAM-CAL:6;KAM-CAL:7;KAM-KEL:1;KAM-KEL:2;KEL-CAL:1;KEL-CAL:2;KEL-CAL:3;KEL-CAL:4;KEL-CAL:5;KEL-CAL:6;KEL-CAL:7;Kamloops;OTT-MON:1;OTT-MON:2;Ottawa;TOR-OTT:1;TOR-OTT:2;TOR-OTT:3;TOR-OTT:4;TOR-OTT:5;VAN-KAM:1;VAN-KAM:2;VAN-KAM:3;VAN-KAM:4,7748,0.0,2.4724242999218404
gurobi,width_grid,log16,projected,1000000,coordinated,log16,optimal,179.6628584514249,18,47,CAL-EDM:1;CAL-EDM:2;CAL-EDM:3;CAL-SAS:1;CAL-SAS:2;CAL-SAS:3;CAL-SAS:4;CAL-SAS:5;CAL-SAS:6;CAL-SAS:7;Calgary;EDM-SAS:1;EDM-SAS:2;EDM-SAS:3;EDM-SAS:4;EDM-SAS:5;EDM-SAS:6;Edmonton;KAM-CAL:1;KAM-CAL:2;KAM-CAL:3;KAM-CAL:4;KAM-CAL:5;KAM-CAL:6;KAM-CAL:7;KAM-KEL:1;KAM-KEL:2;KEL-CAL:1;KEL-CAL:2;KEL-CAL:3;KEL-CAL:4;KEL-CAL:5;KEL-CAL:6;KEL-CAL:7;Kamloops;OTT-MON:1;OTT-MON:2;Ottawa;TOR-OTT:1;TOR-OTT:2;TOR-OTT:3;TOR-OTT:4;TOR-OTT:5;VAN-KAM:1;VAN-KAM:2;VAN-KAM:3;VAN-KAM:4,7748,0.0,5.354264700086787
gurobi,width_grid,log16,projected,1000000,ext,log16,optimal,32.64934820149413,3,7,CAL-EDM:1;CAL-EDM:2;CAL-EDM:3;KAM-KEL:1;KAM-KEL:2;OTT-MON:1;OTT-MON:2,7748,0.0,37.38037950010039
gurobi,width_grid,log16,projected,20,paper,log16,optimal,133.44154114558793,11,20,CAL-EDM:1;CAL-EDM:2;CAL-EDM:3;Calgary;KAM-CAL:1;KAM-CAL:2;KAM-CAL:3;KAM-CAL:4;KAM-CAL:5;KAM-CAL:6;KAM-CAL:7;KAM-KEL:1;KAM-KEL:2;Kamloops;OTT-MON:1;OTT-MON:2;VAN-KAM:1;VAN-KAM:2;VAN-KAM:3;VAN-KAM:4,7748,0.0,8.279360000044107
gurobi,width_grid,log16,projected,20,coordinated,log16,optimal,118.80910425734291,11,20,CAL-EDM:1;CAL-EDM:2;CAL-EDM:3;Calgary;KAM-CAL:1;KAM-CAL:2;KAM-CAL:3;KAM-CAL:4;KAM-CAL:5;KAM-CAL:6;KAM-CAL:7;KAM-KEL:1;KAM-KEL:2;Kamloops;OTT-MON:1;OTT-MON:2;VAN-KAM:1;VAN-KAM:2;VAN-KAM:3;VAN-KAM:4,7748,0.0,26.82055629999377
gurobi,width_grid,log16,projected,20,ext,log16,optimal,32.64934820149413,3,7,CAL-EDM:1;CAL-EDM:2;CAL-EDM:3;KAM-KEL:1;KAM-KEL:2;OTT-MON:1;OTT-MON:2,7748,0.0,68.99784209998325
gurobi,width_grid,log16,projected,10,paper,log16,optimal,62.13145491742512,5,10,CAL-EDM:2;KAM-KEL:1;KAM-KEL:2;Kamloops;OTT-MON:1;OTT-MON:2;VAN-KAM:1;VAN-KAM:2;VAN-KAM:3;VAN-KAM:4,7748,0.0,3.1354548998642713
gurobi,width_grid,log16,projected,10,coordinated,log16,optimal,57.387080690201444,5,10,CAL-EDM:2;KAM-KEL:1;KAM-KEL:2;Kamloops;OTT-MON:1;OTT-MON:2;VAN-KAM:1;VAN-KAM:2;VAN-KAM:3;VAN-KAM:4,7748,0.0,15.182590899989009
gurobi,width_grid,log16,projected,10,ext,log16,optimal,32.64934820149413,3,7,CAL-EDM:1;CAL-EDM:2;CAL-EDM:3;KAM-KEL:1;KAM-KEL:2;OTT-MON:1;OTT-MON:2,7748,0.0,24.662434299942106
gurobi,width_grid,log32,midrange,1000000,paper,log32,optimal,73.43377233383654,12,54,CAL-EDM:1;CAL-EDM:2;CAL-EDM:3;CAL-SAS:1;CAL-SAS:2;CAL-SAS:3;CAL-SAS:4;CAL-SAS:5;CAL-SAS:6;CAL-SAS:7;Calgary;EDM-SAS:1;EDM-SAS:2;EDM-SAS:3;EDM-SAS:4;EDM-SAS:5;EDM-SAS:6;KAM-CAL:1;KAM-CAL:2;KAM-CAL:3;KAM-CAL:4;KAM-CAL:5;KAM-CAL:6;KAM-CAL:7;KAM-KEL:1;KAM-KEL:2;KEL-CAL:1;KEL-CAL:2;KEL-CAL:3;KEL-CAL:4;KEL-CAL:5;KEL-CAL:6;KEL-CAL:7;OTT-MON:1;OTT-MON:2;TOR-MON:1;TOR-MON:2;TOR-MON:3;TOR-MON:4;TOR-MON:5;TOR-MON:6;TOR-OTT:1;TOR-OTT:2;TOR-OTT:3;TOR-OTT:4;TOR-OTT:5;VAN-KAM:1;VAN-KAM:2;VAN-KAM:3;VAN-KAM:4;VAN-KEL:1;VAN-KEL:2;VAN-KEL:3;VAN-KEL:4,7436,0.0,1.644631200004369
gurobi,width_grid,log32,midrange,1000000,coordinated,log32,optimal,59.50211724950091,11,53,CAL-EDM:1;CAL-EDM:2;CAL-EDM:3;CAL-SAS:1;CAL-SAS:2;CAL-SAS:3;CAL-SAS:4;CAL-SAS:5;CAL-SAS:6;CAL-SAS:7;EDM-SAS:1;EDM-SAS:2;EDM-SAS:3;EDM-SAS:4;EDM-SAS:5;EDM-SAS:6;KAM-CAL:1;KAM-CAL:2;KAM-CAL:3;KAM-CAL:4;KAM-CAL:5;KAM-CAL:6;KAM-CAL:7;KAM-KEL:1;KAM-KEL:2;KEL-CAL:1;KEL-CAL:2;KEL-CAL:3;KEL-CAL:4;KEL-CAL:5;KEL-CAL:6;KEL-CAL:7;OTT-MON:1;OTT-MON:2;TOR-MON:1;TOR-MON:2;TOR-MON:3;TOR-MON:4;TOR-MON:5;TOR-MON:6;TOR-OTT:1;TOR-OTT:2;TOR-OTT:3;TOR-OTT:4;TOR-OTT:5;VAN-KAM:1;VAN-KAM:2;VAN-KAM:3;VAN-KAM:4;VAN-KEL:1;VAN-KEL:2;VAN-KEL:3;VAN-KEL:4,7436,0.0,6.905130000086501
gurobi,width_grid,log32,midrange,1000000,ext,log32,optimal,18.408041920133634,3,7,CAL-EDM:1;CAL-EDM:2;CAL-EDM:3;KAM-KEL:1;KAM-KEL:2;OTT-MON:1;OTT-MON:2,7436,0.0,26.274340299889445
gurobi,width_grid,log32,midrange,20,paper,log32,optimal,54.156889587117995,7,18,CAL-EDM:1;CAL-EDM:2;CAL-EDM:3;KAM-KEL:1;KAM-KEL:2;Kamloops;OTT-MON:1;OTT-MON:2;Ottawa;TOR-OTT:1;TOR-OTT:2;TOR-OTT:3;TOR-OTT:4;TOR-OTT:5;VAN-KAM:1;VAN-KAM:2;VAN-KAM:3;VAN-KAM:4,7436,0.0,4.069776999996975
gurobi,width_grid,log32,midrange,20,coordinated,log32,optimal,46.3267869032579,7,18,CAL-EDM:1;CAL-EDM:2;CAL-EDM:3;KAM-KEL:1;KAM-KEL:2;Kamloops;OTT-MON:1;OTT-MON:2;Ottawa;TOR-OTT:1;TOR-OTT:2;TOR-OTT:3;TOR-OTT:4;TOR-OTT:5;VAN-KAM:1;VAN-KAM:2;VAN-KAM:3;VAN-KAM:4,7436,0.0,12.572391900001094
gurobi,width_grid,log32,midrange,20,ext,log32,optimal,18.408041920133634,3,7,CAL-EDM:1;CAL-EDM:2;CAL-EDM:3;KAM-KEL:1;KAM-KEL:2;OTT-MON:1;OTT-MON:2,7436,0.0,25.094883400015533
gurobi,width_grid,log32,midrange,10,paper,log32,optimal,36.222148346859434,5,10,CAL-EDM:2;KAM-KEL:1;KAM-KEL:2;Kamloops;OTT-MON:1;OTT-MON:2;VAN-KAM:1;VAN-KAM:2;VAN-KAM:3;VAN-KAM:4,7436,0.0,2.7155064998660237
gurobi,width_grid,log32,midrange,10,coordinated,log32,optimal,31.477774119635757,5,10,CAL-EDM:2;KAM-KEL:1;KAM-KEL:2;Kamloops;OTT-MON:1;OTT-MON:2;VAN-KAM:1;VAN-KAM:2;VAN-KAM:3;VAN-KAM:4,7436,0.0,12.83640979998745
gurobi,width_grid,log32,midrange,10,ext,log32,optimal,18.408041920133634,3,7,CAL-EDM:1;CAL-EDM:2;CAL-EDM:3;KAM-KEL:1;KAM-KEL:2;OTT-MON:1;OTT-MON:2,7436,0.0,14.838659400120378
gurobi,width_grid,log32,projected,1000000,paper,log32,optimal,203.78295580466408,18,47,CAL-EDM:1;CAL-EDM:2;CAL-EDM:3;CAL-SAS:1;CAL-SAS:2;CAL-SAS:3;CAL-SAS:4;CAL-SAS:5;CAL-SAS:6;CAL-SAS:7;Calgary;EDM-SAS:1;EDM-SAS:2;EDM-SAS:3;EDM-SAS:4;EDM-SAS:5;EDM-SAS:6;Edmonton;KAM-CAL:1;KAM-CAL:2;KAM-CAL:3;KAM-CAL:4;KAM-CAL:5;KAM-CAL:6;KAM-CAL:7;KAM-KEL:1;KAM-KEL:2;KEL-CAL:1;KEL-CAL:2;KEL-CAL:3;KEL-CAL:4;KEL-CAL:5;KEL-CAL:6;KEL-CAL:7;Kamloops;OTT-MON:1;OTT-MON:2;Ottawa;TOR-OTT:1;TOR-OTT:2;TOR-OTT:3;TOR-OTT:4;TOR-OTT:5;VAN-KAM:1;VAN-KAM:2;VAN-KAM:3;VAN-KAM:4,13787,0.0,6.2243069999385625
gurobi,width_grid,log32,projected,1000000,coordinated,log32,optimal,180.3618226149473,18,47,CAL-EDM:1;CAL-EDM:2;CAL-EDM:3;CAL-SAS:1;CAL-SAS:2;CAL-SAS:3;CAL-SAS:4;CAL-SAS:5;CAL-SAS:6;CAL-SAS:7;Calgary;EDM-SAS:1;EDM-SAS:2;EDM-SAS:3;EDM-SAS:4;EDM-SAS:5;EDM-SAS:6;Edmonton;KAM-CAL:1;KAM-CAL:2;KAM-CAL:3;KAM-CAL:4;KAM-CAL:5;KAM-CAL:6;KAM-CAL:7;KAM-KEL:1;KAM-KEL:2;KEL-CAL:1;KEL-CAL:2;KEL-CAL:3;KEL-CAL:4;KEL-CAL:5;KEL-CAL:6;KEL-CAL:7;Kamloops;OTT-MON:1;OTT-MON:2;Ottawa;TOR-OTT:1;TOR-OTT:2;TOR-OTT:3;TOR-OTT:4;TOR-OTT:5;VAN-KAM:1;VAN-KAM:2;VAN-KAM:3;VAN-KAM:4,13787,0.0,20.322083100210875
gurobi,width_grid,log32,projected,1000000,ext,log32,optimal,32.64934820149413,3,7,CAL-EDM:1;CAL-EDM:2;CAL-EDM:3;KAM-KEL:1;KAM-KEL:2;OTT-MON:1;OTT-MON:2,13787,0.0,61.39348239987157
gurobi,width_grid,log32,projected,20,paper,log32,optimal,134.1642883201236,11,20,CAL-EDM:1;CAL-EDM:2;CAL-EDM:3;Calgary;KAM-CAL:1;KAM-CAL:2;KAM-CAL:3;KAM-CAL:4;KAM-CAL:5;KAM-CAL:6;KAM-CAL:7;KAM-KEL:1;KAM-KEL:2;Kamloops;OTT-MON:1;OTT-MON:2;VAN-KAM:1;VAN-KAM:2;VAN-KAM:3;VAN-KAM:4,13787,6.344103024400555e-07,27.73860409995541
gurobi,width_grid,log32,projected,20,coordinated,log32,optimal,119.53185143187856,11,20,CAL-EDM:1;CAL-EDM:2;CAL-EDM:3;Calgary;KAM-CAL:1;KAM-CAL:2;KAM-CAL:3;KAM-CAL:4;KAM-CAL:5;KAM-CAL:6;KAM-CAL:7;KAM-KEL:1;KAM-KEL:2;Kamloops;OTT-MON:1;OTT-MON:2;VAN-KAM:1;VAN-KAM:2;VAN-KAM:3;VAN-KAM:4,13787,0.0,55.66347849997692
gurobi,width_grid,log32,projected,20,ext,log32,optimal,32.64934820149413,3,7,CAL-EDM:1;CAL-EDM:2;CAL-EDM:3;KAM-KEL:1;KAM-KEL:2;OTT-MON:1;OTT-MON:2,13787,0.0,39.9596936001908
gurobi,width_grid,log32,projected,10,paper,log32,optimal,62.48759872765039,5,10,CAL-EDM:2;KAM-KEL:1;KAM-KEL:2;Kamloops;OTT-MON:1;OTT-MON:2;VAN-KAM:1;VAN-KAM:2;VAN-KAM:3;VAN-KAM:4,13787,0.0,12.818835600046441
gurobi,width_grid,log32,projected,10,coordinated,log32,optimal,57.74322450042672,5,10,CAL-EDM:2;KAM-KEL:1;KAM-KEL:2;Kamloops;OTT-MON:1;OTT-MON:2;VAN-KAM:1;VAN-KAM:2;VAN-KAM:3;VAN-KAM:4,13787,0.0,21.85966910002753
gurobi,width_grid,log32,projected,10,ext,log32,optimal,32.64934820149413,3,7,CAL-EDM:1;CAL-EDM:2;CAL-EDM:3;KAM-KEL:1;KAM-KEL:2;OTT-MON:1;OTT-MON:2,13787,0.0,51.366651699878275
gurobi,width_grid,all,midrange,1000000,paper,all,optimal,73.86710477419356,13,54,CAL-EDM:1;CAL-EDM:2;CAL-EDM:3;CAL-SAS:1;CAL-SAS:2;CAL-SAS:3;CAL-SAS:4;CAL-SAS:5;CAL-SAS:6;CAL-SAS:7;Calgary;EDM-SAS:1;EDM-SAS:2;EDM-SAS:3;EDM-SAS:4;EDM-SAS:5;EDM-SAS:6;KAM-CAL:1;KAM-CAL:2;KAM-CAL:3;KAM-CAL:4;KAM-CAL:5;KAM-CAL:6;KAM-CAL:7;KAM-KEL:1;KAM-KEL:2;KEL-CAL:1;KEL-CAL:2;KEL-CAL:3;KEL-CAL:4;KEL-CAL:5;KEL-CAL:6;KEL-CAL:7;OTT-MON:1;OTT-MON:2;TOR-MON:1;TOR-MON:2;TOR-MON:3;TOR-MON:4;TOR-MON:5;TOR-MON:6;TOR-OTT:1;TOR-OTT:2;TOR-OTT:3;TOR-OTT:4;TOR-OTT:5;VAN-KAM:1;VAN-KAM:2;VAN-KAM:3;VAN-KAM:4;VAN-KEL:1;VAN-KEL:2;VAN-KEL:3;VAN-KEL:4,29561,0.0,7.288724800106138
gurobi,width_grid,all,midrange,1000000,coordinated,all,optimal,59.94291072305819,11,53,CAL-EDM:1;CAL-EDM:2;CAL-EDM:3;CAL-SAS:1;CAL-SAS:2;CAL-SAS:3;CAL-SAS:4;CAL-SAS:5;CAL-SAS:6;CAL-SAS:7;EDM-SAS:1;EDM-SAS:2;EDM-SAS:3;EDM-SAS:4;EDM-SAS:5;EDM-SAS:6;KAM-CAL:1;KAM-CAL:2;KAM-CAL:3;KAM-CAL:4;KAM-CAL:5;KAM-CAL:6;KAM-CAL:7;KAM-KEL:1;KAM-KEL:2;KEL-CAL:1;KEL-CAL:2;KEL-CAL:3;KEL-CAL:4;KEL-CAL:5;KEL-CAL:6;KEL-CAL:7;OTT-MON:1;OTT-MON:2;TOR-MON:1;TOR-MON:2;TOR-MON:3;TOR-MON:4;TOR-MON:5;TOR-MON:6;TOR-OTT:1;TOR-OTT:2;TOR-OTT:3;TOR-OTT:4;TOR-OTT:5;VAN-KAM:1;VAN-KAM:2;VAN-KAM:3;VAN-KAM:4;VAN-KEL:1;VAN-KEL:2;VAN-KEL:3;VAN-KEL:4,29561,0.0,29.919731199974194
gurobi,width_grid,all,midrange,1000000,ext,all,optimal,18.408041920133634,3,7,CAL-EDM:1;CAL-EDM:2;CAL-EDM:3;KAM-KEL:1;KAM-KEL:2;OTT-MON:1;OTT-MON:2,29561,0.0,50.646104000043124
gurobi,width_grid,all,midrange,20,paper,all,optimal,54.5102517214394,7,18,CAL-EDM:1;CAL-EDM:2;CAL-EDM:3;KAM-KEL:1;KAM-KEL:2;Kamloops;OTT-MON:1;OTT-MON:2;Ottawa;TOR-OTT:1;TOR-OTT:2;TOR-OTT:3;TOR-OTT:4;TOR-OTT:5;VAN-KAM:1;VAN-KAM:2;VAN-KAM:3;VAN-KAM:4,29561,0.0,13.808936400106177
gurobi,width_grid,all,midrange,20,coordinated,all,optimal,46.680149037579305,7,18,CAL-EDM:1;CAL-EDM:2;CAL-EDM:3;KAM-KEL:1;KAM-KEL:2;Kamloops;OTT-MON:1;OTT-MON:2;Ottawa;TOR-OTT:1;TOR-OTT:2;TOR-OTT:3;TOR-OTT:4;TOR-OTT:5;VAN-KAM:1;VAN-KAM:2;VAN-KAM:3;VAN-KAM:4,29561,0.0,23.705473999958485
gurobi,width_grid,all,midrange,20,ext,all,optimal,18.408041920133634,3,7,CAL-EDM:1;CAL-EDM:2;CAL-EDM:3;KAM-KEL:1;KAM-KEL:2;OTT-MON:1;OTT-MON:2,29561,0.0,66.22883789986372
gurobi,width_grid,all,midrange,10,paper,all,optimal,36.39882941402014,5,10,CAL-EDM:2;KAM-KEL:1;KAM-KEL:2;Kamloops;OTT-MON:1;OTT-MON:2;VAN-KAM:1;VAN-KAM:2;VAN-KAM:3;VAN-KAM:4,29561,0.0,9.120068500051275
gurobi,width_grid,all,midrange,10,coordinated,all,optimal,31.65445518679646,5,10,CAL-EDM:2;KAM-KEL:1;KAM-KEL:2;Kamloops;OTT-MON:1;OTT-MON:2;VAN-KAM:1;VAN-KAM:2;VAN-KAM:3;VAN-KAM:4,29561,0.0,38.92384170019068
gurobi,width_grid,all,midrange,10,ext,all,optimal,18.408041920133634,3,7,CAL-EDM:1;CAL-EDM:2;CAL-EDM:3;KAM-KEL:1;KAM-KEL:2;OTT-MON:1;OTT-MON:2,29561,0.0,73.77615420008078
gurobi,width_grid,all,projected,1000000,paper,all,optimal,204.12644065270575,18,47,CAL-EDM:1;CAL-EDM:2;CAL-EDM:3;CAL-SAS:1;CAL-SAS:2;CAL-SAS:3;CAL-SAS:4;CAL-SAS:5;CAL-SAS:6;CAL-SAS:7;Calgary;EDM-SAS:1;EDM-SAS:2;EDM-SAS:3;EDM-SAS:4;EDM-SAS:5;EDM-SAS:6;Edmonton;KAM-CAL:1;KAM-CAL:2;KAM-CAL:3;KAM-CAL:4;KAM-CAL:5;KAM-CAL:6;KAM-CAL:7;KAM-KEL:1;KAM-KEL:2;KEL-CAL:1;KEL-CAL:2;KEL-CAL:3;KEL-CAL:4;KEL-CAL:5;KEL-CAL:6;KEL-CAL:7;Kamloops;OTT-MON:1;OTT-MON:2;Ottawa;TOR-OTT:1;TOR-OTT:2;TOR-OTT:3;TOR-OTT:4;TOR-OTT:5;VAN-KAM:1;VAN-KAM:2;VAN-KAM:3;VAN-KAM:4,54962,0.0,17.754392200149596
gurobi,width_grid,all,projected,1000000,coordinated,all,optimal,180.63675211400349,18,47,CAL-EDM:1;CAL-EDM:2;CAL-EDM:3;CAL-SAS:1;CAL-SAS:2;CAL-SAS:3;CAL-SAS:4;CAL-SAS:5;CAL-SAS:6;CAL-SAS:7;Calgary;EDM-SAS:1;EDM-SAS:2;EDM-SAS:3;EDM-SAS:4;EDM-SAS:5;EDM-SAS:6;Edmonton;KAM-CAL:1;KAM-CAL:2;KAM-CAL:3;KAM-CAL:4;KAM-CAL:5;KAM-CAL:6;KAM-CAL:7;KAM-KEL:1;KAM-KEL:2;KEL-CAL:1;KEL-CAL:2;KEL-CAL:3;KEL-CAL:4;KEL-CAL:5;KEL-CAL:6;KEL-CAL:7;Kamloops;OTT-MON:1;OTT-MON:2;Ottawa;TOR-OTT:1;TOR-OTT:2;TOR-OTT:3;TOR-OTT:4;TOR-OTT:5;VAN-KAM:1;VAN-KAM:2;VAN-KAM:3;VAN-KAM:4,54962,0.0,63.4608719998505
gurobi,width_grid,all,projected,1000000,ext,all,optimal,32.741185880035665,4,11,CAL-EDM:1;CAL-EDM:2;CAL-EDM:3;KAM-KEL:1;KAM-KEL:2;OTT-MON:1;OTT-MON:2;VAN-KAM:1;VAN-KAM:2;VAN-KAM:3;VAN-KAM:4,54962,0.0,160.0767957000062
gurobi,width_grid,all,projected,20,paper,all,optimal,134.53353674150486,11,20,CAL-EDM:1;CAL-EDM:2;CAL-EDM:3;Calgary;KAM-CAL:1;KAM-CAL:2;KAM-CAL:3;KAM-CAL:4;KAM-CAL:5;KAM-CAL:6;KAM-CAL:7;KAM-KEL:1;KAM-KEL:2;Kamloops;OTT-MON:1;OTT-MON:2;VAN-KAM:1;VAN-KAM:2;VAN-KAM:3;VAN-KAM:4,54962,0.0,271.4799049999565
gurobi,width_grid,all,projected,20,coordinated,all,optimal,119.90109985325984,11,20,CAL-EDM:1;CAL-EDM:2;CAL-EDM:3;Calgary;KAM-CAL:1;KAM-CAL:2;KAM-CAL:3;KAM-CAL:4;KAM-CAL:5;KAM-CAL:6;KAM-CAL:7;KAM-KEL:1;KAM-KEL:2;Kamloops;OTT-MON:1;OTT-MON:2;VAN-KAM:1;VAN-KAM:2;VAN-KAM:3;VAN-KAM:4,54962,0.0,250.71013889997266
gurobi,width_grid,all,projected,20,ext,all,optimal,32.741185880035665,4,11,CAL-EDM:1;CAL-EDM:2;CAL-EDM:3;KAM-KEL:1;KAM-KEL:2;OTT-MON:1;OTT-MON:2;VAN-KAM:1;VAN-KAM:2;VAN-KAM:3;VAN-KAM:4,54962,0.0,190.70995380007662
gurobi,width_grid,all,projected,10,paper,all,optimal,62.664279794811094,5,10,CAL-EDM:2;KAM-KEL:1;KAM-KEL:2;Kamloops;OTT-MON:1;OTT-MON:2;VAN-KAM:1;VAN-KAM:2;VAN-KAM:3;VAN-KAM:4,54962,0.0,156.26639980007894
gurobi,width_grid,all,projected,10,coordinated,all,optimal,57.91990556758743,5,10,CAL-EDM:2;KAM-KEL:1;KAM-KEL:2;Kamloops;OTT-MON:1;OTT-MON:2;VAN-KAM:1;VAN-KAM:2;VAN-KAM:3;VAN-KAM:4,54962,0.0,178.42157089989632
gurobi,width_grid,all,projected,10,ext,all,optimal,32.64934820149412,3,7,CAL-EDM:1;CAL-EDM:2;CAL-EDM:3;KAM-KEL:1;KAM-KEL:2;OTT-MON:1;OTT-MON:2,54962,0.0,175.09663190017454
